addr,name,size,xrefs,provenance,module,method,confidence,reconstruct
0x00000008,FUN_00000008,164,1,unknown,,unknown,0,0
0x000000ac,FUN_000000ac,12,3,unknown,,unknown,0,0
0x000000b8,FUN_000000b8,12,24,unknown,,unknown,0,0
0x000000c4,FUN_000000c4,12,52,unknown,,unknown,0,0
0x000000d0,FUN_000000d0,12,534,unknown,,unknown,0,0
0x000000dc,FUN_000000dc,12,405,unknown,,unknown,0,0
0x000000e8,FUN_000000e8,12,286,unknown,,unknown,0,0
0x000000f4,FUN_000000f4,12,3,unknown,,unknown,0,0
0x00000100,FUN_00000100,12,2,unknown,,unknown,0,0
0x0000010c,FUN_0000010c,12,12,unknown,,unknown,0,0
0x00000118,FUN_00000118,12,15,unknown,,unknown,0,0
0x00000124,halt_loop,4,2,unknown,,unknown,0,0
0x0000019c,FUN_0000019c,196,1,unknown,,unknown,0,0
0x00000260,FUN_00000260,32,7,unknown,,unknown,0,0
0x00000280,FUN_00000280,380,19,unknown,,unknown,0,0
0x000003fc,FUN_000003fc,424,9,unknown,,unknown,0,0
0x000005a4,FUN_000005a4,420,55,unknown,,unknown,0,0
0x00000748,FUN_00000748,248,21,unknown,,unknown,0,0
0x00000988,FUN_00000988,436,70,unknown,,unknown,0,0
0x00000b3c,FUN_00000b3c,516,2,unknown,,unknown,0,0
0x00000d40,FUN_00000d40,532,3,unknown,,unknown,0,0
0x00000f54,FUN_00000f54,440,50,unknown,,unknown,0,0
0x00001290,FUN_00001290,440,11,unknown,,unknown,0,0
0x00001448,FUN_00001448,248,3,unknown,,unknown,0,0
0x0000174c,FUN_0000174c,436,6,unknown,,unknown,0,0
0x00001968,FUN_00001968,144,1,unknown,,unknown,0,0
0x00001a4c,FUN_00001a4c,340,2,unknown,,unknown,0,0
0x00001c94,FUN_00001c94,280,1,unknown,,unknown,0,0
0x00001dac,FUN_00001dac,36,4,unknown,,unknown,0,0
0x00001dd0,FUN_00001dd0,60,1,unknown,,unknown,0,0
0x00001e0c,FUN_00001e0c,84,2,unknown,,unknown,0,0
0x00001e60,FUN_00001e60,2280,2,unknown,,unknown,0,0
0x00002748,FUN_00002748,148,2,unknown,,unknown,0,0
0x000027dc,FUN_000027dc,392,1,unknown,,unknown,0,0
0x00002964,FUN_00002964,156,5,unknown,,unknown,0,0
0x00002a00,FUN_00002a00,1200,13,unknown,,unknown,0,0
0x00002eb0,FUN_00002eb0,132,1,unknown,,unknown,0,0
0x00002f34,FUN_00002f34,52,1,unknown,,unknown,0,0
0x00002f68,FUN_00002f68,192,3,unknown,,unknown,0,0
0x00003028,FUN_00003028,1044,4,unknown,,unknown,0,0
0x0000343c,FUN_0000343c,3260,1,red,,string-flavor,2,1
0x000040f8,FUN_000040f8,6716,2,red,app_modules/lensmon,source-path,3,1
0x00005e64,FUN_00005e64,1060,1,unknown,,unknown,0,0
0x00006288,FUN_00006288,260,2,unknown,,unknown,0,0
0x00006558,FUN_00006558,96,1,unknown,,unknown,0,0
0x000068d4,FUN_000068d4,456,2,red,app_modules/parammgr,source-path,3,1
0x00006a9c,FUN_00006a9c,416,2,red,app_modules/parammgr,source-path,3,1
0x00006d14,FUN_00006d14,1732,1,unknown,,unknown,0,0
0x00007500,FUN_00007500,372,2,unknown,,unknown,0,0
0x000092c4,FUN_000092c4,152,1,unknown,,unknown,0,0
0x0000935c,FUN_0000935c,96,1,unknown,,unknown,0,0
0x0000942c,FUN_0000942c,116,1,unknown,,unknown,0,0
0x00009518,FUN_00009518,20,180,unknown,,unknown,0,0
0x0000952c,FUN_0000952c,88,1,unknown,,unknown,0,0
0x000095ec,FUN_000095ec,32,1,unknown,,unknown,0,0
0x0000960c,FUN_0000960c,128,1,unknown,,unknown,0,0
0x0000968c,FUN_0000968c,104,2,unknown,,unknown,0,0
0x000096f4,FUN_000096f4,20,1,unknown,,unknown,0,0
0x00009708,FUN_00009708,212,3,unknown,,unknown,0,0
0x00009b78,FUN_00009b78,80,8,unknown,,unknown,0,0
0x00009bc8,FUN_00009bc8,212,1,unknown,,unknown,0,0
0x00009df8,FUN_00009df8,44,4,unknown,,unknown,0,0
0x00009e24,FUN_00009e24,192,1,unknown,,unknown,0,0
0x00009ee4,FUN_00009ee4,252,1,unknown,,unknown,0,0
0x00009fe0,FUN_00009fe0,44,1,unknown,,unknown,0,0
0x0000a018,FUN_0000a018,68,1,unknown,,unknown,0,0
0x0000a05c,FUN_0000a05c,32,107,unknown,,unknown,0,0
0x0000a07c,FUN_0000a07c,32,97,unknown,,unknown,0,0
0x0000a09c,FUN_0000a09c,32,7,unknown,,unknown,0,0
0x0000a0bc,FUN_0000a0bc,32,11,unknown,,unknown,0,0
0x0000a0dc,FUN_0000a0dc,100,4,unknown,,unknown,0,0
0x0000a140,FUN_0000a140,100,3,unknown,,unknown,0,0
0x0000a1a4,FUN_0000a1a4,100,4,unknown,,unknown,0,0
0x0000a208,FUN_0000a208,100,1,unknown,,unknown,0,0
0x0000a26c,FUN_0000a26c,100,1,unknown,,unknown,0,0
0x0000a2d0,FUN_0000a2d0,496,1,unknown,,unknown,0,0
0x0000a4c0,FUN_0000a4c0,16,1,unknown,,unknown,0,0
0x0000a4d0,FUN_0000a4d0,72,1,unknown,,unknown,0,0
0x0000a518,FUN_0000a518,12,2,unknown,,unknown,0,0
0x0000a524,FUN_0000a524,196,2,unknown,,unknown,0,0
0x0000a5e8,FUN_0000a5e8,16,1,unknown,,unknown,0,0
0x0000a5f8,FUN_0000a5f8,12,1,unknown,,unknown,0,0
0x0000a604,FUN_0000a604,16,1,unknown,,unknown,0,0
0x0000a614,FUN_0000a614,68,2,unknown,,unknown,0,0
0x0000a658,FUN_0000a658,48,11,unknown,,unknown,0,0
0x0000a6ec,FUN_0000a6ec,52,29,unknown,,unknown,0,0
0x0000a780,FUN_0000a780,88,3,unknown,,unknown,0,0
0x0000a7d8,FUN_0000a7d8,96,1,unknown,,unknown,0,0
0x0000a838,FUN_0000a838,216,4,unknown,,unknown,0,0
0x0000a910,FUN_0000a910,260,36,unknown,,unknown,0,0
0x0000aa14,FUN_0000aa14,116,16,unknown,,unknown,0,0
0x0000aa88,FUN_0000aa88,32,18,unknown,,unknown,0,0
0x0000aaa8,FUN_0000aaa8,220,3,unknown,,unknown,0,0
0x0000ab84,FUN_0000ab84,216,3,unknown,,unknown,0,0
0x0000b078,FUN_0000b078,636,3,unknown,,unknown,0,0
0x0000b7ec,FUN_0000b7ec,584,2,unknown,,unknown,0,0
0x0000ba34,FUN_0000ba34,204,4,unknown,,unknown,0,0
0x0000bb00,FUN_0000bb00,272,2,unknown,,unknown,0,0
0x0000be18,FUN_0000be18,16,6,unknown,,unknown,0,0
0x0000be28,FUN_0000be28,56,3,unknown,,unknown,0,0
0x0000be60,FUN_0000be60,1260,1,unknown,,unknown,0,0
0x0000c34c,FUN_0000c34c,200,5,unknown,,unknown,0,0
0x0000c414,FUN_0000c414,320,3,unknown,,unknown,0,0
0x0000c554,FUN_0000c554,116,2,unknown,,unknown,0,0
0x0000c5c8,FUN_0000c5c8,52,1,unknown,,unknown,0,0
0x0000c5fc,FUN_0000c5fc,16,2,unknown,,unknown,0,0
0x0000c60c,FUN_0000c60c,316,1,unknown,,unknown,0,0
0x0000c748,FUN_0000c748,52,4,unknown,,unknown,0,0
0x0000c77c,FUN_0000c77c,52,4,unknown,,unknown,0,0
0x0000c7b0,FUN_0000c7b0,372,2,unknown,,unknown,0,0
0x0000c924,FUN_0000c924,16,2,unknown,,unknown,0,0
0x0000c934,FUN_0000c934,168,3,unknown,,unknown,0,0
0x0000c9dc,FUN_0000c9dc,364,2,unknown,,unknown,0,0
0x0000ccf4,FUN_0000ccf4,148,1,unknown,,unknown,0,0
0x0000cd88,FUN_0000cd88,128,1,unknown,,unknown,0,0
0x0000ce08,FUN_0000ce08,104,1,unknown,,unknown,0,0
0x0000d064,FUN_0000d064,172,2,unknown,,unknown,0,0
0x0000d110,FUN_0000d110,68,5,unknown,,unknown,0,0
0x0000d154,FUN_0000d154,508,1,red,,string-flavor,2,1
0x0000d350,FUN_0000d350,132,13,unknown,,unknown,0,0
0x0000d3d4,FUN_0000d3d4,132,7,unknown,,unknown,0,0
0x0000d458,FUN_0000d458,72,1,unknown,,unknown,0,0
0x0000d4a0,FUN_0000d4a0,72,8,unknown,,unknown,0,0
0x0000d4e8,FUN_0000d4e8,232,6,red,,callgraph,2,1
0x0000d5d0,FUN_0000d5d0,84,1,unknown,,unknown,0,0
0x0000d624,FUN_0000d624,88,1,unknown,,unknown,0,0
0x0000d67c,FUN_0000d67c,80,1,unknown,,unknown,0,0
0x0000d73c,FUN_0000d73c,20,2,unknown,,unknown,0,0
0x0000d764,FUN_0000d764,124,1,unknown,,unknown,0,0
0x0000d7e0,FUN_0000d7e0,156,1,unknown,,unknown,0,0
0x0000d87c,FUN_0000d87c,36,2,unknown,,unknown,0,0
0x0000d8a0,timer_clock_helper,88,5,unknown,,unknown,0,0
0x0000d8f8,FUN_0000d8f8,20,1,unknown,,unknown,0,0
0x0000d90c,FUN_0000d90c,20,1,unknown,,unknown,0,0
0x0000d920,FUN_0000d920,128,30,unknown,,unknown,0,0
0x0000daac,FUN_0000daac,348,4,unknown,,unknown,0,0
0x0000dc08,FUN_0000dc08,16,9,unknown,,unknown,0,0
0x0000dc18,FUN_0000dc18,16,5,unknown,,unknown,0,0
0x0000dc28,FUN_0000dc28,136,1,unknown,,unknown,0,0
0x0000dcb0,hw_seq_init,264,2,unknown,,unknown,0,0
0x0000ddb8,FUN_0000ddb8,108,1,unknown,,unknown,0,0
0x0000df08,FUN_0000df08,272,17,unknown,,unknown,0,0
0x0000e018,FUN_0000e018,68,46,unknown,,unknown,0,0
0x0000e06c,FUN_0000e06c,184,12,unknown,,unknown,0,0
0x0000e124,FUN_0000e124,100,5,unknown,,unknown,0,0
0x0000e188,FUN_0000e188,448,1,unknown,,unknown,0,0
0x0000e4e0,FUN_0000e4e0,72,360,unknown,,unknown,0,0
0x0000e528,FUN_0000e528,20,1,unknown,,unknown,0,0
0x0000e630,FUN_0000e630,160,2,unknown,,unknown,0,0
0x0000e764,FUN_0000e764,260,1,unknown,,unknown,0,0
0x0000e868,FUN_0000e868,24,102,unknown,,unknown,0,0
0x0000e898,FUN_0000e898,20,199,unknown,,unknown,0,0
0x0000e8c4,FUN_0000e8c4,20,6,unknown,,unknown,0,0
0x0000e8d8,FUN_0000e8d8,20,111,unknown,,unknown,0,0
0x0000e8ec,FUN_0000e8ec,20,4,unknown,,unknown,0,0
0x0000e900,FUN_0000e900,20,199,unknown,,unknown,0,0
0x0000e97c,FUN_0000e97c,20,14,unknown,,unknown,0,0
0x0000e990,FUN_0000e990,116,10,unknown,,unknown,0,0
0x0000ea04,FUN_0000ea04,124,11,unknown,,unknown,0,0
0x0000eb80,FUN_0000eb80,168,2,unknown,,unknown,0,0
0x0000ece0,FUN_0000ece0,176,1,unknown,,unknown,0,0
0x0000f3f0,FUN_0000f3f0,176,3,unknown,,unknown,0,0
0x000101ac,FUN_000101ac,416,2,unknown,,unknown,0,0
0x00010704,FUN_00010704,216,3,unknown,,unknown,0,0
0x0001131c,FUN_0001131c,56,1,unknown,,unknown,0,0
0x00011354,FUN_00011354,232,1,unknown,,unknown,0,0
0x0001143c,FUN_0001143c,312,8,unknown,,unknown,0,0
0x00011574,FUN_00011574,472,3,unknown,,unknown,0,0
0x0001174c,FUN_0001174c,248,6,unknown,,unknown,0,0
0x00011844,FUN_00011844,360,2,unknown,,unknown,0,0
0x000119ac,FUN_000119ac,228,2,unknown,,unknown,0,0
0x00011ac8,FUN_00011ac8,168,2,unknown,,unknown,0,0
0x00011b70,FUN_00011b70,196,2,unknown,,unknown,0,0
0x00011d4c,FUN_00011d4c,328,2,unknown,,unknown,0,0
0x00011e94,FUN_00011e94,280,4,unknown,,unknown,0,0
0x00012134,FUN_00012134,196,1,unknown,,unknown,0,0
0x000121f8,FUN_000121f8,196,1,unknown,,unknown,0,0
0x0001253c,FUN_0001253c,64,1,unknown,,unknown,0,0
0x00012c1c,FUN_00012c1c,16,1,unknown,,unknown,0,0
0x00012c2c,FUN_00012c2c,16,1,unknown,,unknown,0,0
0x00012c3c,FUN_00012c3c,16,1,unknown,,unknown,0,0
0x00012ccc,FUN_00012ccc,184,3,unknown,,unknown,0,0
0x00012d90,mmio_dispatch_table,984,0,unknown,,unknown,0,0
0x0001385c,FUN_0001385c,172,10,unknown,,unknown,0,0
0x00013908,FUN_00013908,252,1,unknown,,unknown,0,0
0x00013a04,FUN_00013a04,352,7,unknown,,unknown,0,0
0x00013c50,FUN_00013c50,256,4,unknown,,unknown,0,0
0x00013fac,FUN_00013fac,200,1,unknown,,unknown,0,0
0x00014074,FUN_00014074,196,1,unknown,,unknown,0,0
0x00014138,FUN_00014138,196,1,unknown,,unknown,0,0
0x0001426c,FUN_0001426c,44,1,unknown,,unknown,0,0
0x00014298,FUN_00014298,56,1,unknown,,unknown,0,0
0x000142d0,FUN_000142d0,160,1,unknown,,unknown,0,0
0x00014c00,FUN_00014c00,1064,1,unknown,,unknown,0,0
0x00015028,FUN_00015028,192,4,unknown,,unknown,0,0
0x00015120,FUN_00015120,204,2,unknown,,unknown,0,0
0x000151ec,FUN_000151ec,552,5,unknown,,unknown,0,0
0x00015414,FUN_00015414,744,3,unknown,,unknown,0,0
0x00015bd8,FUN_00015bd8,44,1,unknown,,unknown,0,0
0x00015dec,FUN_00015dec,204,3,unknown,,unknown,0,0
0x00015eb8,FUN_00015eb8,88,3,unknown,,unknown,0,0
0x00016174,FUN_00016174,76,1,unknown,,unknown,0,0
0x00016978,FUN_00016978,56,1,unknown,,unknown,0,0
0x000169b0,FUN_000169b0,396,1,unknown,,unknown,0,0
0x00016b3c,FUN_00016b3c,236,1,unknown,,unknown,0,0
0x00016cf0,FUN_00016cf0,244,1,unknown,,unknown,0,0
0x00016de4,FUN_00016de4,284,1,unknown,,unknown,0,0
0x000170f4,FUN_000170f4,208,1,unknown,,unknown,0,0
0x00017220,FUN_00017220,300,3,unknown,,unknown,0,0
0x0001735c,FUN_0001735c,56,2,unknown,,unknown,0,0
0x00017438,FUN_00017438,100,1,unknown,,unknown,0,0
0x000179ac,FUN_000179ac,56,1,unknown,,unknown,0,0
0x00018024,FUN_00018024,220,1,red,,string-flavor,2,1
0x0001851c,FUN_0001851c,56,1,unknown,,unknown,0,0
0x00018554,FUN_00018554,124,1,unknown,,unknown,0,0
0x000185d0,FUN_000185d0,336,1,unknown,,unknown,0,0
0x000187cc,FUN_000187cc,32,1,unknown,,unknown,0,0
0x00019198,FUN_00019198,156,6,unknown,,unknown,0,0
0x0001a804,FUN_0001a804,112,2,unknown,,unknown,0,0
0x0001a874,FUN_0001a874,112,1,unknown,,unknown,0,0
0x0001a8e4,FUN_0001a8e4,56,1,unknown,,unknown,0,0
0x0001a91c,FUN_0001a91c,80,1,unknown,,unknown,0,0
0x0001b1d4,FUN_0001b1d4,224,1,unknown,,unknown,0,0
0x0001b2b4,FUN_0001b2b4,236,2,unknown,,unknown,0,0
0x0001b3a0,FUN_0001b3a0,332,3,unknown,,unknown,0,0
0x0001b4ec,FUN_0001b4ec,300,2,unknown,,unknown,0,0
0x0001b618,FUN_0001b618,332,2,unknown,,unknown,0,0
0x0001b764,FUN_0001b764,200,1,unknown,,unknown,0,0
0x0001b8d8,FUN_0001b8d8,56,2,unknown,,unknown,0,0
0x0001b910,FUN_0001b910,160,1,unknown,,unknown,0,0
0x0001b9b0,FUN_0001b9b0,92,1,unknown,,unknown,0,0
0x0001ba5c,FUN_0001ba5c,196,1,unknown,,unknown,0,0
0x0001bb20,FUN_0001bb20,196,1,unknown,,unknown,0,0
0x0001bdb8,FUN_0001bdb8,172,1,unknown,,unknown,0,0
0x0001c0d0,FUN_0001c0d0,460,1,unknown,,unknown,0,0
0x0001c29c,FUN_0001c29c,172,2,unknown,,unknown,0,0
0x0001c8bc,FUN_0001c8bc,20,14,unknown,,unknown,0,0
0x0001c8d0,FUN_0001c8d0,376,3,unknown,,unknown,0,0
0x0001ca48,FUN_0001ca48,356,1,unknown,,unknown,0,0
0x0001cbac,FUN_0001cbac,396,2,unknown,,unknown,0,0
0x0001cd38,FUN_0001cd38,312,4,unknown,,unknown,0,0
0x0001ce70,FUN_0001ce70,360,4,unknown,,unknown,0,0
0x0001cfd8,FUN_0001cfd8,332,3,unknown,,unknown,0,0
0x0001d15c,FUN_0001d15c,68,1,unknown,,unknown,0,0
0x0001d1a0,FUN_0001d1a0,168,1,unknown,,unknown,0,0
0x0001d61c,FUN_0001d61c,196,1,unknown,,unknown,0,0
0x0001db8c,FUN_0001db8c,176,4,unknown,,unknown,0,0
0x0001dc3c,FUN_0001dc3c,336,2,unknown,,unknown,0,0
0x0001dd8c,FUN_0001dd8c,320,2,unknown,,unknown,0,0
0x0001e5ec,FUN_0001e5ec,272,2,unknown,,unknown,0,0
0x0001e6fc,FUN_0001e6fc,212,3,unknown,,unknown,0,0
0x0001ef88,FUN_0001ef88,1324,2,unknown,,unknown,0,0
0x0001f738,FUN_0001f738,356,1,unknown,,unknown,0,0
0x0001f89c,FUN_0001f89c,84,0,unknown,,unknown,0,0
0x0001f8f0,FUN_0001f8f0,4,5,unknown,,unknown,0,0
0x0001f8f4,UiIpModule_socket_setup,628,0,red,app_modules/ui_ip,source-path,3,1
0x0001fbe8,FUN_0001fbe8,100,4,unknown,,unknown,0,0
0x00020390,FUN_00020390,812,14,unknown,,unknown,0,0
0x000206bc,FUN_000206bc,716,7,unknown,,unknown,0,0
0x00020988,FUN_00020988,1060,34,unknown,,unknown,0,0
0x00020dac,FUN_00020dac,352,1,unknown,,unknown,0,0
0x00020f0c,FUN_00020f0c,244,1,unknown,,unknown,0,0
0x00021000,FUN_00021000,236,1,unknown,,unknown,0,0
0x000210ec,FUN_000210ec,236,1,unknown,,unknown,0,0
0x000211d8,FUN_000211d8,236,1,unknown,,unknown,0,0
0x000212c4,FUN_000212c4,236,1,unknown,,unknown,0,0
0x000213b0,FUN_000213b0,164,1,unknown,,unknown,0,0
0x00021454,FUN_00021454,252,1,unknown,,unknown,0,0
0x00021550,FUN_00021550,252,1,unknown,,unknown,0,0
0x0002164c,FUN_0002164c,324,4,unknown,,unknown,0,0
0x00021790,FUN_00021790,248,1,unknown,,unknown,0,0
0x00021888,FUN_00021888,260,1,unknown,,unknown,0,0
0x0002198c,FUN_0002198c,220,1,unknown,,unknown,0,0
0x00021a68,FUN_00021a68,588,6,unknown,,unknown,0,0
0x00021cb4,FUN_00021cb4,232,2,unknown,,unknown,0,0
0x00021d9c,FUN_00021d9c,244,1,unknown,,unknown,0,0
0x00021e90,FUN_00021e90,1708,2,unknown,,unknown,0,0
0x0002253c,FUN_0002253c,580,2,unknown,,unknown,0,0
0x00022780,FUN_00022780,3504,7,red,app_modules/ui_local,source-path,3,1
0x0002367c,FUN_0002367c,396,2,unknown,,unknown,0,0
0x00023808,FUN_00023808,448,2,unknown,,unknown,0,0
0x000239c8,FUN_000239c8,272,3,unknown,,unknown,0,0
0x00023ad8,FUN_00023ad8,1588,2,unknown,,unknown,0,0
0x0002410c,FUN_0002410c,616,1,unknown,,unknown,0,0
0x0002447c,FUN_0002447c,696,2,unknown,,unknown,0,0
0x00024734,FUN_00024734,1576,4,red,,string-flavor,2,1
0x00024d5c,FUN_00024d5c,2720,2,red,app_modules/upgrade,source-path,3,1
0x00025ce4,FUN_00025ce4,2372,2,unknown,,unknown,0,0
0x00026628,FUN_00026628,1180,3,red,,string-flavor,2,1
0x00026ac4,FUN_00026ac4,344,2,unknown,,unknown,0,0
0x00026c1c,FUN_00026c1c,416,2,unknown,,unknown,0,0
0x000272f8,FUN_000272f8,300,2,unknown,,unknown,0,0
0x00027424,FUN_00027424,692,2,unknown,,unknown,0,0
0x000276d8,FUN_000276d8,16,1,unknown,,unknown,0,0
0x000276e8,FUN_000276e8,16,2,unknown,,unknown,0,0
0x00027a48,FUN_00027a48,140,2,unknown,,unknown,0,0
0x00027e90,FUN_00027e90,852,3,unknown,,unknown,0,0
0x00028acc,FUN_00028acc,672,3,red,,string-flavor,2,1
0x00028d6c,FUN_00028d6c,12,1,unknown,,unknown,0,0
0x00029bf0,FUN_00029bf0,96,1,unknown,,unknown,0,0
0x00029c50,FUN_00029c50,360,1,unknown,,unknown,0,0
0x00029ddc,FUN_00029ddc,96,2,unknown,,unknown,0,0
0x00029f10,FUN_00029f10,112,3,unknown,,unknown,0,0
0x0002a0f0,FUN_0002a0f0,156,1,unknown,,unknown,0,0
0x0002a18c,FUN_0002a18c,440,2,unknown,,unknown,0,0
0x0002a344,FUN_0002a344,456,2,unknown,,unknown,0,0
0x0002ab4c,FUN_0002ab4c,460,2,unknown,,unknown,0,0
0x0002ad3c,FUN_0002ad3c,128,6,unknown,,unknown,0,0
0x0002b3ec,FUN_0002b3ec,36,4,unknown,,unknown,0,0
0x0002b410,FUN_0002b410,188,12,unknown,,unknown,0,0
0x0002b4cc,FUN_0002b4cc,76,10,unknown,,unknown,0,0
0x0002b518,FUN_0002b518,76,33,unknown,,unknown,0,0
0x0002b564,FUN_0002b564,372,3,unknown,,unknown,0,0
0x0002b6d8,FUN_0002b6d8,292,2,unknown,,unknown,0,0
0x0002b7fc,FUN_0002b7fc,92,5,unknown,,unknown,0,0
0x0002b858,FUN_0002b858,568,2,unknown,,unknown,0,0
0x0002ba90,FUN_0002ba90,100,3,unknown,,unknown,0,0
0x0002baf4,FUN_0002baf4,344,2,unknown,,unknown,0,0
0x0002bc4c,FUN_0002bc4c,968,9,unknown,,unknown,0,0
0x0002c014,FUN_0002c014,980,2,unknown,,unknown,0,0
0x0002c3e8,FUN_0002c3e8,664,3,unknown,,unknown,0,0
0x0002c680,FUN_0002c680,684,8,unknown,,unknown,0,0
0x0002c92c,FUN_0002c92c,560,2,unknown,,unknown,0,0
0x0002cb5c,FUN_0002cb5c,2196,1,unknown,,unknown,0,0
0x0002d400,FUN_0002d400,668,2,unknown,,unknown,0,0
0x0002d6ec,FUN_0002d6ec,212,1,unknown,,unknown,0,0
0x0002d7c0,FUN_0002d7c0,144,1,unknown,,unknown,0,0
0x0002dc70,FUN_0002dc70,468,3,unknown,,unknown,0,0
0x0002de44,FUN_0002de44,248,4,unknown,,unknown,0,0
0x0002df3c,FUN_0002df3c,112,4,unknown,,unknown,0,0
0x0002dfd0,FUN_0002dfd0,140,7,unknown,,unknown,0,0
0x0002e05c,FUN_0002e05c,352,7,unknown,,unknown,0,0
0x0002e1bc,FUN_0002e1bc,740,7,unknown,,unknown,0,0
0x0002e4a0,FUN_0002e4a0,2180,2,unknown,,unknown,0,0
0x0002ed24,FUN_0002ed24,92,2,unknown,,unknown,0,0
0x0002ed80,FUN_0002ed80,4016,4,unknown,,unknown,0,0
0x0002fd30,FUN_0002fd30,1068,7,unknown,,unknown,0,0
0x000306c0,FUN_000306c0,380,2,unknown,,unknown,0,0
0x0003083c,FUN_0003083c,116,1,unknown,,unknown,0,0
0x0003097c,FUN_0003097c,920,2,unknown,,unknown,0,0
0x00030d94,FUN_00030d94,1648,1,unknown,,unknown,0,0
0x00031524,FUN_00031524,844,2,unknown,,unknown,0,0
0x00031870,FUN_00031870,824,2,unknown,,unknown,0,0
0x00031fa4,FUN_00031fa4,812,6,unknown,,unknown,0,0
0x000322d0,FUN_000322d0,156,2,unknown,,unknown,0,0
0x0003236c,FUN_0003236c,1476,2,red,,string-flavor,2,1
0x00032930,FUN_00032930,4372,2,unknown,,unknown,0,0
0x00033a44,FUN_00033a44,420,2,unknown,,unknown,0,0
0x00033d94,FUN_00033d94,28,1,unknown,,unknown,0,0
0x00033db0,FUN_00033db0,84,1,unknown,,unknown,0,0
0x00033e2c,FUN_00033e2c,140,4,red,app_modules/vidmonmgr,source-path,3,1
0x00033f0c,FUN_00033f0c,144,1,unknown,,unknown,0,0
0x00034310,FUN_00034310,276,11,unknown,,unknown,0,0
0x00034424,FUN_00034424,176,4,unknown,,unknown,0,0
0x000344d4,FUN_000344d4,256,4,unknown,,unknown,0,0
0x000345d4,FUN_000345d4,180,2,unknown,,unknown,0,0
0x00034688,FUN_00034688,172,3,unknown,,unknown,0,0
0x00034758,FUN_00034758,220,5,unknown,,unknown,0,0
0x00034834,FUN_00034834,596,7,unknown,,unknown,0,0
0x00034d68,FUN_00034d68,380,6,unknown,,unknown,0,0
0x000354ec,FUN_000354ec,1404,1,unknown,,unknown,0,0
0x000363dc,FUN_000363dc,472,3,unknown,,unknown,0,0
0x000366bc,FUN_000366bc,340,1,unknown,,unknown,0,0
0x00036bf8,FUN_00036bf8,172,1,unknown,,unknown,0,0
0x00036f5c,FUN_00036f5c,196,1,unknown,,unknown,0,0
0x000372c8,FUN_000372c8,544,2,unknown,,unknown,0,0
0x000374e8,FUN_000374e8,252,2,unknown,,unknown,0,0
0x00037e40,FUN_00037e40,256,2,unknown,,unknown,0,0
0x00038020,FUN_00038020,312,2,unknown,,unknown,0,0
0x00038718,FUN_00038718,228,1,unknown,,unknown,0,0
0x0003880c,FUN_0003880c,24,1,unknown,,unknown,0,0
0x00038cac,FUN_00038cac,72,1,unknown,,unknown,0,0
0x00038cf4,FUN_00038cf4,368,3,unknown,,unknown,0,0
0x00039524,FUN_00039524,304,1,unknown,,unknown,0,0
0x00039654,FUN_00039654,88,1,unknown,,unknown,0,0
0x000396ac,FUN_000396ac,120,1,unknown,,unknown,0,0
0x00039724,FUN_00039724,56,1,unknown,,unknown,0,0
0x0003975c,FUN_0003975c,32,1,unknown,,unknown,0,0
0x0003977c,FUN_0003977c,12,1,unknown,,unknown,0,0
0x00039788,FUN_00039788,1240,2,unknown,,unknown,0,0
0x00039c88,Auth_handler,64,0,unknown,,unknown,0,0
0x0003de54,FUN_0003de54,504,2,unknown,,unknown,0,0
0x0003ee38,FUN_0003ee38,588,1,unknown,,unknown,0,0
0x00042728,FUN_00042728,564,1,unknown,,unknown,0,0
0x000429d0,FUN_000429d0,832,2,unknown,,unknown,0,0
0x00048130,Cmd_dispatch_1,1232,0,red,app_modules/common,source-path,3,1
0x0004a3c4,FUN_0004a3c4,908,1,unknown,,unknown,0,0
0x0004ad24,FUN_0004ad24,5832,1,unknown,,unknown,0,0
0x0004dfe4,FUN_0004dfe4,16,1,unknown,,unknown,0,0
0x0004dff4,FUN_0004dff4,84,1,unknown,,unknown,0,0
0x0004e048,FUN_0004e048,28,1,unknown,,unknown,0,0
0x0004e064,FUN_0004e064,16,1,unknown,,unknown,0,0
0x0004e074,FUN_0004e074,296,1,unknown,,unknown,0,0
0x0004e19c,FUN_0004e19c,296,1,unknown,,unknown,0,0
0x0004e2c4,FUN_0004e2c4,372,1,unknown,,unknown,0,0
0x0004e438,FUN_0004e438,60,2,unknown,,unknown,0,0
0x0004e474,FUN_0004e474,184,4,unknown,,unknown,0,0
0x0004e52c,FUN_0004e52c,268,1,unknown,,unknown,0,0
0x0004e638,FUN_0004e638,180,1,unknown,,unknown,0,0
0x0004e6ec,FUN_0004e6ec,16,1,unknown,,unknown,0,0
0x0004e6fc,FUN_0004e6fc,936,1,red,app_modules/imageanalysis,source-path,3,1
0x0004ec74,FUN_0004ec74,580,2,unknown,,unknown,0,0
0x0004f204,FUN_0004f204,6168,1,unknown,,unknown,0,0
0x00058258,FUN_00058258,204,2,unknown,,unknown,0,0
0x00058324,FUN_00058324,160,1,unknown,,unknown,0,0
0x000583c4,FUN_000583c4,208,2,unknown,,unknown,0,0
0x00058494,FUN_00058494,40,3,unknown,,unknown,0,0
0x00058530,FUN_00058530,116,1,unknown,,unknown,0,0
0x000587e4,FUN_000587e4,1036,3,unknown,,unknown,0,0
0x00059000,FUN_00059000,428,41,unknown,,unknown,0,0
0x00059684,FUN_00059684,1064,44,unknown,,unknown,0,0
0x0005a770,FUN_0005a770,124,1,unknown,,unknown,0,0
0x0005a7ec,FUN_0005a7ec,288,1,unknown,,unknown,0,0
0x0005a90c,FUN_0005a90c,140,1,unknown,,unknown,0,0
0x0005a998,FUN_0005a998,128,2,unknown,,unknown,0,0
0x0005aa18,FUN_0005aa18,284,1,unknown,,unknown,0,0
0x0005ab34,FUN_0005ab34,132,1,unknown,,unknown,0,0
0x0005abb8,FUN_0005abb8,300,1,unknown,,unknown,0,0
0x0005aea8,FUN_0005aea8,3700,1,red,app_modules/videomgr,source-path,3,1
0x0005d6c8,FUN_0005d6c8,980,25,unknown,,unknown,0,0
0x0005da9c,FUN_0005da9c,276,364,unknown,,unknown,0,0
0x0005dd4c,FUN_0005dd4c,120,1,red,app_modules/videomgr,source-path,3,1
0x0005e1e4,FUN_0005e1e4,1440,2,unknown,,unknown,0,0
0x0005e784,FUN_0005e784,72,1717,unknown,,unknown,0,0
0x0005e80c,FUN_0005e80c,28,1,unknown,,unknown,0,0
0x0005e828,FUN_0005e828,32,1,unknown,,unknown,0,0
0x0005e860,FUN_0005e860,24,3,unknown,,unknown,0,0
0x0005e890,FUN_0005e890,24,411,unknown,,unknown,0,0
0x0005e8a8,FUN_0005e8a8,24,24,unknown,,unknown,0,0
0x0005e8c0,FUN_0005e8c0,24,61,unknown,,unknown,0,0
0x0005e8d8,FUN_0005e8d8,24,2,unknown,,unknown,0,0
0x0005e8f0,FUN_0005e8f0,24,10,unknown,,unknown,0,0
0x0005e920,FUN_0005e920,24,25,unknown,,unknown,0,0
0x0005e938,FUN_0005e938,24,34,unknown,,unknown,0,0
0x0005e950,FUN_0005e950,24,2,unknown,,unknown,0,0
0x0005e980,FUN_0005e980,24,6,unknown,,unknown,0,0
0x0005e9b0,FUN_0005e9b0,24,4,unknown,,unknown,0,0
0x0005e9f8,FUN_0005e9f8,24,8,unknown,,unknown,0,0
0x0005ea28,FUN_0005ea28,24,11,unknown,,unknown,0,0
0x0005ea40,FUN_0005ea40,24,1,unknown,,unknown,0,0
0x0005ea58,FUN_0005ea58,24,1,unknown,,unknown,0,0
0x0005eb14,FUN_0005eb14,40,4,unknown,,unknown,0,0
0x0005eb3c,FUN_0005eb3c,780,19,unknown,,unknown,0,0
0x0005f24c,FUN_0005f24c,104,6,unknown,,unknown,0,0
0x0005f2b4,FUN_0005f2b4,300,3,unknown,,unknown,0,0
0x0005f3e0,FUN_0005f3e0,52,2,unknown,,unknown,0,0
0x0005fe04,FUN_0005fe04,64,2,unknown,,unknown,0,0
0x0005fe50,FUN_0005fe50,64,2,unknown,,unknown,0,0
0x0005fe90,FUN_0005fe90,12,1,unknown,,unknown,0,0
0x0005fe9c,FUN_0005fe9c,140,6,unknown,,unknown,0,0
0x0005ff28,FUN_0005ff28,720,2,unknown,,unknown,0,0
0x000601f8,FUN_000601f8,736,2,unknown,,unknown,0,0
0x000604d8,FUN_000604d8,736,2,unknown,,unknown,0,0
0x000607b8,FUN_000607b8,736,2,unknown,,unknown,0,0
0x00060a98,FUN_00060a98,736,2,unknown,,unknown,0,0
0x00060d78,FUN_00060d78,756,1,unknown,,unknown,0,0
0x00061134,FUN_00061134,908,1,unknown,,unknown,0,0
0x00061588,FUN_00061588,756,2,unknown,,unknown,0,0
0x00061944,FUN_00061944,96,3,unknown,,unknown,0,0
0x000619a4,FUN_000619a4,504,4,unknown,,unknown,0,0
0x00061b9c,FUN_00061b9c,1228,3,unknown,,unknown,0,0
0x00062068,FUN_00062068,660,5,unknown,,unknown,0,0
0x00062b0c,FUN_00062b0c,36,1,unknown,,unknown,0,0
0x00062b30,FUN_00062b30,680,1,red,,string-flavor,2,1
0x00062dd8,FUN_00062dd8,612,1,red,,string-flavor,2,1
0x0006303c,FUN_0006303c,376,3,unknown,,unknown,0,0
0x000631b4,FUN_000631b4,744,2,red,,string-flavor,2,1
0x0006396c,FUN_0006396c,1412,1,red,,string-flavor,2,1
0x00063ef0,FUN_00063ef0,336,1,unknown,,unknown,0,0
0x00064060,FUN_00064060,1048,1,unknown,,unknown,0,0
0x000644a0,FUN_000644a0,356,2,unknown,,unknown,0,0
0x00064604,FUN_00064604,1448,1,red,,string-flavor,2,1
0x00065268,FUN_00065268,200,1,unknown,,unknown,0,0
0x00065350,FUN_00065350,2948,1,unknown,,unknown,0,0
0x000660a8,FUN_000660a8,5548,1,red,,string-flavor,2,1
0x00067684,FUN_00067684,5688,3,red,,string-flavor,2,1
0x00068e08,FUN_00068e08,1760,2,unknown,,unknown,0,0
0x00069508,FUN_00069508,612,1,red,,string-flavor,2,1
0x0006976c,FUN_0006976c,528,1,red,,string-flavor,2,1
0x0006999c,FUN_0006999c,1720,1,unknown,,unknown,0,0
0x0006a074,FUN_0006a074,184,1,unknown,,unknown,0,0
0x0006a14c,FUN_0006a14c,400,2,unknown,,unknown,0,0
0x0006a654,FUN_0006a654,1492,1,unknown,,unknown,0,0
0x0006acc0,FUN_0006acc0,352,1,unknown,,unknown,0,0
0x0006bf48,FUN_0006bf48,2072,1,unknown,,unknown,0,0
0x0006d1d4,FUN_0006d1d4,6400,1,unknown,,unknown,0,0
0x0006f06c,FUN_0006f06c,3212,1,red,,string-flavor,2,1
0x0006fd54,FUN_0006fd54,180,1,unknown,,unknown,0,0
0x00070900,ProcessMessage_Cmnd,944,0,unknown,,unknown,0,0
0x000746e8,FUN_000746e8,216,1,unknown,,unknown,0,0
0x00074804,FUN_00074804,176,3,unknown,,unknown,0,0
0x00074944,FUN_00074944,172,2,unknown,,unknown,0,0
0x000749f0,FUN_000749f0,192,2,unknown,,unknown,0,0
0x00074ab0,FUN_00074ab0,48,2,unknown,,unknown,0,0
0x00074b20,FUN_00074b20,296,1,unknown,,unknown,0,0
0x00074c48,FUN_00074c48,464,1,red,app_modules/videomgr,source-path,3,1
0x00074e18,FUN_00074e18,352,2,unknown,,unknown,0,0
0x000750dc,FUN_000750dc,892,2,unknown,,unknown,0,0
0x00075458,FUN_00075458,188,1,unknown,,unknown,0,0
0x00075d34,FUN_00075d34,976,2,unknown,,unknown,0,0
0x0007ba78,FUN_0007ba78,28,2,unknown,,unknown,0,0
0x0007ba94,FUN_0007ba94,60,3,unknown,,unknown,0,0
0x0007bad0,FUN_0007bad0,552,1,unknown,,unknown,0,0
0x0007beb0,FUN_0007beb0,3304,2,unknown,,unknown,0,0
0x000832bc,FUN_000832bc,112,2,unknown,,unknown,0,0
0x0008332c,FUN_0008332c,184,3,unknown,,unknown,0,0
0x00083474,FUN_00083474,632,1,unknown,,unknown,0,0
0x000837a0,FUN_000837a0,772,2,red,app_modules/vpimgproc,source-path,3,1
0x00083ee0,FUN_00083ee0,2188,1,red,app_modules/vpimgproc,source-path,3,1
0x00085398,FUN_00085398,496,3,unknown,,unknown,0,0
0x000858b0,FUN_000858b0,584,1,unknown,,unknown,0,0
0x00085af8,FUN_00085af8,208,1,unknown,,unknown,0,0
0x00085bc8,FUN_00085bc8,1124,1,unknown,,unknown,0,0
0x0008602c,FUN_0008602c,84,4,unknown,,unknown,0,0
0x00086080,FUN_00086080,60,4,unknown,,unknown,0,0
0x000860bc,FUN_000860bc,68,4,unknown,,unknown,0,0
0x00086100,FUN_00086100,44,4,unknown,,unknown,0,0
0x0008612c,FUN_0008612c,64,4,unknown,,unknown,0,0
0x0008616c,FUN_0008616c,68,4,unknown,,unknown,0,0
0x000861b0,FUN_000861b0,68,4,unknown,,unknown,0,0
0x0008625c,FUN_0008625c,128,4,unknown,,unknown,0,0
0x00086774,FUN_00086774,80,7,unknown,,unknown,0,0
0x000867c4,FUN_000867c4,160,2,unknown,,unknown,0,0
0x00086864,FUN_00086864,336,2,unknown,,unknown,0,0
0x000869b4,FUN_000869b4,292,1,unknown,,unknown,0,0
0x00086ad8,FUN_00086ad8,348,1,unknown,,unknown,0,0
0x00086c34,FUN_00086c34,176,2,unknown,,unknown,0,0
0x00086ce4,FUN_00086ce4,120,3,unknown,,unknown,0,0
0x00086d5c,FUN_00086d5c,112,2,unknown,,unknown,0,0
0x00086dcc,FUN_00086dcc,904,1,red,,string-flavor,2,1
0x00087154,FUN_00087154,1000,2,red,,string-flavor,2,1
0x0008753c,FUN_0008753c,244,2,unknown,,unknown,0,0
0x00087630,FUN_00087630,556,6,unknown,,unknown,0,0
0x00088680,FUN_00088680,36,3,unknown,,unknown,0,0
0x000886a4,FUN_000886a4,56,2,unknown,,unknown,0,0
0x000886dc,FUN_000886dc,396,1,unknown,,unknown,0,0
0x0008b620,FUN_0008b620,2020,2,unknown,,unknown,0,0
0x0008c524,FUN_0008c524,4016,2,unknown,,unknown,0,0
0x0008fd90,FUN_0008fd90,1284,1,unknown,,unknown,0,0
0x000903f4,FUN_000903f4,212,1,unknown,,unknown,0,0
0x00091504,FUN_00091504,2156,2,red,,string-flavor,2,1
0x00091d70,FUN_00091d70,624,2,unknown,,unknown,0,0
0x00092094,FUN_00092094,2240,2,unknown,,unknown,0,0
0x00092a04,FUN_00092a04,1184,1,unknown,,unknown,0,0
0x00093120,FUN_00093120,5224,1,unknown,,unknown,0,0
0x0009a4ec,FUN_0009a4ec,100,2,unknown,,unknown,0,0
0x0009ae74,FUN_0009ae74,584,2,unknown,,unknown,0,0
0x0009f0d4,FUN_0009f0d4,92,5,unknown,,unknown,0,0
0x0009f130,FUN_0009f130,128,1,unknown,,unknown,0,0
0x0009f1b0,FUN_0009f1b0,168,2,unknown,,unknown,0,0
0x0009f258,FUN_0009f258,128,1,unknown,,unknown,0,0
0x0009f2d8,FUN_0009f2d8,168,1,unknown,,unknown,0,0
0x0009f380,FUN_0009f380,128,1,unknown,,unknown,0,0
0x000a03c0,FUN_000a03c0,360,2,unknown,,unknown,0,0
0x000a0528,FUN_000a0528,1048,2,unknown,,unknown,0,0
0x000a1940,FUN_000a1940,2156,2,unknown,,unknown,0,0
0x000a4648,FUN_000a4648,572,39,unknown,,unknown,0,0
0x000a4884,FUN_000a4884,1520,6,unknown,,unknown,0,0
0x000a535c,FUN_000a535c,2304,5,unknown,,unknown,0,0
0x000a5cc8,FUN_000a5cc8,376,2,red,lib/libcodec,source-path,3,1
0x000a6888,FUN_000a6888,100,6,unknown,,unknown,0,0
0x000a6968,FUN_000a6968,308,2,unknown,,unknown,0,0
0x000a6a9c,FUN_000a6a9c,348,1,unknown,,unknown,0,0
0x000a6bf8,FUN_000a6bf8,160,1,unknown,,unknown,0,0
0x000a6c98,FUN_000a6c98,160,1,unknown,,unknown,0,0
0x000a6dd8,FUN_000a6dd8,172,4,unknown,,unknown,0,0
0x000a6e84,FUN_000a6e84,100,4,unknown,,unknown,0,0
0x000a7114,FUN_000a7114,252,1,unknown,,unknown,0,0
0x000a7210,FUN_000a7210,212,1,unknown,,unknown,0,0
0x000a72e4,FUN_000a72e4,380,1,unknown,,unknown,0,0
0x000a7460,FUN_000a7460,244,1,unknown,,unknown,0,0
0x000a76ec,FUN_000a76ec,408,1,unknown,,unknown,0,0
0x000a7884,FUN_000a7884,336,4,unknown,,unknown,0,0
0x000a79d4,FUN_000a79d4,192,2,unknown,,unknown,0,0
0x000a7a94,FUN_000a7a94,1640,1,unknown,,unknown,0,0
0x000a8138,FUN_000a8138,376,6,red,lib/libflashutils,callgraph,2,1
0x000a82b0,FUN_000a82b0,408,3,unknown,,unknown,0,0
0x000a8448,FUN_000a8448,376,2,unknown,,unknown,0,0
0x000a85c0,FUN_000a85c0,376,2,unknown,,unknown,0,0
0x000a8738,FUN_000a8738,532,3,unknown,,unknown,0,0
0x000a894c,FUN_000a894c,436,2,unknown,,unknown,0,0
0x000a8bdc,FUN_000a8bdc,3196,1,red,lib/libflashutils,source-path,3,1
0x000aa51c,FUN_000aa51c,732,1,unknown,,unknown,0,0
0x000aa840,FUN_000aa840,2132,1,unknown,,unknown,0,0
0x000ab0f8,FUN_000ab0f8,1464,2,unknown,,unknown,0,0
0x000ad3ec,FUN_000ad3ec,1976,1,unknown,,unknown,0,0
0x000adc28,FUN_000adc28,5360,4,unknown,,unknown,0,0
0x000af634,FUN_000af634,244,1,unknown,,unknown,0,0
0x000af808,FUN_000af808,6572,1,unknown,,unknown,0,0
0x000b382c,FUN_000b382c,5760,1,unknown,,unknown,0,0
0x000b6550,FUN_000b6550,2068,2,unknown,,unknown,0,0
0x000b8428,FUN_000b8428,144,3,unknown,,unknown,0,0
0x000b84b8,FUN_000b84b8,608,2,unknown,,unknown,0,0
0x000b8ce0,FUN_000b8ce0,2980,2,unknown,,unknown,0,0
0x000bb284,FUN_000bb284,260,1,unknown,,unknown,0,0
0x000bb3a4,FUN_000bb3a4,100,15,unknown,,unknown,0,0
0x000bb408,FUN_000bb408,2568,1,unknown,,unknown,0,0
0x000bc108,FUN_000bc108,512,3,unknown,,unknown,0,0
0x000bc308,FUN_000bc308,356,3,unknown,,unknown,0,0
0x000bc46c,FUN_000bc46c,260,2,unknown,,unknown,0,0
0x000bc570,FUN_000bc570,116,4,unknown,,unknown,0,0
0x000bc5e4,FUN_000bc5e4,260,3,unknown,,unknown,0,0
0x000bc74c,FUN_000bc74c,524,1,unknown,,unknown,0,0
0x000bcac8,FUN_000bcac8,232,2,unknown,,unknown,0,0
0x000bcce8,FUN_000bcce8,1860,6,unknown,,unknown,0,0
0x000bd470,FUN_000bd470,1860,7,unknown,,unknown,0,0
0x000be0e4,FUN_000be0e4,4544,4,unknown,,unknown,0,0
0x000c0954,FUN_000c0954,268,1,red,,string-flavor,2,1
0x000c4138,FUN_000c4138,152,2,unknown,,unknown,0,0
0x000c4274,FUN_000c4274,64,1,unknown,,unknown,0,0
0x000c42f4,FUN_000c42f4,156,1,unknown,,unknown,0,0
0x000c4390,FUN_000c4390,376,1,unknown,,unknown,0,0
0x000c4648,FUN_000c4648,200,14,unknown,,unknown,0,0
0x000c4710,FUN_000c4710,392,1,unknown,,unknown,0,0
0x000c4898,FUN_000c4898,716,1,unknown,,unknown,0,0
0x000c4b64,FUN_000c4b64,280,1,unknown,,unknown,0,0
0x000c52d0,FUN_000c52d0,336,1,unknown,,unknown,0,0
0x000c769c,FUN_000c769c,408,2,unknown,,unknown,0,0
0x000c7fbc,FUN_000c7fbc,32,3,unknown,,unknown,0,0
0x000c83b0,FUN_000c83b0,532,1,unknown,,unknown,0,0
0x000c9b60,FUN_000c9b60,4768,1,unknown,,unknown,0,0
0x000cc790,FUN_000cc790,280,2,unknown,,unknown,0,0
0x000ccb84,FUN_000ccb84,104,2,unknown,,unknown,0,0
0x000ccbec,FUN_000ccbec,188,4,unknown,,unknown,0,0
0x000cdb54,FUN_000cdb54,316,4,unknown,,unknown,0,0
0x000cdd30,FUN_000cdd30,128,1,unknown,,unknown,0,0
0x000ce36c,FUN_000ce36c,40,2,unknown,,unknown,0,0
0x000cea68,FUN_000cea68,148,2,unknown,,unknown,0,0
0x000ceb34,FUN_000ceb34,148,2,unknown,,unknown,0,0
0x000cec00,FUN_000cec00,148,2,unknown,,unknown,0,0
0x000ceccc,FUN_000ceccc,148,2,unknown,,unknown,0,0
0x000ced98,FUN_000ced98,148,2,unknown,,unknown,0,0
0x000cee64,FUN_000cee64,156,3,unknown,,unknown,0,0
0x000cef00,FUN_000cef00,24,3,unknown,,unknown,0,0
0x000cef18,FUN_000cef18,24,3,unknown,,unknown,0,0
0x000cef30,FUN_000cef30,24,3,unknown,,unknown,0,0
0x000cf31c,FUN_000cf31c,972,2,unknown,,unknown,0,0
0x000d17dc,FUN_000d17dc,704,2,unknown,,unknown,0,0
0x000d1eb8,FUN_000d1eb8,1344,1,unknown,,unknown,0,0
0x000d2420,FUN_000d2420,872,1,unknown,,unknown,0,0
0x000d283c,FUN_000d283c,564,2,unknown,,unknown,0,0
0x000d35d8,FUN_000d35d8,5604,1,unknown,,unknown,0,0
0x000d4f20,FUN_000d4f20,11432,1,red,lib/libpipeline,source-path,3,1
0x000d8db0,FUN_000d8db0,252,3,unknown,,unknown,0,0
0x000d8eac,FUN_000d8eac,76,4,unknown,,unknown,0,0
0x000d9204,FUN_000d9204,148,2,unknown,,unknown,0,0
0x000d9298,FUN_000d9298,124,3,unknown,,unknown,0,0
0x000d9314,FUN_000d9314,128,3,unknown,,unknown,0,0
0x000d9394,FUN_000d9394,224,1,unknown,,unknown,0,0
0x000d9474,FUN_000d9474,220,2,unknown,,unknown,0,0
0x000d971c,FUN_000d971c,548,2,red,lib/libpipeline,source-path,3,1
0x000d9d44,FUN_000d9d44,824,4,unknown,,unknown,0,0
0x000da294,FUN_000da294,112,4,unknown,,unknown,0,0
0x000da304,FUN_000da304,616,3,unknown,,unknown,0,0
0x000da56c,FUN_000da56c,288,1,unknown,,unknown,0,0
0x000da68c,FUN_000da68c,208,1,unknown,,unknown,0,0
0x000da75c,FUN_000da75c,1052,1,unknown,,unknown,0,0
0x000dabc0,FUN_000dabc0,584,3,unknown,,unknown,0,0
0x000dae08,FUN_000dae08,208,1,unknown,,unknown,0,0
0x000daed8,FUN_000daed8,764,2,unknown,,unknown,0,0
0x000dba30,FUN_000dba30,332,1,unknown,,unknown,0,0
0x000dbbc4,FUN_000dbbc4,124,5,unknown,,unknown,0,0
0x000dbc40,FUN_000dbc40,852,1,unknown,,unknown,0,0
0x000dbfdc,FUN_000dbfdc,624,2,unknown,,unknown,0,0
0x000dc294,FUN_000dc294,1232,7,unknown,,unknown,0,0
0x000dc764,FUN_000dc764,2796,1,unknown,,unknown,0,0
0x000dd33c,FUN_000dd33c,2936,1,unknown,,unknown,0,0
0x000eb12c,FUN_000eb12c,764,2,red,lib/libsensor,source-path,3,1
0x000eb60c,FUN_000eb60c,132,1,red,lib/libsensor,source-path,3,1
0x000eb690,FUN_000eb690,156,1,red,lib/libsensor,source-path,3,1
0x000eb72c,FUN_000eb72c,152,2,red,lib/libsensor,source-path,3,1
0x000eb854,FUN_000eb854,144,1,red,lib/libsensor,source-path,3,1
0x000eb8e4,FUN_000eb8e4,148,1,red,lib/libsensor,source-path,3,1
0x000ebff0,FUN_000ebff0,88,6,unknown,,unknown,0,0
0x000ec048,FUN_000ec048,60,6,unknown,,unknown,0,0
0x000ec4d0,FUN_000ec4d0,748,3,red,lib/libsensor,source-path,3,1
0x000ec7bc,FUN_000ec7bc,2044,2,red,lib/libsensor,source-path,3,1
0x000ed8dc,FUN_000ed8dc,1144,1,unknown,,unknown,0,0
0x000ee280,FUN_000ee280,1732,1,unknown,,unknown,0,0
0x000ee96c,FUN_000ee96c,2112,1,unknown,,unknown,0,0
0x000ef1e4,FUN_000ef1e4,780,2,red,lib/libsensor,source-path,3,1
0x000ef4f0,FUN_000ef4f0,3700,2,red,lib/libsensor,source-path,3,1
0x000f038c,FUN_000f038c,940,1,unknown,,unknown,0,0
0x000f0c5c,FUN_000f0c5c,1828,1,unknown,,unknown,0,0
0x000f5d84,FUN_000f5d84,20,1,unknown,,unknown,0,0
0x000f5d98,FUN_000f5d98,144,6,unknown,,unknown,0,0
0x000f5e28,FUN_000f5e28,64,4,unknown,,unknown,0,0
0x000f5e68,FUN_000f5e68,76,8,unknown,,unknown,0,0
0x000f5eb4,FUN_000f5eb4,188,3,unknown,,unknown,0,0
0x000f5f70,FUN_000f5f70,12,3,unknown,,unknown,0,0
0x000f5f7c,FUN_000f5f7c,360,1,unknown,,unknown,0,0
0x000f60e4,FUN_000f60e4,284,1,unknown,,unknown,0,0
0x000f6200,FUN_000f6200,128,3,unknown,,unknown,0,0
0x000f6280,FUN_000f6280,148,1,unknown,,unknown,0,0
0x000f6334,FUN_000f6334,188,9,unknown,,unknown,0,0
0x000f63f0,FUN_000f63f0,272,1,unknown,,unknown,0,0
0x000f6500,FUN_000f6500,452,1,unknown,,unknown,0,0
0x000f6ed0,FUN_000f6ed0,2420,1,unknown,,unknown,0,0
0x000f7a4c,FUN_000f7a4c,332,1,unknown,,unknown,0,0
0x000f7b98,FUN_000f7b98,272,2,unknown,,unknown,0,0
0x000f7e48,FUN_000f7e48,2592,1,unknown,,unknown,0,0
0x000f890c,FUN_000f890c,896,2,unknown,,unknown,0,0
0x000fa58c,FUN_000fa58c,60,3,unknown,,unknown,0,0
0x000fa5c8,FUN_000fa5c8,576,1,unknown,,unknown,0,0
0x000fa850,FUN_000fa850,1128,2,unknown,,unknown,0,0
0x000fad00,FUN_000fad00,4252,1,unknown,,unknown,0,0
0x000fc7d0,FUN_000fc7d0,260,2,unknown,,unknown,0,0
0x000fdb58,FUN_000fdb58,120,2,unknown,,unknown,0,0
0x000fdbfc,FUN_000fdbfc,16,8,unknown,,unknown,0,0
0x000fdc60,FUN_000fdc60,480,1,unknown,,unknown,0,0
0x000fe6d8,FUN_000fe6d8,908,8,unknown,,unknown,0,0
0x000ff27c,FUN_000ff27c,1704,16,unknown,,unknown,0,0
0x00101644,FUN_00101644,964,1,unknown,,unknown,0,0
0x001029c4,FUN_001029c4,956,1,unknown,,unknown,0,0
0x001049c0,FUN_001049c0,1092,1,unknown,,unknown,0,0
0x00105a08,FUN_00105a08,216,1,unknown,,unknown,0,0
0x00105cd0,FUN_00105cd0,84,1,unknown,,unknown,0,0
0x00105e34,FUN_00105e34,180,1,unknown,,unknown,0,0
0x0010606c,FUN_0010606c,360,1,unknown,,unknown,0,0
0x001064a4,FUN_001064a4,1820,1,unknown,,unknown,0,0
0x00107dec,FUN_00107dec,976,2,unknown,,unknown,0,0
0x001082e4,FUN_001082e4,3248,4,unknown,,unknown,0,0
0x0010a7c0,FUN_0010a7c0,1532,4,vxworks,,string-flavor,2,0
0x0010af88,FUN_0010af88,720,4,unknown,,unknown,0,0
0x0010b414,FUN_0010b414,732,4,unknown,,unknown,0,0
0x0010d48c,FUN_0010d48c,5724,2,red,,string-flavor,2,1
0x001110b4,FUN_001110b4,820,1,unknown,,unknown,0,0
0x001116b0,FUN_001116b0,228,2,red,app_modules/videomgr,source-path,3,1
0x00111908,FUN_00111908,772,2,unknown,,unknown,0,0
0x00112964,FUN_00112964,604,2,unknown,,unknown,0,0
0x00112f54,FUN_00112f54,5052,1,unknown,,unknown,0,0
0x00114808,FUN_00114808,180,17,unknown,,unknown,0,0
0x001148bc,FUN_001148bc,40,2,unknown,,unknown,0,0
0x001148e4,FUN_001148e4,140,9,unknown,,unknown,0,0
0x00114970,FUN_00114970,64,4,unknown,,unknown,0,0
0x001149b0,FUN_001149b0,12,3,unknown,,unknown,0,0
0x001149bc,FUN_001149bc,316,3,unknown,,unknown,0,0
0x00114af8,FUN_00114af8,696,1,unknown,,unknown,0,0
0x00115000,FUN_00115000,852,2,unknown,,unknown,0,0
0x00115394,FUN_00115394,852,2,unknown,,unknown,0,0
0x00115728,FUN_00115728,212,3,unknown,,unknown,0,0
0x001157fc,FUN_001157fc,5572,1,unknown,,unknown,0,0
0x001188cc,FUN_001188cc,2148,4,unknown,,unknown,0,0
0x0011a950,FUN_0011a950,4760,4,unknown,,unknown,0,0
0x0011c098,FUN_0011c098,1844,4,unknown,,unknown,0,0
0x0011d16c,FUN_0011d16c,5384,1,unknown,,unknown,0,0
0x0011ebc4,FUN_0011ebc4,5656,1,vxworks,,string-flavor,2,0
0x00121000,ProcessGuiCommand_candidate,576,0,unknown,,unknown,0,0
0x001213cc,FUN_001213cc,52,2,unknown,,unknown,0,0
0x00121400,FUN_00121400,188,1,unknown,,unknown,0,0
0x001214f4,FUN_001214f4,472,1,unknown,,unknown,0,0
0x001217b8,FUN_001217b8,360,10,unknown,,unknown,0,0
0x00122fd0,FUN_00122fd0,3796,1,vxworks,,string-flavor,2,0
0x00123fcc,FUN_00123fcc,3772,1,unknown,,unknown,0,0
0x00124fc8,FUN_00124fc8,3696,1,unknown,,unknown,0,0
0x00125f78,FUN_00125f78,2168,1,unknown,,unknown,0,0
0x00126a1c,FUN_00126a1c,2256,1,unknown,,unknown,0,0
0x00127454,FUN_00127454,1960,1,unknown,,unknown,0,0
0x00127d5c,FUN_00127d5c,2664,1,unknown,,unknown,0,0
0x00128938,FUN_00128938,600,1,unknown,,unknown,0,0
0x00128b90,FUN_00128b90,3772,6,unknown,,unknown,0,0
0x00129a80,FUN_00129a80,8216,1,unknown,,unknown,0,0
0x0012bd1c,FUN_0012bd1c,660,1,unknown,,unknown,0,0
0x0012bfb0,FUN_0012bfb0,516,4,unknown,,unknown,0,0
0x0012c1b4,FUN_0012c1b4,88,4,unknown,,unknown,0,0
0x0012c20c,FUN_0012c20c,1508,1,unknown,,unknown,0,0
0x0012c818,FUN_0012c818,220,3,unknown,,unknown,0,0
0x0012d1ec,FUN_0012d1ec,368,2,red,app_modules/vpimgproc,source-path,3,1
0x0012d35c,FUN_0012d35c,360,3,red,app_modules/vpimgproc,source-path,3,1
0x0012d4c4,FUN_0012d4c4,40,2,unknown,,unknown,0,0
0x0012d514,FUN_0012d514,40,2,unknown,,unknown,0,0
0x0012d53c,FUN_0012d53c,128,1,unknown,,unknown,0,0
0x0012d5bc,FUN_0012d5bc,224,2,unknown,,unknown,0,0
0x0012d69c,FUN_0012d69c,1200,2,unknown,,unknown,0,0
0x0012db4c,FUN_0012db4c,88,3,unknown,,unknown,0,0
0x0012dba4,FUN_0012dba4,244,2,unknown,,unknown,0,0
0x0012ed88,FUN_0012ed88,276,4,unknown,,unknown,0,0
0x0012eef8,FUN_0012eef8,424,23,unknown,,unknown,0,0
0x0012f0a0,FUN_0012f0a0,92,10,unknown,,unknown,0,0
0x0012f0fc,FUN_0012f0fc,88,1,unknown,,unknown,0,0
0x0013068c,FUN_0013068c,28,7,unknown,,unknown,0,0
0x001306a8,FUN_001306a8,32,2,unknown,,unknown,0,0
0x001306c8,FUN_001306c8,16,1,unknown,,unknown,0,0
0x001306d8,FUN_001306d8,16,1,unknown,,unknown,0,0
0x001306e8,FUN_001306e8,16,1,unknown,,unknown,0,0
0x001306f8,FUN_001306f8,16,1,unknown,,unknown,0,0
0x00130708,FUN_00130708,16,1,unknown,,unknown,0,0
0x00130910,FUN_00130910,1396,1,unknown,,unknown,0,0
0x0013173c,FUN_0013173c,324,1,unknown,,unknown,0,0
0x0013285c,FUN_0013285c,128,1,unknown,,unknown,0,0
0x001328dc,FUN_001328dc,224,1,unknown,,unknown,0,0
0x001329bc,FUN_001329bc,648,1,unknown,,unknown,0,0
0x00132c44,FUN_00132c44,708,1,unknown,,unknown,0,0
0x00132f08,FUN_00132f08,100,1,unknown,,unknown,0,0
0x00132f6c,FUN_00132f6c,704,2,unknown,,unknown,0,0
0x0013322c,FUN_0013322c,336,1,unknown,,unknown,0,0
0x0013337c,FUN_0013337c,2076,2,unknown,,unknown,0,0
0x0013494c,FUN_0013494c,1348,1,unknown,,unknown,0,0
0x00134fbc,FUN_00134fbc,1348,1,unknown,,unknown,0,0
0x0013562c,FUN_0013562c,2000,1,unknown,,unknown,0,0
0x00135f88,FUN_00135f88,1380,2,unknown,,unknown,0,0
0x001365a8,FUN_001365a8,4228,1,unknown,,unknown,0,0
0x00138bf0,FUN_00138bf0,6052,2,unknown,,unknown,0,0
0x0013a53c,FUN_0013a53c,944,1,unknown,,unknown,0,0
0x0013a9c4,FUN_0013a9c4,1256,5,unknown,,unknown,0,0
0x0013b6d0,FUN_0013b6d0,476,1,unknown,,unknown,0,0
0x0013b8ac,FUN_0013b8ac,392,1,unknown,,unknown,0,0
0x0013beec,FUN_0013beec,700,14,unknown,,unknown,0,0
0x0013c204,FUN_0013c204,940,11,unknown,,unknown,0,0
0x0013c63c,FUN_0013c63c,640,27,unknown,,unknown,0,0
0x0013d2a0,FUN_0013d2a0,220,1,unknown,,unknown,0,0
0x0013d37c,FUN_0013d37c,400,2,unknown,,unknown,0,0
0x0013d580,FUN_0013d580,384,2,unknown,,unknown,0,0
0x0013dc7c,FUN_0013dc7c,308,1,unknown,,unknown,0,0
0x0013ddb0,FUN_0013ddb0,212,1,unknown,,unknown,0,0
0x0013e804,FUN_0013e804,508,8,unknown,,unknown,0,0
0x0013f03c,FUN_0013f03c,124,1,unknown,,unknown,0,0
0x0013f0b8,FUN_0013f0b8,88,3,unknown,,unknown,0,0
0x0013f2b4,FUN_0013f2b4,168,1,unknown,,unknown,0,0
0x001419e8,FUN_001419e8,3164,1,unknown,,unknown,0,0
0x00143908,FUN_00143908,124,1,unknown,,unknown,0,0
0x00143a48,FUN_00143a48,596,3,unknown,,unknown,0,0
0x00143c9c,FUN_00143c9c,500,1,unknown,,unknown,0,0
0x00143e90,FUN_00143e90,1184,4,unknown,,unknown,0,0
0x00144330,FUN_00144330,472,2,unknown,,unknown,0,0
0x00144508,FUN_00144508,216,2,red,lib/libvpcomm,source-path,3,1
0x001445e0,FUN_001445e0,200,1,unknown,,unknown,0,0
0x001446a8,FUN_001446a8,1480,1,unknown,,unknown,0,0
0x00144c70,FUN_00144c70,1220,1,unknown,,unknown,0,0
0x001475a4,FUN_001475a4,52,5,unknown,,unknown,0,0
0x001476a4,FUN_001476a4,692,1,unknown,,unknown,0,0
0x00147958,FUN_00147958,116,1,unknown,,unknown,0,0
0x001479cc,FUN_001479cc,96,4,unknown,,unknown,0,0
0x00147a2c,FUN_00147a2c,532,1,unknown,,unknown,0,0
0x00147c40,FUN_00147c40,1068,1,unknown,,unknown,0,0
0x0014806c,FUN_0014806c,1136,2,unknown,,unknown,0,0
0x001484dc,FUN_001484dc,420,2,unknown,,unknown,0,0
0x0014a3e4,FUN_0014a3e4,5104,1,unknown,,unknown,0,0
0x0014b964,FUN_0014b964,2364,1,unknown,,unknown,0,0
0x0014da94,FUN_0014da94,5192,1,unknown,,unknown,0,0
0x00150f2c,FUN_00150f2c,88,1,unknown,,unknown,0,0
0x00150f84,FUN_00150f84,88,1,unknown,,unknown,0,0
0x00150fdc,FUN_00150fdc,100,1,unknown,,unknown,0,0
0x00151040,FUN_00151040,100,1,unknown,,unknown,0,0
0x001510a4,FUN_001510a4,472,1,unknown,,unknown,0,0
0x0015127c,FUN_0015127c,92,1,unknown,,unknown,0,0
0x001512d8,FUN_001512d8,496,2,unknown,,unknown,0,0
0x001514c8,FUN_001514c8,304,2,unknown,,unknown,0,0
0x001515f8,FUN_001515f8,292,1,unknown,,unknown,0,0
0x0015171c,FUN_0015171c,296,1,unknown,,unknown,0,0
0x00151844,FUN_00151844,800,1,unknown,,unknown,0,0
0x0015406c,FUN_0015406c,1316,1,unknown,,unknown,0,0
0x001557c8,FUN_001557c8,948,1,unknown,,unknown,0,0
0x00156ad4,FUN_00156ad4,4556,1,unknown,,unknown,0,0
0x0015aba4,FUN_0015aba4,1884,1,unknown,,unknown,0,0
0x0015bc7c,FUN_0015bc7c,1292,1,unknown,,unknown,0,0
0x0015c91c,FUN_0015c91c,56,4,unknown,,unknown,0,0
0x0015c990,FUN_0015c990,32,2,unknown,,unknown,0,0
0x0015c9b0,FUN_0015c9b0,92,1,unknown,,unknown,0,0
0x0015ca0c,FUN_0015ca0c,32,2,unknown,,unknown,0,0
0x0015ca40,FUN_0015ca40,176,3,unknown,,unknown,0,0
0x0015caf0,FUN_0015caf0,528,1,unknown,,unknown,0,0
0x0015cd00,FUN_0015cd00,768,5,unknown,,unknown,0,0
0x0015d000,FUN_0015d000,148,1,unknown,,unknown,0,0
0x0015d538,FUN_0015d538,276,2,unknown,,unknown,0,0
0x0015d64c,FUN_0015d64c,544,1,unknown,,unknown,0,0
0x0015d86c,FUN_0015d86c,1888,1,unknown,,unknown,0,0
0x0015dfcc,FUN_0015dfcc,364,1,unknown,,unknown,0,0
0x0015e8cc,FUN_0015e8cc,304,3,unknown,,unknown,0,0
0x0015ebdc,FUN_0015ebdc,420,1,unknown,,unknown,0,0
0x0015ed80,FUN_0015ed80,692,2,unknown,,unknown,0,0
0x0015f034,FUN_0015f034,232,1,unknown,,unknown,0,0
0x0015f11c,FUN_0015f11c,260,2,unknown,,unknown,0,0
0x0015f220,FUN_0015f220,3896,2,unknown,,unknown,0,0
0x00160158,FUN_00160158,7412,2,unknown,,unknown,0,0
0x00161ffc,FUN_00161ffc,5608,2,unknown,,unknown,0,0
0x001636ac,FUN_001636ac,2076,2,unknown,,unknown,0,0
0x00163f10,FUN_00163f10,84,1,unknown,,unknown,0,0
0x00167654,FUN_00167654,312,1,unknown,,unknown,0,0
0x001677d4,FUN_001677d4,4040,3,unknown,,unknown,0,0
0x0016a1fc,FUN_0016a1fc,152,2,unknown,,unknown,0,0
0x0016a6cc,FUN_0016a6cc,332,1,unknown,,unknown,0,0
0x0016a818,FUN_0016a818,1828,1,unknown,,unknown,0,0
0x0016b2dc,FUN_0016b2dc,1148,1,unknown,,unknown,0,0
0x0016b878,FUN_0016b878,140,2,unknown,,unknown,0,0
0x0016b904,FUN_0016b904,6740,1,unknown,,unknown,0,0
0x0016df14,FUN_0016df14,3556,1,unknown,,unknown,0,0
0x00174224,FUN_00174224,668,5,unknown,,unknown,0,0
0x001745d0,FUN_001745d0,2252,1,unknown,,unknown,0,0
0x001755c8,FUN_001755c8,432,2,unknown,,unknown,0,0
0x00175778,FUN_00175778,372,3,unknown,,unknown,0,0
0x001758ec,FUN_001758ec,68,4,unknown,,unknown,0,0
0x00175930,FUN_00175930,180,1,unknown,,unknown,0,0
0x001759e4,FUN_001759e4,160,2,unknown,,unknown,0,0
0x00175a84,FUN_00175a84,128,4,unknown,,unknown,0,0
0x00175b04,FUN_00175b04,756,3,unknown,,unknown,0,0
0x00175e14,FUN_00175e14,216,1,unknown,,unknown,0,0
0x00175eec,FUN_00175eec,328,1,unknown,,unknown,0,0
0x00176034,FUN_00176034,252,1,unknown,,unknown,0,0
0x00176130,FUN_00176130,1760,1,unknown,,unknown,0,0
0x00176938,FUN_00176938,3332,1,red,lib/libpipeline,source-path,3,1
0x001776d0,FUN_001776d0,3112,2,unknown,,unknown,0,0
0x00178394,FUN_00178394,3588,1,unknown,,unknown,0,0
0x00179344,FUN_00179344,456,4,unknown,,unknown,0,0
0x00179ee8,FUN_00179ee8,184,2,unknown,,unknown,0,0
0x00179fa0,FUN_00179fa0,3896,2,unknown,,unknown,0,0
0x0017aed8,FUN_0017aed8,2356,35,unknown,,unknown,0,0
0x0017b834,FUN_0017b834,4716,1,unknown,,unknown,0,0
0x0017ec84,FUN_0017ec84,956,1,unknown,,unknown,0,0
0x00183e64,FUN_00183e64,1084,1,unknown,,unknown,0,0
0x00184f44,FUN_00184f44,224,6,unknown,,unknown,0,0
0x00185024,FUN_00185024,228,2,unknown,,unknown,0,0
0x00185108,FUN_00185108,92,2,unknown,,unknown,0,0
0x00185164,FUN_00185164,108,2,unknown,,unknown,0,0
0x001855b0,FUN_001855b0,208,1,unknown,,unknown,0,0
0x00185680,FUN_00185680,1560,3,unknown,,unknown,0,0
0x00187e24,FUN_00187e24,1372,1,unknown,,unknown,0,0
0x00189a30,FUN_00189a30,980,1,unknown,,unknown,0,0
0x0018f630,FUN_0018f630,1660,1,unknown,,unknown,0,0
0x00190738,FUN_00190738,36,2,unknown,,unknown,0,0
0x00190774,FUN_00190774,24,2,unknown,,unknown,0,0
0x001907b8,FUN_001907b8,28,1,unknown,,unknown,0,0
0x001907d4,FUN_001907d4,16,1,unknown,,unknown,0,0
0x001907e4,FUN_001907e4,2616,2,unknown,,unknown,0,0
0x00191264,FUN_00191264,32,6,unknown,,unknown,0,0
0x00191284,FUN_00191284,92,2,unknown,,unknown,0,0
0x001912e0,FUN_001912e0,32,2,unknown,,unknown,0,0
0x00191300,FUN_00191300,72,6,unknown,,unknown,0,0
0x00191348,FUN_00191348,160,3,unknown,,unknown,0,0
0x001913e8,FUN_001913e8,32,6,unknown,,unknown,0,0
0x00191408,FUN_00191408,32,6,unknown,,unknown,0,0
0x00191428,FUN_00191428,32,2,unknown,,unknown,0,0
0x001914b0,FUN_001914b0,168,1,unknown,,unknown,0,0
0x00191558,FUN_00191558,288,1,unknown,,unknown,0,0
0x00191678,FUN_00191678,80,3,unknown,,unknown,0,0
0x001916c8,FUN_001916c8,308,1,unknown,,unknown,0,0
0x00191b58,FUN_00191b58,64,6,unknown,,unknown,0,0
0x00191b98,FUN_00191b98,64,4,unknown,,unknown,0,0
0x00191bd8,FUN_00191bd8,100,1,unknown,,unknown,0,0
0x00191c3c,FUN_00191c3c,64,1,unknown,,unknown,0,0
0x00191d7c,FUN_00191d7c,204,1,unknown,,unknown,0,0
0x00191e48,FUN_00191e48,296,1,unknown,,unknown,0,0
0x00191f70,FUN_00191f70,64,2,unknown,,unknown,0,0
0x00191fb0,FUN_00191fb0,64,2,unknown,,unknown,0,0
0x00191ff0,FUN_00191ff0,624,1,unknown,,unknown,0,0
0x00192284,FUN_00192284,64,2,unknown,,unknown,0,0
0x00192304,FUN_00192304,68,1,unknown,,unknown,0,0
0x00192348,FUN_00192348,260,1,unknown,,unknown,0,0
0x0019244c,FUN_0019244c,84,4,unknown,,unknown,0,0
0x001924a0,FUN_001924a0,84,3,unknown,,unknown,0,0
0x001924f4,FUN_001924f4,84,2,unknown,,unknown,0,0
0x00192548,FUN_00192548,84,1,unknown,,unknown,0,0
0x0019259c,FUN_0019259c,84,1,unknown,,unknown,0,0
0x00192644,FUN_00192644,84,1,unknown,,unknown,0,0
0x00192698,FUN_00192698,84,1,unknown,,unknown,0,0
0x00192740,FUN_00192740,84,1,unknown,,unknown,0,0
0x00192794,FUN_00192794,164,3,unknown,,unknown,0,0
0x00192838,FUN_00192838,300,1,unknown,,unknown,0,0
0x00192964,FUN_00192964,144,1,unknown,,unknown,0,0
0x001929f4,FUN_001929f4,144,4,unknown,,unknown,0,0
0x00192a84,FUN_00192a84,300,1,unknown,,unknown,0,0
0x00192bb0,FUN_00192bb0,144,4,unknown,,unknown,0,0
0x00192c40,FUN_00192c40,84,4,unknown,,unknown,0,0
0x00192c94,FUN_00192c94,160,4,unknown,,unknown,0,0
0x00192d34,FUN_00192d34,68,7,unknown,,unknown,0,0
0x00192d78,FUN_00192d78,188,1,unknown,,unknown,0,0
0x00192e34,FUN_00192e34,208,1,unknown,,unknown,0,0
0x00192f04,FUN_00192f04,112,1,unknown,,unknown,0,0
0x00192fe0,FUN_00192fe0,200,1,unknown,,unknown,0,0
0x001930a8,FUN_001930a8,92,3,unknown,,unknown,0,0
0x00193104,FUN_00193104,216,1,unknown,,unknown,0,0
0x001931dc,FUN_001931dc,96,2,unknown,,unknown,0,0
0x0019323c,FUN_0019323c,188,3,unknown,,unknown,0,0
0x001932f8,FUN_001932f8,84,2,unknown,,unknown,0,0
0x0019334c,FUN_0019334c,104,1,unknown,,unknown,0,0
0x001933b4,FUN_001933b4,88,2,unknown,,unknown,0,0
0x0019340c,FUN_0019340c,96,1,unknown,,unknown,0,0
0x0019346c,FUN_0019346c,80,2,unknown,,unknown,0,0
0x001934bc,FUN_001934bc,96,1,unknown,,unknown,0,0
0x0019351c,FUN_0019351c,80,2,unknown,,unknown,0,0
0x0019356c,FUN_0019356c,96,1,unknown,,unknown,0,0
0x001935cc,FUN_001935cc,92,1,unknown,,unknown,0,0
0x00193628,FUN_00193628,80,2,unknown,,unknown,0,0
0x00193678,FUN_00193678,232,6,unknown,,unknown,0,0
0x00193760,FUN_00193760,244,6,unknown,,unknown,0,0
0x00193854,FUN_00193854,296,6,unknown,,unknown,0,0
0x0019397c,FUN_0019397c,108,1,unknown,,unknown,0,0
0x001939e8,FUN_001939e8,108,2,unknown,,unknown,0,0
0x00193a54,FUN_00193a54,492,1,unknown,,unknown,0,0
0x00193cac,FUN_00193cac,484,3,unknown,,unknown,0,0
0x00193e90,FUN_00193e90,248,1,unknown,,unknown,0,0
0x00193f88,FUN_00193f88,112,1,unknown,,unknown,0,0
0x00193ff8,FUN_00193ff8,172,1,unknown,,unknown,0,0
0x001940a4,FUN_001940a4,176,1,unknown,,unknown,0,0
0x00194154,FUN_00194154,296,12,unknown,,unknown,0,0
0x0019427c,FUN_0019427c,204,3,unknown,,unknown,0,0
0x00194348,FUN_00194348,124,3,unknown,,unknown,0,0
0x001943c4,FUN_001943c4,104,3,unknown,,unknown,0,0
0x0019442c,FUN_0019442c,84,4,unknown,,unknown,0,0
0x001944e8,FUN_001944e8,104,3,unknown,,unknown,0,0
0x00194710,FUN_00194710,104,4,unknown,,unknown,0,0
0x00194778,FUN_00194778,104,3,unknown,,unknown,0,0
0x001947e0,FUN_001947e0,104,4,unknown,,unknown,0,0
0x00194848,FUN_00194848,104,4,unknown,,unknown,0,0
0x001948b0,FUN_001948b0,104,4,unknown,,unknown,0,0
0x00194918,FUN_00194918,140,2,unknown,,unknown,0,0
0x001949a4,FUN_001949a4,404,1,unknown,,unknown,0,0
0x00195028,FUN_00195028,84,1,unknown,,unknown,0,0
0x0019507c,FUN_0019507c,72,3,unknown,,unknown,0,0
0x001950d0,FUN_001950d0,12,2,unknown,,unknown,0,0
0x001950dc,FUN_001950dc,92,1,unknown,,unknown,0,0
0x00195138,FUN_00195138,220,2,unknown,,unknown,0,0
0x00195214,FUN_00195214,28,1,unknown,,unknown,0,0
0x00195284,FUN_00195284,252,1,unknown,,unknown,0,0
0x00195380,FUN_00195380,292,1,unknown,,unknown,0,0
0x001954a4,FUN_001954a4,196,1,unknown,,unknown,0,0
0x00195568,FUN_00195568,20,1,unknown,,unknown,0,0
0x00195654,FUN_00195654,1720,1,unknown,,unknown,0,0
0x00195d0c,FUN_00195d0c,80,1,unknown,,unknown,0,0
0x00195d5c,FUN_00195d5c,524,2,unknown,,unknown,0,0
0x00195f68,FUN_00195f68,276,2,unknown,,unknown,0,0
0x0019607c,FUN_0019607c,728,2,unknown,,unknown,0,0
0x00196354,FUN_00196354,552,2,unknown,,unknown,0,0
0x0019657c,FUN_0019657c,616,1,unknown,,unknown,0,0
0x001967e4,FUN_001967e4,132,1,unknown,,unknown,0,0
0x00196868,FUN_00196868,92,1,unknown,,unknown,0,0
0x001968c4,FUN_001968c4,196,2,unknown,,unknown,0,0
0x00196988,FUN_00196988,248,9,unknown,,unknown,0,0
0x00196c10,FUN_00196c10,52,2,unknown,,unknown,0,0
0x00196c98,FUN_00196c98,608,7,unknown,,unknown,0,0
0x00197270,FUN_00197270,148,3,unknown,,unknown,0,0
0x00197304,FUN_00197304,172,4,unknown,,unknown,0,0
0x001973b0,FUN_001973b0,764,1,unknown,,unknown,0,0
0x001976f0,FUN_001976f0,224,4,unknown,,unknown,0,0
0x001977d0,FUN_001977d0,248,4,unknown,,unknown,0,0
0x001978c8,FUN_001978c8,284,2,unknown,,unknown,0,0
0x001979e4,FUN_001979e4,664,1,unknown,,unknown,0,0
0x00197c7c,FUN_00197c7c,236,13,unknown,,unknown,0,0
0x00197d68,FUN_00197d68,396,2,unknown,,unknown,0,0
0x00197ef4,FUN_00197ef4,1756,1,unknown,,unknown,0,0
0x001985d0,FUN_001985d0,528,1,unknown,,unknown,0,0
0x001987e0,FUN_001987e0,412,1,unknown,,unknown,0,0
0x0019897c,FUN_0019897c,2180,1,unknown,,unknown,0,0
0x00199200,FUN_00199200,132,1,unknown,,unknown,0,0
0x00199284,FUN_00199284,1884,1,unknown,,unknown,0,0
0x001999e0,FUN_001999e0,1336,5,unknown,,unknown,0,0
0x00199f18,FUN_00199f18,392,4,unknown,,unknown,0,0
0x0019a2d4,FUN_0019a2d4,724,2,unknown,,unknown,0,0
0x0019a908,FUN_0019a908,724,2,unknown,,unknown,0,0
0x0019af3c,FUN_0019af3c,708,2,unknown,,unknown,0,0
0x0019b200,FUN_0019b200,820,1,unknown,,unknown,0,0
0x0019b574,FUN_0019b574,568,7,unknown,,unknown,0,0
0x0019ba7c,FUN_0019ba7c,200,2,unknown,,unknown,0,0
0x0019c068,FUN_0019c068,188,2,unknown,,unknown,0,0
0x0019c330,FUN_0019c330,600,8,unknown,,unknown,0,0
0x0019c588,FUN_0019c588,716,6,unknown,,unknown,0,0
0x0019cb6c,FUN_0019cb6c,820,4,unknown,,unknown,0,0
0x0019d098,FUN_0019d098,68,1,unknown,,unknown,0,0
0x0019d0dc,FUN_0019d0dc,280,11,unknown,,unknown,0,0
0x0019d594,FUN_0019d594,284,1,unknown,,unknown,0,0
0x0019d6b0,FUN_0019d6b0,400,6,unknown,,unknown,0,0
0x0019d840,FUN_0019d840,624,1,unknown,,unknown,0,0
0x0019dab0,FUN_0019dab0,260,1,unknown,,unknown,0,0
0x0019dbb4,FUN_0019dbb4,192,6,unknown,,unknown,0,0
0x0019dd40,FUN_0019dd40,72,3,unknown,,unknown,0,0
0x0019dd88,FUN_0019dd88,84,2,unknown,,unknown,0,0
0x0019dddc,FUN_0019dddc,68,1,unknown,,unknown,0,0
0x0019de20,FUN_0019de20,68,1,unknown,,unknown,0,0
0x0019de64,FUN_0019de64,80,5,unknown,,unknown,0,0
0x0019deb4,FUN_0019deb4,2748,10,unknown,,unknown,0,0
0x0019e970,FUN_0019e970,144,6,unknown,,unknown,0,0
0x0019f5a8,FUN_0019f5a8,224,4,unknown,,unknown,0,0
0x0019f8b0,FUN_0019f8b0,120,2,unknown,,unknown,0,0
0x0019f928,FUN_0019f928,328,3,unknown,,unknown,0,0
0x0019fa94,FUN_0019fa94,148,1,unknown,,unknown,0,0
0x0019fb28,FUN_0019fb28,36,46,unknown,,unknown,0,0
0x0019fb4c,FUN_0019fb4c,120,2,unknown,,unknown,0,0
0x0019fc3c,FUN_0019fc3c,24,2,unknown,,unknown,0,0
0x0019fc98,FUN_0019fc98,52,19,unknown,,unknown,0,0
0x0019fccc,FUN_0019fccc,68,15,unknown,,unknown,0,0
0x0019fec8,FUN_0019fec8,56,59,unknown,,unknown,0,0
0x0019ff00,FUN_0019ff00,28,51,unknown,,unknown,0,0
0x0019ff1c,FUN_0019ff1c,508,1,unknown,,unknown,0,0
0x001a0118,FUN_001a0118,32,16,unknown,,unknown,0,0
0x001a0138,FUN_001a0138,392,16,unknown,,unknown,0,0
0x001a02c0,FUN_001a02c0,16,78,unknown,,unknown,0,0
0x001a02d0,FUN_001a02d0,1148,1,unknown,,unknown,0,0
0x001a0ab8,FUN_001a0ab8,60,5,unknown,,unknown,0,0
0x001a0c54,FUN_001a0c54,328,1,unknown,,unknown,0,0
0x001a0f08,FUN_001a0f08,72,1,unknown,,unknown,0,0
0x001a0f50,FUN_001a0f50,44,11,unknown,,unknown,0,0
0x001a0f7c,FUN_001a0f7c,32,22,unknown,,unknown,0,0
0x001a18b4,FUN_001a18b4,408,4,unknown,,unknown,0,0
0x001a1e98,FUN_001a1e98,44,22,unknown,,unknown,0,0
0x001a2210,FUN_001a2210,172,2,unknown,,unknown,0,0
0x001a2528,FUN_001a2528,36,1,unknown,,unknown,0,0
0x001a254c,FUN_001a254c,104,2,unknown,,unknown,0,0
0x001a25b4,FUN_001a25b4,144,1,unknown,,unknown,0,0
0x001a2644,FUN_001a2644,12,1,unknown,,unknown,0,0
0x001a265c,FUN_001a265c,24,3,unknown,,unknown,0,0
0x001a2674,FUN_001a2674,220,3,unknown,,unknown,0,0
0x001a2750,FUN_001a2750,100,3,unknown,,unknown,0,0
0x001a283c,FUN_001a283c,136,1,unknown,,unknown,0,0
0x001a28f0,FUN_001a28f0,44,1,unknown,,unknown,0,0
0x001a295c,FUN_001a295c,88,3,unknown,,unknown,0,0
0x001a29b4,FUN_001a29b4,208,4,unknown,,unknown,0,0
0x001a2a84,FUN_001a2a84,16,1,unknown,,unknown,0,0
0x001a2a94,FUN_001a2a94,20,1,unknown,,unknown,0,0
0x001a2aa8,FUN_001a2aa8,60,1,unknown,,unknown,0,0
0x001a2ae4,FUN_001a2ae4,1388,2,unknown,,unknown,0,0
0x001a3050,FUN_001a3050,568,1,unknown,,unknown,0,0
0x001a3288,FUN_001a3288,24,1,unknown,,unknown,0,0
0x001a32a0,FUN_001a32a0,100,2,unknown,,unknown,0,0
0x001a3304,FUN_001a3304,24,1,unknown,,unknown,0,0
0x001a331c,FUN_001a331c,940,1,unknown,,unknown,0,0
0x001a36c8,FUN_001a36c8,128,1,unknown,,unknown,0,0
0x001a3748,FUN_001a3748,916,1,unknown,,unknown,0,0
0x001a3adc,FUN_001a3adc,92,1,unknown,,unknown,0,0
0x001a3b38,FUN_001a3b38,932,1,unknown,,unknown,0,0
0x001a3edc,FUN_001a3edc,80,1,unknown,,unknown,0,0
0x001a3f2c,FUN_001a3f2c,660,1,unknown,,unknown,0,0
0x001a41c0,FUN_001a41c0,24,1,unknown,,unknown,0,0
0x001a422c,FUN_001a422c,28,1,unknown,,unknown,0,0
0x001a4284,FUN_001a4284,64,1,unknown,,unknown,0,0
0x001a42c4,FUN_001a42c4,88,1,unknown,,unknown,0,0
0x001a43bc,FUN_001a43bc,116,2,unknown,,unknown,0,0
0x001a4430,FUN_001a4430,100,3,unknown,,unknown,0,0
0x001a46c8,FUN_001a46c8,288,1,unknown,,unknown,0,0
0x001a490c,FUN_001a490c,292,1,unknown,,unknown,0,0
0x001a57cc,FUN_001a57cc,160,11,unknown,,unknown,0,0
0x001a586c,FUN_001a586c,176,6,unknown,,unknown,0,0
0x001a591c,FUN_001a591c,240,1,unknown,,unknown,0,0
0x001a5b10,FUN_001a5b10,404,2,unknown,,unknown,0,0
0x001a5ca4,FUN_001a5ca4,348,2,unknown,,unknown,0,0
0x001a5e00,FUN_001a5e00,212,2,unknown,,unknown,0,0
0x001a5f3c,FUN_001a5f3c,36,2,unknown,,unknown,0,0
0x001a5f60,FUN_001a5f60,56,2,unknown,,unknown,0,0
0x001a5fa8,FUN_001a5fa8,1356,2,unknown,,unknown,0,0
0x001a64f4,FUN_001a64f4,1264,2,unknown,,unknown,0,0
0x001a69e4,FUN_001a69e4,312,2,unknown,,unknown,0,0
0x001a6b1c,FUN_001a6b1c,872,2,unknown,,unknown,0,0
0x001a6e84,FUN_001a6e84,584,5,red,app_modules/vpimgproc,source-path,3,1
0x001a7314,FUN_001a7314,160,5,unknown,,unknown,0,0
0x001a73b4,FUN_001a73b4,76,1,unknown,,unknown,0,0
0x001a7400,FUN_001a7400,76,2,unknown,,unknown,0,0
0x001a744c,FUN_001a744c,80,2,unknown,,unknown,0,0
0x001a749c,FUN_001a749c,104,2,unknown,,unknown,0,0
0x001a7504,FUN_001a7504,32,2,unknown,,unknown,0,0
0x001a7544,FUN_001a7544,748,2,red,app_modules/profilemgr,source-path,3,1
0x001a8020,FUN_001a8020,472,1,unknown,,unknown,0,0
0x001a81f8,FUN_001a81f8,156,1,unknown,,unknown,0,0
0x001a8294,FUN_001a8294,336,7,unknown,,unknown,0,0
0x001a83e4,FUN_001a83e4,304,5,unknown,,unknown,0,0
0x001a85c8,FUN_001a85c8,148,1,unknown,,unknown,0,0
0x001a865c,FUN_001a865c,148,1,unknown,,unknown,0,0
0x001a8838,FUN_001a8838,556,2,unknown,,unknown,0,0
0x001a8a64,FUN_001a8a64,1624,12,unknown,,unknown,0,0
0x001a92fc,FUN_001a92fc,552,5,unknown,,unknown,0,0
0x001a9524,FUN_001a9524,764,2,unknown,,unknown,0,0
0x001a9820,FUN_001a9820,16,3,unknown,,unknown,0,0
0x001a9830,FUN_001a9830,424,3,unknown,,unknown,0,0
0x001a99d8,FUN_001a99d8,424,1,unknown,,unknown,0,0
0x001a9b80,FUN_001a9b80,716,1,unknown,,unknown,0,0
0x001a9e4c,FUN_001a9e4c,16,3,unknown,,unknown,0,0
0x001a9e5c,FUN_001a9e5c,668,1,unknown,,unknown,0,0
0x001aa0f8,FUN_001aa0f8,16,3,unknown,,unknown,0,0
0x001aa108,FUN_001aa108,560,1,unknown,,unknown,0,0
0x001aa4fc,FUN_001aa4fc,180,2,unknown,,unknown,0,0
0x001aa5b0,FUN_001aa5b0,44,1,unknown,,unknown,0,0
0x001aa5dc,FUN_001aa5dc,40,2,unknown,,unknown,0,0
0x001aa604,FUN_001aa604,44,2,unknown,,unknown,0,0
0x001aa674,FUN_001aa674,228,3,unknown,,unknown,0,0
0x001aa758,FUN_001aa758,196,2,unknown,,unknown,0,0
0x001aa8f8,FUN_001aa8f8,240,5,unknown,,unknown,0,0
0x001aac18,FUN_001aac18,2220,2,unknown,,unknown,0,0
0x001ab4c4,FUN_001ab4c4,1980,3,unknown,,unknown,0,0
0x001abc80,FUN_001abc80,64,4,unknown,,unknown,0,0
0x001abcc0,FUN_001abcc0,64,5,unknown,,unknown,0,0
0x001abd00,FUN_001abd00,64,1,unknown,,unknown,0,0
0x001aca04,FUN_001aca04,116,24,unknown,,unknown,0,0
0x001aca78,FUN_001aca78,164,6,unknown,,unknown,0,0
0x001ad220,FUN_001ad220,548,3,red,,callgraph,2,1
0x001ad444,FUN_001ad444,184,2,unknown,,unknown,0,0
0x001ad4fc,FUN_001ad4fc,168,1,unknown,,unknown,0,0
0x001ad678,FUN_001ad678,152,3,unknown,,unknown,0,0
0x001ad710,FUN_001ad710,472,11,unknown,,unknown,0,0
0x001ad9cc,FUN_001ad9cc,140,2,unknown,,unknown,0,0
0x001ada58,FUN_001ada58,236,37,unknown,,unknown,0,0
0x001adb44,FUN_001adb44,520,59,unknown,,unknown,0,0
0x001ae448,FUN_001ae448,584,17,unknown,,unknown,0,0
0x001ae878,FUN_001ae878,188,10,unknown,,unknown,0,0
0x001ae934,FUN_001ae934,640,3,unknown,,unknown,0,0
0x001aebb4,FUN_001aebb4,84,3,unknown,,unknown,0,0
0x001aec08,FUN_001aec08,76,2,unknown,,unknown,0,0
0x001aec54,FUN_001aec54,72,3,unknown,,unknown,0,0
0x001aec9c,FUN_001aec9c,72,5,unknown,,unknown,0,0
0x001af000,FUN_001af000,244,4,unknown,,unknown,0,0
0x001b0ae4,FUN_001b0ae4,860,1,unknown,,unknown,0,0
0x001b1c70,FUN_001b1c70,96,6,red,lib/libsensor,callgraph,2,1
0x001b1cd0,FUN_001b1cd0,96,4,red,lib/libsensor,callgraph,2,1
0x001b1d30,FUN_001b1d30,120,1,unknown,,unknown,0,0
0x001b1da8,FUN_001b1da8,204,1,unknown,,unknown,0,0
0x001b1e74,FUN_001b1e74,96,1,unknown,,unknown,0,0
0x001b1f34,FUN_001b1f34,96,1,unknown,,unknown,0,0
0x001b1f94,FUN_001b1f94,96,1,unknown,,unknown,0,0
0x001b1ff4,FUN_001b1ff4,96,1,unknown,,unknown,0,0
0x001b2054,FUN_001b2054,96,1,unknown,,unknown,0,0
0x001b20b4,FUN_001b20b4,84,3,unknown,,unknown,0,0
0x001b2108,FUN_001b2108,96,1,unknown,,unknown,0,0
0x001b2228,FUN_001b2228,512,1,unknown,,unknown,0,0
0x001b2428,FUN_001b2428,428,1,unknown,,unknown,0,0
0x001b2694,FUN_001b2694,64,1,unknown,,unknown,0,0
0x001b26d4,FUN_001b26d4,64,2,unknown,,unknown,0,0
0x001b2714,FUN_001b2714,72,10,unknown,,unknown,0,0
0x001b275c,FUN_001b275c,64,3,unknown,,unknown,0,0
0x001b279c,FUN_001b279c,64,1,unknown,,unknown,0,0
0x001b27dc,FUN_001b27dc,64,4,unknown,,unknown,0,0
0x001b281c,FUN_001b281c,64,1,unknown,,unknown,0,0
0x001b285c,FUN_001b285c,64,1,unknown,,unknown,0,0
0x001b289c,FUN_001b289c,64,1,unknown,,unknown,0,0
0x001b28dc,FUN_001b28dc,64,1,unknown,,unknown,0,0
0x001b291c,FUN_001b291c,72,3,unknown,,unknown,0,0
0x001b2964,FUN_001b2964,64,1,unknown,,unknown,0,0
0x001b29a4,FUN_001b29a4,104,1,unknown,,unknown,0,0
0x001b2a0c,FUN_001b2a0c,64,5,unknown,,unknown,0,0
0x001b2a4c,FUN_001b2a4c,152,1,unknown,,unknown,0,0
0x001b2ae4,FUN_001b2ae4,152,1,unknown,,unknown,0,0
0x001b2b7c,FUN_001b2b7c,88,1,unknown,,unknown,0,0
0x001b2bd4,FUN_001b2bd4,316,6,unknown,,unknown,0,0
0x001b2d10,FUN_001b2d10,496,5,unknown,,unknown,0,0
0x001b2fe0,FUN_001b2fe0,224,6,unknown,,unknown,0,0
0x001b3110,FUN_001b3110,80,5,unknown,,unknown,0,0
0x001b3160,FUN_001b3160,88,3,unknown,,unknown,0,0
0x001b31f0,FUN_001b31f0,108,3,unknown,,unknown,0,0
0x001b325c,FUN_001b325c,120,3,unknown,,unknown,0,0
0x001b32d4,FUN_001b32d4,60,12,unknown,,unknown,0,0
0x001b3310,FUN_001b3310,20,36,unknown,,unknown,0,0
0x001b3324,FUN_001b3324,20,9,unknown,,unknown,0,0
0x001b3338,FUN_001b3338,20,6,unknown,,unknown,0,0
0x001b334c,FUN_001b334c,100,1,unknown,,unknown,0,0
0x001b33b0,FUN_001b33b0,60,4,unknown,,unknown,0,0
0x001b33ec,FUN_001b33ec,200,14,unknown,,unknown,0,0
0x001b34b4,FUN_001b34b4,252,1,unknown,,unknown,0,0
0x001b35b0,FUN_001b35b0,244,2,unknown,,unknown,0,0
0x001b3e1c,FUN_001b3e1c,464,1,unknown,,unknown,0,0
0x001b48b8,FUN_001b48b8,328,1,unknown,,unknown,0,0
0x001b4ea4,FUN_001b4ea4,28,13,unknown,,unknown,0,0
0x001b4ec0,FUN_001b4ec0,228,9,unknown,,unknown,0,0
0x001b4fa4,FUN_001b4fa4,792,34,unknown,,unknown,0,0
0x001b52bc,FUN_001b52bc,384,19,unknown,,unknown,0,0
0x001b543c,FUN_001b543c,464,3,unknown,,unknown,0,0
0x001b560c,FUN_001b560c,84,29,unknown,,unknown,0,0
0x001b5660,FUN_001b5660,24,7,unknown,,unknown,0,0
0x001b5678,FUN_001b5678,284,3,unknown,,unknown,0,0
0x001b5870,FUN_001b5870,188,3,unknown,,unknown,0,0
0x001b592c,FUN_001b592c,164,3,unknown,,unknown,0,0
0x001b6170,FUN_001b6170,384,1,unknown,,unknown,0,0
0x001b62f0,FUN_001b62f0,872,17,unknown,,unknown,0,0
0x001b6658,FUN_001b6658,460,7,unknown,,unknown,0,0
0x001b6cb4,FUN_001b6cb4,872,3,unknown,,unknown,0,0
0x001b7350,FUN_001b7350,1864,2,unknown,,unknown,0,0
0x001b7aec,FUN_001b7aec,140,1,unknown,,unknown,0,0
0x001b7b78,FUN_001b7b78,104,1,unknown,,unknown,0,0
0x001b7be0,FUN_001b7be0,88,2,unknown,,unknown,0,0
0x001b7c38,FUN_001b7c38,160,1,unknown,,unknown,0,0
0x001b7d98,FUN_001b7d98,224,1,unknown,,unknown,0,0
0x001b7e78,FUN_001b7e78,244,1,unknown,,unknown,0,0
0x001b8014,FUN_001b8014,84,1,unknown,,unknown,0,0
0x001b8068,FUN_001b8068,84,1,unknown,,unknown,0,0
0x001b80bc,FUN_001b80bc,84,5,unknown,,unknown,0,0
0x001b8164,FUN_001b8164,84,1,unknown,,unknown,0,0
0x001b81b8,FUN_001b81b8,28,5,unknown,,unknown,0,0
0x001b81d4,FUN_001b81d4,256,1,unknown,,unknown,0,0
0x001b82d4,FUN_001b82d4,84,1,unknown,,unknown,0,0
0x001b8328,FUN_001b8328,84,1,unknown,,unknown,0,0
0x001b837c,FUN_001b837c,84,1,unknown,,unknown,0,0
0x001b84f4,FUN_001b84f4,84,1,unknown,,unknown,0,0
0x001b8798,FUN_001b8798,152,6,unknown,,unknown,0,0
0x001b8830,FUN_001b8830,104,1,unknown,,unknown,0,0
0x001b8898,FUN_001b8898,104,1,unknown,,unknown,0,0
0x001b8900,FUN_001b8900,156,1,unknown,,unknown,0,0
0x001b8e94,FUN_001b8e94,28,2,unknown,,unknown,0,0
0x001b8f28,FUN_001b8f28,84,12,unknown,,unknown,0,0
0x001b8f7c,FUN_001b8f7c,76,5,unknown,,unknown,0,0
0x001b90d0,FUN_001b90d0,72,3,unknown,,unknown,0,0
0x001b91f8,FUN_001b91f8,84,1,unknown,,unknown,0,0
0x001b924c,FUN_001b924c,20,2,unknown,,unknown,0,0
0x001b935c,FUN_001b935c,28,2,unknown,,unknown,0,0
0x001b9378,FUN_001b9378,44,2,unknown,,unknown,0,0
0x001b942c,FUN_001b942c,312,1,unknown,,unknown,0,0
0x001b9564,FUN_001b9564,284,2,unknown,,unknown,0,0
0x001b9680,FUN_001b9680,240,3,unknown,,unknown,0,0
0x001b9a74,FUN_001b9a74,348,3,unknown,,unknown,0,0
0x001b9bd0,FUN_001b9bd0,652,2,unknown,,unknown,0,0
0x001b9e5c,FUN_001b9e5c,404,1,unknown,,unknown,0,0
0x001bae48,FUN_001bae48,460,1,unknown,,unknown,0,0
0x001bb014,FUN_001bb014,1868,2,unknown,,unknown,0,0
0x001bb760,FUN_001bb760,220,1,unknown,,unknown,0,0
0x001bbb14,FUN_001bbb14,988,2,unknown,,unknown,0,0
0x001bbef0,FUN_001bbef0,100,3,unknown,,unknown,0,0
0x001bc0f0,FUN_001bc0f0,92,4,unknown,,unknown,0,0
0x001bc14c,FUN_001bc14c,52,1,unknown,,unknown,0,0
0x001bc180,FUN_001bc180,160,24,unknown,,unknown,0,0
0x001bc220,FUN_001bc220,164,14,unknown,,unknown,0,0
0x001bc2c4,FUN_001bc2c4,272,1,unknown,,unknown,0,0
0x001bc3d4,FUN_001bc3d4,808,7,unknown,,unknown,0,0
0x001bc8c0,FUN_001bc8c0,180,2,unknown,,unknown,0,0
0x001bc974,FUN_001bc974,316,5,unknown,,unknown,0,0
0x001bcd88,FUN_001bcd88,1240,11,unknown,,unknown,0,0
0x001bd384,FUN_001bd384,424,1,unknown,,unknown,0,0
0x001bd52c,FUN_001bd52c,188,2,unknown,,unknown,0,0
0x001bd5e8,FUN_001bd5e8,192,2,unknown,,unknown,0,0
0x001bd6a8,FUN_001bd6a8,192,6,unknown,,unknown,0,0
0x001bd768,FUN_001bd768,192,2,unknown,,unknown,0,0
0x001bd828,FUN_001bd828,704,2,unknown,,unknown,0,0
0x001bdae8,FUN_001bdae8,564,1,unknown,,unknown,0,0
0x001bdd1c,FUN_001bdd1c,392,2,unknown,,unknown,0,0
0x001bdea4,FUN_001bdea4,176,3,unknown,,unknown,0,0
0x001be03c,FUN_001be03c,164,28,unknown,,unknown,0,0
0x001be0e0,FUN_001be0e0,196,1,unknown,,unknown,0,0
0x001be268,FUN_001be268,560,32,unknown,,unknown,0,0
0x001be498,FUN_001be498,452,7,unknown,,unknown,0,0
0x001be65c,FUN_001be65c,520,1,unknown,,unknown,0,0
0x001be864,FUN_001be864,1148,2,unknown,,unknown,0,0
0x001bece0,FUN_001bece0,784,6,unknown,,unknown,0,0
0x001beff0,FUN_001beff0,240,7,unknown,,unknown,0,0
0x001bf0e0,FUN_001bf0e0,248,2,unknown,,unknown,0,0
0x001bf1d8,FUN_001bf1d8,256,2,unknown,,unknown,0,0
0x001bf2d8,FUN_001bf2d8,232,4,unknown,,unknown,0,0
0x001bf3c0,FUN_001bf3c0,224,4,unknown,,unknown,0,0
0x001bf4a0,FUN_001bf4a0,120,1,unknown,,unknown,0,0
0x001bf518,FUN_001bf518,380,2,unknown,,unknown,0,0
0x001bf694,FUN_001bf694,248,2,unknown,,unknown,0,0
0x001bf8c8,FUN_001bf8c8,160,4,unknown,,unknown,0,0
0x001bf968,FUN_001bf968,228,2,unknown,,unknown,0,0
0x001bfa4c,FUN_001bfa4c,456,2,unknown,,unknown,0,0
0x001bfc14,FUN_001bfc14,496,2,unknown,,unknown,0,0
0x001bfe04,FUN_001bfe04,208,2,unknown,,unknown,0,0
0x001bfed4,FUN_001bfed4,92,4,unknown,,unknown,0,0
0x001bff30,FUN_001bff30,248,2,unknown,,unknown,0,0
0x001c0028,FUN_001c0028,332,2,unknown,,unknown,0,0
0x001c0174,FUN_001c0174,116,7,unknown,,unknown,0,0
0x001c01e8,FUN_001c01e8,120,6,unknown,,unknown,0,0
0x001c0260,FUN_001c0260,604,2,unknown,,unknown,0,0
0x001c04bc,FUN_001c04bc,944,2,unknown,,unknown,0,0
0x001c086c,FUN_001c086c,1240,6,unknown,,unknown,0,0
0x001c0d44,FUN_001c0d44,516,2,unknown,,unknown,0,0
0x001c179c,FUN_001c179c,148,2,unknown,,unknown,0,0
0x001c1830,FUN_001c1830,172,2,unknown,,unknown,0,0
0x001c18dc,uart_init,1680,0,unknown,,unknown,0,0
0x001c2ef4,FUN_001c2ef4,712,5,unknown,,unknown,0,0
0x001c31bc,FUN_001c31bc,504,3,unknown,,unknown,0,0
0x001c34cc,FUN_001c34cc,244,4,unknown,,unknown,0,0
0x001c360c,FUN_001c360c,2088,1,unknown,,unknown,0,0
0x001c46c4,FUN_001c46c4,336,2,unknown,,unknown,0,0
0x001c6484,FUN_001c6484,472,2,unknown,,unknown,0,0
0x001c665c,FUN_001c665c,24,2,unknown,,unknown,0,0
0x001c6674,FUN_001c6674,132,1,unknown,,unknown,0,0
0x001c67bc,FUN_001c67bc,172,5,unknown,,unknown,0,0
0x001c6868,FUN_001c6868,384,1,unknown,,unknown,0,0
0x001c69e8,FUN_001c69e8,980,5,unknown,,unknown,0,0
0x001c6dbc,FUN_001c6dbc,284,7,unknown,,unknown,0,0
0x001c6f6c,FUN_001c6f6c,52,6,unknown,,unknown,0,0
0x001c7090,FUN_001c7090,272,4,unknown,,unknown,0,0
0x001c72c4,FUN_001c72c4,52,8,unknown,,unknown,0,0
0x001c7be8,FUN_001c7be8,360,1,unknown,,unknown,0,0
0x001c7d50,FUN_001c7d50,44,1,unknown,,unknown,0,0
0x001c7d7c,FUN_001c7d7c,60,1,unknown,,unknown,0,0
0x001c7db8,FUN_001c7db8,200,9,unknown,,unknown,0,0
0x001c7e80,FUN_001c7e80,416,1,unknown,,unknown,0,0
0x001c85ac,FUN_001c85ac,248,1,unknown,,unknown,0,0
0x001c86a4,FUN_001c86a4,192,1,unknown,,unknown,0,0
0x001c8764,FUN_001c8764,136,1,unknown,,unknown,0,0
0x001c87ec,FUN_001c87ec,384,1,unknown,,unknown,0,0
0x001c896c,FUN_001c896c,32,2,unknown,,unknown,0,0
0x001c898c,FUN_001c898c,188,1,unknown,,unknown,0,0
0x001c8a48,FUN_001c8a48,200,1,unknown,,unknown,0,0
0x001c8b10,FUN_001c8b10,208,2,unknown,,unknown,0,0
0x001c8c90,FUN_001c8c90,116,1,unknown,,unknown,0,0
0x001c8d04,FUN_001c8d04,148,2,unknown,,unknown,0,0
0x001c8d98,FUN_001c8d98,152,1,unknown,,unknown,0,0
0x001c8e30,FUN_001c8e30,12,1,unknown,,unknown,0,0
0x001c8e3c,FUN_001c8e3c,268,3,unknown,,unknown,0,0
0x001c8f48,FUN_001c8f48,244,1,unknown,,unknown,0,0
0x001c9100,FUN_001c9100,616,3,unknown,,unknown,0,0
0x001c9368,FUN_001c9368,36,1,unknown,,unknown,0,0
0x001c938c,FUN_001c938c,36,1,unknown,,unknown,0,0
0x001c93b0,FUN_001c93b0,344,1,unknown,,unknown,0,0
0x001c9508,FUN_001c9508,256,1,unknown,,unknown,0,0
0x001c9608,FUN_001c9608,616,1,unknown,,unknown,0,0
0x001c9870,FUN_001c9870,236,2,unknown,,unknown,0,0
0x001c995c,FUN_001c995c,180,3,unknown,,unknown,0,0
0x001c9a10,FUN_001c9a10,192,1,unknown,,unknown,0,0
0x001c9ad0,FUN_001c9ad0,192,1,unknown,,unknown,0,0
0x001c9b90,FUN_001c9b90,192,1,unknown,,unknown,0,0
0x001c9e44,FUN_001c9e44,428,2,unknown,,unknown,0,0
0x001c9ff0,FUN_001c9ff0,160,1,unknown,,unknown,0,0
0x001ca090,FUN_001ca090,1188,2,unknown,,unknown,0,0
0x001ca534,FUN_001ca534,200,2,unknown,,unknown,0,0
0x001ca5fc,FUN_001ca5fc,288,2,unknown,,unknown,0,0
0x001ca71c,FUN_001ca71c,516,1,unknown,,unknown,0,0
0x001caa24,FUN_001caa24,172,2,unknown,,unknown,0,0
0x001caad0,FUN_001caad0,388,1,unknown,,unknown,0,0
0x001cac54,FUN_001cac54,420,1,unknown,,unknown,0,0
0x001cadf8,FUN_001cadf8,96,7,unknown,,unknown,0,0
0x001caf4c,FUN_001caf4c,16,1,unknown,,unknown,0,0
0x001cafe8,FUN_001cafe8,60,15,unknown,,unknown,0,0
0x001cb024,FUN_001cb024,76,19,unknown,,unknown,0,0
0x001cb070,FUN_001cb070,96,8,unknown,,unknown,0,0
0x001cb1c0,FUN_001cb1c0,100,20,unknown,,unknown,0,0
0x001cb288,FUN_001cb288,536,2,unknown,,unknown,0,0
0x001cb4a0,FUN_001cb4a0,592,2,unknown,,unknown,0,0
0x001cc0d4,FUN_001cc0d4,1704,8,unknown,,unknown,0,0
0x001cc77c,FUN_001cc77c,916,1,unknown,,unknown,0,0
0x001ccb10,FUN_001ccb10,200,1,unknown,,unknown,0,0
0x001ccc50,FUN_001ccc50,224,136,unknown,,unknown,0,0
0x001ccd30,FUN_001ccd30,288,166,unknown,,unknown,0,0
0x001cce50,FUN_001cce50,212,15,unknown,,unknown,0,0
0x001ccf24,FUN_001ccf24,212,13,unknown,,unknown,0,0
0x001ccff8,FUN_001ccff8,104,2,unknown,,unknown,0,0
0x001cd2c4,FUN_001cd2c4,140,9,unknown,,unknown,0,0
0x001cd350,FUN_001cd350,76,1,unknown,,unknown,0,0
0x001cd39c,FUN_001cd39c,56,7,unknown,,unknown,0,0
0x001cd3d4,FUN_001cd3d4,76,1,unknown,,unknown,0,0
0x001cd420,FUN_001cd420,56,1,unknown,,unknown,0,0
0x001cd458,FUN_001cd458,76,1,unknown,,unknown,0,0
0x001cd4a4,FUN_001cd4a4,56,1,unknown,,unknown,0,0
0x001cd4dc,FUN_001cd4dc,76,1,unknown,,unknown,0,0
0x001cd528,FUN_001cd528,56,1,unknown,,unknown,0,0
0x001cd560,FUN_001cd560,76,1,unknown,,unknown,0,0
0x001cd5ac,FUN_001cd5ac,56,1,unknown,,unknown,0,0
0x001cd5e4,FUN_001cd5e4,56,3,unknown,,unknown,0,0
0x001cd61c,FUN_001cd61c,76,1,unknown,,unknown,0,0
0x001cd668,FUN_001cd668,56,1,unknown,,unknown,0,0
0x001cd6a0,FUN_001cd6a0,76,3,unknown,,unknown,0,0
0x001cd6ec,FUN_001cd6ec,76,4,unknown,,unknown,0,0
0x001cd738,FUN_001cd738,56,4,unknown,,unknown,0,0
0x001cd770,FUN_001cd770,76,5,unknown,,unknown,0,0
0x001cd7bc,FUN_001cd7bc,56,4,unknown,,unknown,0,0
0x001cd840,FUN_001cd840,56,2,unknown,,unknown,0,0
0x001cd8c4,FUN_001cd8c4,56,2,unknown,,unknown,0,0
0x001cd948,FUN_001cd948,56,2,unknown,,unknown,0,0
0x001cd9cc,FUN_001cd9cc,56,1,unknown,,unknown,0,0
0x001cda04,FUN_001cda04,60,2,unknown,,unknown,0,0
0x001cda40,FUN_001cda40,48,1,unknown,,unknown,0,0
0x001cda70,FUN_001cda70,60,1,unknown,,unknown,0,0
0x001cdaac,FUN_001cdaac,48,1,unknown,,unknown,0,0
0x001cdadc,FUN_001cdadc,60,1,unknown,,unknown,0,0
0x001cdb18,FUN_001cdb18,48,1,unknown,,unknown,0,0
0x001cdb48,FUN_001cdb48,60,1,unknown,,unknown,0,0
0x001cdb84,FUN_001cdb84,48,1,unknown,,unknown,0,0
0x001cdbb4,FUN_001cdbb4,60,1,unknown,,unknown,0,0
0x001cdbf0,FUN_001cdbf0,48,1,unknown,,unknown,0,0
0x001cdc20,FUN_001cdc20,60,1,unknown,,unknown,0,0
0x001cdc5c,FUN_001cdc5c,48,1,unknown,,unknown,0,0
0x001cdc8c,FUN_001cdc8c,60,1,unknown,,unknown,0,0
0x001cdcc8,FUN_001cdcc8,48,1,unknown,,unknown,0,0
0x001cdd34,FUN_001cdd34,48,1,unknown,,unknown,0,0
0x001cdda0,FUN_001cdda0,48,1,unknown,,unknown,0,0
0x001cde0c,FUN_001cde0c,48,1,unknown,,unknown,0,0
0x001cde78,FUN_001cde78,48,1,unknown,,unknown,0,0
0x001cdea8,FUN_001cdea8,24,1,unknown,,unknown,0,0
0x001cdec0,FUN_001cdec0,24,1,unknown,,unknown,0,0
0x001cded8,FUN_001cded8,24,1,unknown,,unknown,0,0
0x001cdef0,FUN_001cdef0,24,1,unknown,,unknown,0,0
0x001cdf08,FUN_001cdf08,24,1,unknown,,unknown,0,0
0x001cdf20,FUN_001cdf20,24,1,unknown,,unknown,0,0
0x001cdf38,FUN_001cdf38,48,4,unknown,,unknown,0,0
0x001cdf68,FUN_001cdf68,48,4,unknown,,unknown,0,0
0x001cdf98,FUN_001cdf98,60,3,unknown,,unknown,0,0
0x001cdfd4,FUN_001cdfd4,48,8,unknown,,unknown,0,0
0x001ce004,FUN_001ce004,60,1,unknown,,unknown,0,0
0x001ce040,FUN_001ce040,48,6,unknown,,unknown,0,0
0x001ce070,FUN_001ce070,60,1,unknown,,unknown,0,0
0x001ce0ac,FUN_001ce0ac,48,1,unknown,,unknown,0,0
0x001ce0dc,FUN_001ce0dc,76,1,unknown,,unknown,0,0
0x001ce128,FUN_001ce128,56,2,unknown,,unknown,0,0
0x001ce160,FUN_001ce160,76,1,unknown,,unknown,0,0
0x001ce1ac,FUN_001ce1ac,56,1,unknown,,unknown,0,0
0x001ce1e4,FUN_001ce1e4,76,1,unknown,,unknown,0,0
0x001ce230,FUN_001ce230,56,1,unknown,,unknown,0,0
0x001ce268,FUN_001ce268,76,1,unknown,,unknown,0,0
0x001ce2b4,FUN_001ce2b4,56,1,unknown,,unknown,0,0
0x001ce2ec,FUN_001ce2ec,56,1,unknown,,unknown,0,0
0x001ce324,FUN_001ce324,76,1,unknown,,unknown,0,0
0x001ce370,FUN_001ce370,56,1,unknown,,unknown,0,0
0x001ce4e8,FUN_001ce4e8,76,4,unknown,,unknown,0,0
0x001ce534,FUN_001ce534,76,5,unknown,,unknown,0,0
0x001ce580,FUN_001ce580,56,4,unknown,,unknown,0,0
0x001ce5b8,FUN_001ce5b8,76,5,unknown,,unknown,0,0
0x001ce604,FUN_001ce604,56,4,unknown,,unknown,0,0
0x001ce63c,FUN_001ce63c,60,1,unknown,,unknown,0,0
0x001ce678,FUN_001ce678,48,1,unknown,,unknown,0,0
0x001ce6a8,FUN_001ce6a8,60,1,unknown,,unknown,0,0
0x001ce6e4,FUN_001ce6e4,48,1,unknown,,unknown,0,0
0x001ce750,FUN_001ce750,48,1,unknown,,unknown,0,0
0x001ce7bc,FUN_001ce7bc,48,1,unknown,,unknown,0,0
0x001ce7ec,FUN_001ce7ec,80,3,unknown,,unknown,0,0
0x001ce83c,FUN_001ce83c,76,2,unknown,,unknown,0,0
0x001ce888,FUN_001ce888,76,2,unknown,,unknown,0,0
0x001ce8d4,FUN_001ce8d4,24,1,unknown,,unknown,0,0
0x001ce8ec,FUN_001ce8ec,24,1,unknown,,unknown,0,0
0x001ce904,FUN_001ce904,28,1,unknown,,unknown,0,0
0x001ce920,FUN_001ce920,28,1,unknown,,unknown,0,0
0x001ce93c,FUN_001ce93c,28,1,unknown,,unknown,0,0
0x001ce958,FUN_001ce958,28,1,unknown,,unknown,0,0
0x001ce974,FUN_001ce974,76,1,unknown,,unknown,0,0
0x001ce9c0,FUN_001ce9c0,56,2,unknown,,unknown,0,0
0x001ce9f8,FUN_001ce9f8,76,1,unknown,,unknown,0,0
0x001cea44,FUN_001cea44,56,1,unknown,,unknown,0,0
0x001cea7c,FUN_001cea7c,76,1,unknown,,unknown,0,0
0x001ceac8,FUN_001ceac8,56,1,unknown,,unknown,0,0
0x001ceb00,FUN_001ceb00,76,1,unknown,,unknown,0,0
0x001ceb4c,FUN_001ceb4c,56,1,unknown,,unknown,0,0
0x001ceb84,FUN_001ceb84,56,1,unknown,,unknown,0,0
0x001cebbc,FUN_001cebbc,76,1,unknown,,unknown,0,0
0x001cec08,FUN_001cec08,56,1,unknown,,unknown,0,0
0x001ced80,FUN_001ced80,76,1,unknown,,unknown,0,0
0x001cedcc,FUN_001cedcc,56,1,unknown,,unknown,0,0
0x001cee04,FUN_001cee04,76,4,unknown,,unknown,0,0
0x001cee50,FUN_001cee50,76,5,unknown,,unknown,0,0
0x001cee9c,FUN_001cee9c,56,4,unknown,,unknown,0,0
0x001ceed4,FUN_001ceed4,76,5,unknown,,unknown,0,0
0x001cef20,FUN_001cef20,56,4,unknown,,unknown,0,0
0x001cef58,FUN_001cef58,76,5,unknown,,unknown,0,0
0x001cefa4,FUN_001cefa4,56,4,unknown,,unknown,0,0
0x001cefdc,FUN_001cefdc,76,5,unknown,,unknown,0,0
0x001cf028,FUN_001cf028,56,4,unknown,,unknown,0,0
0x001cf060,FUN_001cf060,60,1,unknown,,unknown,0,0
0x001cf09c,FUN_001cf09c,48,1,unknown,,unknown,0,0
0x001cf0cc,FUN_001cf0cc,60,1,unknown,,unknown,0,0
0x001cf108,FUN_001cf108,48,1,unknown,,unknown,0,0
0x001cf174,FUN_001cf174,48,1,unknown,,unknown,0,0
0x001cf1e0,FUN_001cf1e0,48,1,unknown,,unknown,0,0
0x001cf210,FUN_001cf210,60,1,unknown,,unknown,0,0
0x001cf24c,FUN_001cf24c,48,1,unknown,,unknown,0,0
0x001cf27c,FUN_001cf27c,28,1,unknown,,unknown,0,0
0x001cf298,FUN_001cf298,28,1,unknown,,unknown,0,0
0x001cf2b4,FUN_001cf2b4,28,1,unknown,,unknown,0,0
0x001cf2d0,FUN_001cf2d0,28,1,unknown,,unknown,0,0
0x001cf2ec,FUN_001cf2ec,28,1,unknown,,unknown,0,0
0x001cf308,FUN_001cf308,28,1,unknown,,unknown,0,0
0x001cf390,FUN_001cf390,60,1,unknown,,unknown,0,0
0x001cf3fc,FUN_001cf3fc,60,1,unknown,,unknown,0,0
0x001cf468,FUN_001cf468,60,1,unknown,,unknown,0,0
0x001cf4d4,FUN_001cf4d4,60,1,unknown,,unknown,0,0
0x001cf540,FUN_001cf540,60,1,unknown,,unknown,0,0
0x001cf5ac,FUN_001cf5ac,60,1,unknown,,unknown,0,0
0x001cf618,FUN_001cf618,60,1,unknown,,unknown,0,0
0x001cf684,FUN_001cf684,60,1,unknown,,unknown,0,0
0x001cf6f0,FUN_001cf6f0,60,1,unknown,,unknown,0,0
0x001cf75c,FUN_001cf75c,60,1,unknown,,unknown,0,0
0x001cf7c8,FUN_001cf7c8,60,1,unknown,,unknown,0,0
0x001cf834,FUN_001cf834,60,1,unknown,,unknown,0,0
0x001cf8a0,FUN_001cf8a0,60,1,unknown,,unknown,0,0
0x001cf90c,FUN_001cf90c,60,1,unknown,,unknown,0,0
0x001cf978,FUN_001cf978,60,1,unknown,,unknown,0,0
0x001cfa30,FUN_001cfa30,76,3,unknown,,unknown,0,0
0x001cfa7c,FUN_001cfa7c,56,2,unknown,,unknown,0,0
0x001cfab4,FUN_001cfab4,76,2,unknown,,unknown,0,0
0x001cfb00,FUN_001cfb00,56,1,unknown,,unknown,0,0
0x001cfb38,FUN_001cfb38,76,2,unknown,,unknown,0,0
0x001cfb84,FUN_001cfb84,56,1,unknown,,unknown,0,0
0x001cfca0,FUN_001cfca0,76,2,unknown,,unknown,0,0
0x001cfcec,FUN_001cfcec,56,3,unknown,,unknown,0,0
0x001cfd24,FUN_001cfd24,76,1,unknown,,unknown,0,0
0x001cfd70,FUN_001cfd70,56,1,unknown,,unknown,0,0
0x001cfda8,FUN_001cfda8,76,1,unknown,,unknown,0,0
0x001cfdf4,FUN_001cfdf4,76,6,unknown,,unknown,0,0
0x001cfe40,FUN_001cfe40,56,5,unknown,,unknown,0,0
0x001cfe78,FUN_001cfe78,76,6,unknown,,unknown,0,0
0x001cfec4,FUN_001cfec4,56,5,unknown,,unknown,0,0
0x001cfefc,FUN_001cfefc,76,6,unknown,,unknown,0,0
0x001cff48,FUN_001cff48,56,5,unknown,,unknown,0,0
0x001cff80,FUN_001cff80,60,5,unknown,,unknown,0,0
0x001cffbc,FUN_001cffbc,60,5,unknown,,unknown,0,0
0x001cfff8,FUN_001cfff8,60,2,unknown,,unknown,0,0
0x001d0034,FUN_001d0034,48,2,unknown,,unknown,0,0
0x001d0064,FUN_001d0064,60,4,unknown,,unknown,0,0
0x001d00a0,FUN_001d00a0,48,2,unknown,,unknown,0,0
0x001d00d0,FUN_001d00d0,60,1,unknown,,unknown,0,0
0x001d010c,FUN_001d010c,48,2,unknown,,unknown,0,0
0x001d013c,FUN_001d013c,60,2,unknown,,unknown,0,0
0x001d0178,FUN_001d0178,48,2,unknown,,unknown,0,0
0x001d01a8,FUN_001d01a8,76,2,unknown,,unknown,0,0
0x001d01f4,FUN_001d01f4,56,3,unknown,,unknown,0,0
0x001d022c,FUN_001d022c,76,2,unknown,,unknown,0,0
0x001d0278,FUN_001d0278,56,9,unknown,,unknown,0,0
0x001d02b0,FUN_001d02b0,76,1,unknown,,unknown,0,0
0x001d02fc,FUN_001d02fc,76,5,unknown,,unknown,0,0
0x001d0348,FUN_001d0348,56,4,unknown,,unknown,0,0
0x001d0380,FUN_001d0380,76,5,unknown,,unknown,0,0
0x001d03cc,FUN_001d03cc,56,4,unknown,,unknown,0,0
0x001d0404,FUN_001d0404,76,5,unknown,,unknown,0,0
0x001d0450,FUN_001d0450,56,4,unknown,,unknown,0,0
0x001d0488,FUN_001d0488,76,5,unknown,,unknown,0,0
0x001d04d4,FUN_001d04d4,56,4,unknown,,unknown,0,0
0x001d050c,FUN_001d050c,60,5,unknown,,unknown,0,0
0x001d0548,FUN_001d0548,60,5,unknown,,unknown,0,0
0x001d0584,FUN_001d0584,60,2,unknown,,unknown,0,0
0x001d05c0,FUN_001d05c0,48,1,unknown,,unknown,0,0
0x001d05f0,FUN_001d05f0,60,2,unknown,,unknown,0,0
0x001d062c,FUN_001d062c,48,1,unknown,,unknown,0,0
0x001d065c,FUN_001d065c,60,1,unknown,,unknown,0,0
0x001d0698,FUN_001d0698,48,8,unknown,,unknown,0,0
0x001d06c8,FUN_001d06c8,76,1,unknown,,unknown,0,0
0x001d0714,FUN_001d0714,56,1,unknown,,unknown,0,0
0x001d074c,FUN_001d074c,76,1,unknown,,unknown,0,0
0x001d0798,FUN_001d0798,56,1,unknown,,unknown,0,0
0x001d0808,FUN_001d0808,76,1,unknown,,unknown,0,0
0x001d0854,FUN_001d0854,76,3,unknown,,unknown,0,0
0x001d08a0,FUN_001d08a0,56,3,unknown,,unknown,0,0
0x001d08d8,FUN_001d08d8,76,3,unknown,,unknown,0,0
0x001d0924,FUN_001d0924,56,3,unknown,,unknown,0,0
0x001d095c,FUN_001d095c,60,2,unknown,,unknown,0,0
0x001d0998,FUN_001d0998,48,2,unknown,,unknown,0,0
0x001d09c8,FUN_001d09c8,60,2,unknown,,unknown,0,0
0x001d0a04,FUN_001d0a04,48,2,unknown,,unknown,0,0
0x001d0a34,FUN_001d0a34,60,2,unknown,,unknown,0,0
0x001d0a70,FUN_001d0a70,48,1,unknown,,unknown,0,0
0x001d0aa0,FUN_001d0aa0,60,2,unknown,,unknown,0,0
0x001d0adc,FUN_001d0adc,48,1,unknown,,unknown,0,0
0x001d0b0c,FUN_001d0b0c,60,2,unknown,,unknown,0,0
0x001d0b48,FUN_001d0b48,48,1,unknown,,unknown,0,0
0x001d0b78,FUN_001d0b78,60,1,unknown,,unknown,0,0
0x001d0bb4,FUN_001d0bb4,48,2,unknown,,unknown,0,0
0x001d0be4,FUN_001d0be4,60,1,unknown,,unknown,0,0
0x001d0c20,FUN_001d0c20,48,1,unknown,,unknown,0,0
0x001d0c50,FUN_001d0c50,60,1,unknown,,unknown,0,0
0x001d0c8c,FUN_001d0c8c,48,1,unknown,,unknown,0,0
0x001d0d40,FUN_001d0d40,60,1,unknown,,unknown,0,0
0x001d0d7c,FUN_001d0d7c,60,1,unknown,,unknown,0,0
0x001d0db8,FUN_001d0db8,60,1,unknown,,unknown,0,0
0x001d0df4,FUN_001d0df4,60,1,unknown,,unknown,0,0
0x001d0e30,FUN_001d0e30,60,1,unknown,,unknown,0,0
0x001d0e6c,FUN_001d0e6c,60,1,unknown,,unknown,0,0
0x001d0ea8,FUN_001d0ea8,60,1,unknown,,unknown,0,0
0x001d0ee4,FUN_001d0ee4,60,1,unknown,,unknown,0,0
0x001d0f20,FUN_001d0f20,60,1,unknown,,unknown,0,0
0x001d0fac,FUN_001d0fac,60,1,unknown,,unknown,0,0
0x001d1038,FUN_001d1038,60,1,unknown,,unknown,0,0
0x001d10c0,FUN_001d10c0,56,1,unknown,,unknown,0,0
0x001d1144,FUN_001d1144,56,1,unknown,,unknown,0,0
0x001d11ac,FUN_001d11ac,56,3,unknown,,unknown,0,0
0x001d11e4,FUN_001d11e4,56,1,unknown,,unknown,0,0
0x001d121c,FUN_001d121c,56,5,unknown,,unknown,0,0
0x001d1254,FUN_001d1254,76,1,unknown,,unknown,0,0
0x001d12a0,FUN_001d12a0,56,1,unknown,,unknown,0,0
0x001d12d8,FUN_001d12d8,56,5,unknown,,unknown,0,0
0x001d1310,FUN_001d1310,24,1,unknown,,unknown,0,0
0x001d1328,FUN_001d1328,24,3,unknown,,unknown,0,0
0x001d1340,FUN_001d1340,56,4,unknown,,unknown,0,0
0x001d1378,FUN_001d1378,60,3,unknown,,unknown,0,0
0x001d13b4,FUN_001d13b4,56,2,unknown,,unknown,0,0
0x001d13ec,FUN_001d13ec,56,2,unknown,,unknown,0,0
0x001d1424,FUN_001d1424,24,2,unknown,,unknown,0,0
0x001d143c,FUN_001d143c,56,4,unknown,,unknown,0,0
0x001d1474,FUN_001d1474,60,3,unknown,,unknown,0,0
0x001d14b0,FUN_001d14b0,56,2,unknown,,unknown,0,0
0x001d14e8,FUN_001d14e8,56,2,unknown,,unknown,0,0
0x001d1520,FUN_001d1520,24,2,unknown,,unknown,0,0
0x001d1538,FUN_001d1538,56,6,unknown,,unknown,0,0
0x001d1570,FUN_001d1570,76,1,unknown,,unknown,0,0
0x001d15bc,FUN_001d15bc,56,5,unknown,,unknown,0,0
0x001d15f4,FUN_001d15f4,76,1,unknown,,unknown,0,0
0x001d1640,FUN_001d1640,56,5,unknown,,unknown,0,0
0x001d1678,FUN_001d1678,76,3,unknown,,unknown,0,0
0x001d16c4,FUN_001d16c4,56,5,unknown,,unknown,0,0
0x001d16fc,FUN_001d16fc,76,3,unknown,,unknown,0,0
0x001d1748,FUN_001d1748,56,5,unknown,,unknown,0,0
0x001d17cc,FUN_001d17cc,56,5,unknown,,unknown,0,0
0x001d1804,FUN_001d1804,60,1,unknown,,unknown,0,0
0x001d1840,FUN_001d1840,56,1,unknown,,unknown,0,0
0x001d1878,FUN_001d1878,56,1,unknown,,unknown,0,0
0x001d18b0,FUN_001d18b0,56,2,unknown,,unknown,0,0
0x001d18e8,FUN_001d18e8,56,2,unknown,,unknown,0,0
0x001d1920,FUN_001d1920,56,2,unknown,,unknown,0,0
0x001d1958,FUN_001d1958,56,2,unknown,,unknown,0,0
0x001d1990,FUN_001d1990,56,2,unknown,,unknown,0,0
0x001d19c8,FUN_001d19c8,56,1,unknown,,unknown,0,0
0x001d1a00,FUN_001d1a00,56,2,unknown,,unknown,0,0
0x001d1a38,FUN_001d1a38,56,2,unknown,,unknown,0,0
0x001d1bd8,FUN_001d1bd8,24,1,unknown,,unknown,0,0
0x001d1bf0,FUN_001d1bf0,28,3,unknown,,unknown,0,0
0x001d1c0c,FUN_001d1c0c,60,1,unknown,,unknown,0,0
0x001d1c48,FUN_001d1c48,60,1,unknown,,unknown,0,0
0x001d1c84,FUN_001d1c84,48,1,unknown,,unknown,0,0
0x001d1cb4,FUN_001d1cb4,48,1,unknown,,unknown,0,0
0x001d1ce4,FUN_001d1ce4,60,3,unknown,,unknown,0,0
0x001d1d20,FUN_001d1d20,256,1,unknown,,unknown,0,0
0x001d1e20,FUN_001d1e20,408,1,unknown,,unknown,0,0
0x001d20d0,FUN_001d20d0,64,1,unknown,,unknown,0,0
0x001d2294,FUN_001d2294,64,3,unknown,,unknown,0,0
0x001d22d4,FUN_001d22d4,724,1,unknown,,unknown,0,0
0x001d25a8,FUN_001d25a8,484,9,unknown,,unknown,0,0
0x001d3268,FUN_001d3268,64,1,unknown,,unknown,0,0
0x001d3464,FUN_001d3464,64,3,unknown,,unknown,0,0
0x001d34a4,FUN_001d34a4,976,1,unknown,,unknown,0,0
0x001d3874,FUN_001d3874,272,1,unknown,,unknown,0,0
0x001d3984,FUN_001d3984,536,9,unknown,,unknown,0,0
0x001d5168,FUN_001d5168,36,4,unknown,,unknown,0,0
0x001d51b0,FUN_001d51b0,60,2,unknown,,unknown,0,0
0x001d5274,FUN_001d5274,108,2,unknown,,unknown,0,0
0x001d5374,FUN_001d5374,148,3,unknown,,unknown,0,0
0x001d551c,FUN_001d551c,236,2,unknown,,unknown,0,0
0x001d574c,FUN_001d574c,320,3,unknown,,unknown,0,0
0x001d588c,FUN_001d588c,136,3,unknown,,unknown,0,0
0x001d5914,FUN_001d5914,44,1,unknown,,unknown,0,0
0x001d5940,FUN_001d5940,40,1,unknown,,unknown,0,0
0x001d5968,FUN_001d5968,120,2,unknown,,unknown,0,0
0x001d59e0,FUN_001d59e0,24,2,unknown,,unknown,0,0
0x001d59f8,FUN_001d59f8,92,2,unknown,,unknown,0,0
0x001d5a54,FUN_001d5a54,140,1,unknown,,unknown,0,0
0x001d5ae0,FUN_001d5ae0,24,1,unknown,,unknown,0,0
0x001d5af8,FUN_001d5af8,92,1,unknown,,unknown,0,0
0x001d5b54,FUN_001d5b54,132,1,unknown,,unknown,0,0
0x001d5be4,FUN_001d5be4,76,1,unknown,,unknown,0,0
0x001d5c30,FUN_001d5c30,364,10,unknown,,unknown,0,0
0x001d5d9c,FUN_001d5d9c,116,1,unknown,,unknown,0,0
0x001d5e10,FUN_001d5e10,100,9,unknown,,unknown,0,0
0x001d5e74,FUN_001d5e74,128,1,unknown,,unknown,0,0
0x001d5ef4,FUN_001d5ef4,64,1,unknown,,unknown,0,0
0x001d5f34,FUN_001d5f34,180,1,unknown,,unknown,0,0
0x001d60dc,FUN_001d60dc,276,1,unknown,,unknown,0,0
0x001d61f0,FUN_001d61f0,220,1,unknown,,unknown,0,0
0x001d62cc,FUN_001d62cc,128,1,unknown,,unknown,0,0
0x001d634c,FUN_001d634c,344,1,unknown,,unknown,0,0
0x001d64a4,FUN_001d64a4,316,1,unknown,,unknown,0,0
0x001d65e0,FUN_001d65e0,284,1,unknown,,unknown,0,0
0x001d66fc,FUN_001d66fc,92,2,unknown,,unknown,0,0
0x001d67b4,FUN_001d67b4,168,3,unknown,,unknown,0,0
0x001d685c,FUN_001d685c,124,3,unknown,,unknown,0,0
0x001d68d8,FUN_001d68d8,204,9,unknown,,unknown,0,0
0x001d6a44,FUN_001d6a44,76,3,unknown,,unknown,0,0
0x001d6a90,FUN_001d6a90,264,1,unknown,,unknown,0,0
0x001d6b98,FUN_001d6b98,264,1,unknown,,unknown,0,0
0x001d6ca0,FUN_001d6ca0,1656,2,unknown,,unknown,0,0
0x001d7360,FUN_001d7360,392,150,unknown,,unknown,0,0
0x001d7544,FUN_001d7544,216,1,unknown,,unknown,0,0
0x001d761c,FUN_001d761c,464,1,unknown,,unknown,0,0
0x001d77ec,FUN_001d77ec,684,8,unknown,,unknown,0,0
0x001d80b4,FUN_001d80b4,3492,2,unknown,,unknown,0,0
0x001d8ec0,FUN_001d8ec0,88,5,unknown,,unknown,0,0
0x001d8f70,FUN_001d8f70,36,34,unknown,,unknown,0,0
0x001d8f94,FUN_001d8f94,44,38,unknown,,unknown,0,0
0x001d8fc0,FUN_001d8fc0,176,138,unknown,,unknown,0,0
0x001d9070,FUN_001d9070,208,27,unknown,,unknown,0,0
0x001d9140,FUN_001d9140,32,32,unknown,,unknown,0,0
0x001d9160,FUN_001d9160,40,2,unknown,,unknown,0,0
0x001d9188,FUN_001d9188,44,69,unknown,,unknown,0,0
0x001d91b4,FUN_001d91b4,36,32,unknown,,unknown,0,0
0x001d91d8,FUN_001d91d8,44,124,unknown,,unknown,0,0
0x001d9204,FUN_001d9204,184,765,unknown,,unknown,0,0
0x001d92bc,FUN_001d92bc,44,809,unknown,,unknown,0,0
0x001d931c,FUN_001d931c,328,2,unknown,,unknown,0,0
0x001d9464,FUN_001d9464,76,1,unknown,,unknown,0,0
0x001d94f8,FUN_001d94f8,136,1,unknown,,unknown,0,0
0x001d9580,FUN_001d9580,228,29,unknown,,unknown,0,0
0x001d9664,FUN_001d9664,32,4,unknown,,unknown,0,0
0x001d9684,FUN_001d9684,100,8,unknown,,unknown,0,0
0x001d970c,FUN_001d970c,44,24,unknown,,unknown,0,0
0x001d9738,FUN_001d9738,84,1,unknown,,unknown,0,0
0x001d978c,FUN_001d978c,72,2,unknown,,unknown,0,0
0x001d97d4,FUN_001d97d4,120,6,red,,callgraph,2,1
0x001d98b4,FUN_001d98b4,20,2,unknown,,unknown,0,0
0x001d98c8,FUN_001d98c8,368,1,unknown,,unknown,0,0
0x001d9a58,FUN_001d9a58,72,193,unknown,,unknown,0,0
0x001d9aa0,FUN_001d9aa0,116,117,unknown,,unknown,0,0
0x001d9b14,FUN_001d9b14,268,1,unknown,,unknown,0,0
0x001d9db8,FUN_001d9db8,288,1,unknown,,unknown,0,0
0x001d9ed8,FUN_001d9ed8,224,47,unknown,,unknown,0,0
0x001d9fb8,FUN_001d9fb8,260,29,unknown,,unknown,0,0
0x001da0bc,FUN_001da0bc,184,30,unknown,,unknown,0,0
0x001da174,FUN_001da174,24,51,unknown,,unknown,0,0
0x001da3a8,FUN_001da3a8,484,1,unknown,,unknown,0,0
0x001da6b8,FUN_001da6b8,64,1,unknown,,unknown,0,0
0x001da6f8,FUN_001da6f8,60,3,unknown,,unknown,0,0
0x001da734,FUN_001da734,104,1,unknown,,unknown,0,0
0x001da79c,FUN_001da79c,52,1,unknown,,unknown,0,0
0x001da7d0,FUN_001da7d0,52,5,unknown,,unknown,0,0
0x001da804,FUN_001da804,52,3,unknown,,unknown,0,0
0x001da838,FUN_001da838,68,1,unknown,,unknown,0,0
0x001da87c,FUN_001da87c,52,2,unknown,,unknown,0,0
0x001da8b0,FUN_001da8b0,104,1,unknown,,unknown,0,0
0x001da918,FUN_001da918,72,4,unknown,,unknown,0,0
0x001da960,FUN_001da960,72,7,unknown,,unknown,0,0
0x001da9a8,FUN_001da9a8,72,2,unknown,,unknown,0,0
0x001da9f0,FUN_001da9f0,72,3,unknown,,unknown,0,0
0x001daa38,FUN_001daa38,104,1,unknown,,unknown,0,0
0x001daaa0,FUN_001daaa0,104,1,unknown,,unknown,0,0
0x001dab08,FUN_001dab08,52,4,unknown,,unknown,0,0
0x001dab3c,FUN_001dab3c,52,4,unknown,,unknown,0,0
0x001dab70,FUN_001dab70,52,2,unknown,,unknown,0,0
0x001daba4,FUN_001daba4,208,2,unknown,,unknown,0,0
0x001dac74,FUN_001dac74,52,1,unknown,,unknown,0,0
0x001daca8,FUN_001daca8,52,1,unknown,,unknown,0,0
0x001dad30,FUN_001dad30,68,1,unknown,,unknown,0,0
0x001dad74,FUN_001dad74,60,2,unknown,,unknown,0,0
0x001dadb0,FUN_001dadb0,52,1,unknown,,unknown,0,0
0x001dade4,FUN_001dade4,52,1,unknown,,unknown,0,0
0x001dae18,FUN_001dae18,68,1,unknown,,unknown,0,0
0x001dae5c,FUN_001dae5c,76,1,unknown,,unknown,0,0
0x001daea8,FUN_001daea8,328,1,unknown,,unknown,0,0
0x001daff0,FUN_001daff0,52,1,unknown,,unknown,0,0
0x001db024,FUN_001db024,52,12,unknown,,unknown,0,0
0x001db058,FUN_001db058,52,1,unknown,,unknown,0,0
0x001db08c,FUN_001db08c,212,1,unknown,,unknown,0,0
0x001db160,FUN_001db160,52,1,unknown,,unknown,0,0
0x001db194,FUN_001db194,380,3,unknown,,unknown,0,0
0x001db310,FUN_001db310,204,2,unknown,,unknown,0,0
0x001db3dc,FUN_001db3dc,248,2,unknown,,unknown,0,0
0x001db4d4,FUN_001db4d4,64,6,unknown,,unknown,0,0
0x001dc548,FUN_001dc548,376,1,unknown,,unknown,0,0
0x001dc6c0,FUN_001dc6c0,84,1,unknown,,unknown,0,0
0x001dc714,FUN_001dc714,104,1,unknown,,unknown,0,0
0x001dc77c,FUN_001dc77c,152,1,unknown,,unknown,0,0
0x001dc814,FUN_001dc814,160,1,unknown,,unknown,0,0
0x001dc8b4,FUN_001dc8b4,156,2,unknown,,unknown,0,0
0x001dc950,FUN_001dc950,180,3,unknown,,unknown,0,0
0x001dca04,FUN_001dca04,156,2,unknown,,unknown,0,0
0x001dcaa0,FUN_001dcaa0,116,1,unknown,,unknown,0,0
0x001dcb14,FUN_001dcb14,76,1,unknown,,unknown,0,0
0x001dcb60,FUN_001dcb60,96,2,unknown,,unknown,0,0
0x001dcbc0,FUN_001dcbc0,1544,2,unknown,,unknown,0,0
0x001dd1c8,FUN_001dd1c8,1384,1,unknown,,unknown,0,0
0x001dd730,FUN_001dd730,44,3,unknown,,unknown,0,0
0x001dd75c,FUN_001dd75c,20,1,unknown,,unknown,0,0
0x001ddb1c,FUN_001ddb1c,340,1,unknown,,unknown,0,0
0x001ddc70,FUN_001ddc70,132,6,unknown,,unknown,0,0
0x001ddcf4,FUN_001ddcf4,72,2,unknown,,unknown,0,0
0x001ddd3c,FUN_001ddd3c,780,10,unknown,,unknown,0,0
0x001de048,FUN_001de048,752,1,unknown,,unknown,0,0
0x001dee50,FUN_001dee50,2568,1,unknown,,unknown,0,0
0x001df858,FUN_001df858,564,3,unknown,,unknown,0,0
0x001dfa8c,FUN_001dfa8c,212,5,unknown,,unknown,0,0
0x001dfd6c,FUN_001dfd6c,896,3,unknown,,unknown,0,0
0x001e0114,FUN_001e0114,656,3,unknown,,unknown,0,0
0x001e03a4,FUN_001e03a4,364,1,unknown,,unknown,0,0
0x001e0510,FUN_001e0510,180,6,unknown,,unknown,0,0
0x001e05c4,FUN_001e05c4,508,2,unknown,,unknown,0,0
0x001e2138,FUN_001e2138,620,2,unknown,,unknown,0,0
0x001e319c,FUN_001e319c,20,1,unknown,,unknown,0,0
0x001e31b0,FUN_001e31b0,92,1,unknown,,unknown,0,0
0x001e320c,FUN_001e320c,468,2,unknown,,unknown,0,0
0x001e33e0,FUN_001e33e0,360,2,unknown,,unknown,0,0
0x001e3548,FUN_001e3548,300,2,unknown,,unknown,0,0
0x001e39fc,FUN_001e39fc,224,3,unknown,,unknown,0,0
0x001e3adc,FUN_001e3adc,264,6,unknown,,unknown,0,0
0x001e3be4,FUN_001e3be4,56,2,unknown,,unknown,0,0
0x001e3c1c,FUN_001e3c1c,228,8,unknown,,unknown,0,0
0x001e3d00,FUN_001e3d00,108,1,unknown,,unknown,0,0
0x001e3d6c,FUN_001e3d6c,564,9,unknown,,unknown,0,0
0x001e3fa0,FUN_001e3fa0,1264,10,unknown,,unknown,0,0
0x001e4a1c,FUN_001e4a1c,56,1,unknown,,unknown,0,0
0x001e4a54,FUN_001e4a54,124,4,unknown,,unknown,0,0
0x001e4ad0,FUN_001e4ad0,424,2,unknown,,unknown,0,0
0x001e5be4,FUN_001e5be4,152,16,unknown,,unknown,0,0
0x001e5c7c,FUN_001e5c7c,284,4,unknown,,unknown,0,0
0x001e5d98,FUN_001e5d98,416,2,unknown,,unknown,0,0
0x001e5f38,FUN_001e5f38,400,3,unknown,,unknown,0,0
0x001e60c8,FUN_001e60c8,240,2,unknown,,unknown,0,0
0x001e62a8,FUN_001e62a8,108,1,unknown,,unknown,0,0
0x001e64f0,FUN_001e64f0,160,2,unknown,,unknown,0,0
0x001e6590,FUN_001e6590,140,1,unknown,,unknown,0,0
0x001e661c,FUN_001e661c,468,3,unknown,,unknown,0,0
0x001e67f0,FUN_001e67f0,184,8,unknown,,unknown,0,0
0x001e68a8,FUN_001e68a8,184,1,unknown,,unknown,0,0
0x001e6e0c,FUN_001e6e0c,32,7,unknown,,unknown,0,0
0x001e6e2c,FUN_001e6e2c,32,6,unknown,,unknown,0,0
0x001e6e4c,FUN_001e6e4c,32,2,unknown,,unknown,0,0
0x001e6e6c,FUN_001e6e6c,116,1,unknown,,unknown,0,0
0x001e6ee0,FUN_001e6ee0,32,1,unknown,,unknown,0,0
0x001e6f58,FUN_001e6f58,112,1,unknown,,unknown,0,0
0x001e6fc8,FUN_001e6fc8,984,3,unknown,,unknown,0,0
0x001e73a0,FUN_001e73a0,2344,7,unknown,,unknown,0,0
0x001e8050,FUN_001e8050,252,9,unknown,,unknown,0,0
0x001e8390,FUN_001e8390,1368,1,unknown,,unknown,0,0
0x001e8998,FUN_001e8998,3984,5,unknown,,unknown,0,0
0x001e9d3c,FUN_001e9d3c,124,2,unknown,,unknown,0,0
0x001e9db8,FUN_001e9db8,124,13,unknown,,unknown,0,0
0x001ea1f0,FUN_001ea1f0,736,4,unknown,,unknown,0,0
0x001eaac0,FUN_001eaac0,172,3,unknown,,unknown,0,0
0x001eab6c,FUN_001eab6c,1300,3,unknown,,unknown,0,0
0x001eb0a8,FUN_001eb0a8,828,2,unknown,,unknown,0,0
0x001eb3e4,FUN_001eb3e4,300,1,unknown,,unknown,0,0
0x001eb510,FUN_001eb510,268,1,unknown,,unknown,0,0
0x001eb61c,FUN_001eb61c,6452,1,unknown,,unknown,0,0
0x001ed5bc,FUN_001ed5bc,88,5,unknown,,unknown,0,0
0x001ed614,FUN_001ed614,60,1,unknown,,unknown,0,0
0x001ed650,FUN_001ed650,68,1,unknown,,unknown,0,0
0x001ed694,FUN_001ed694,104,2,unknown,,unknown,0,0
0x001ed6fc,FUN_001ed6fc,84,21,unknown,,unknown,0,0
0x001ed750,FUN_001ed750,184,18,unknown,,unknown,0,0
0x001ed854,FUN_001ed854,184,2,unknown,,unknown,0,0
0x001ed90c,FUN_001ed90c,212,53,unknown,,unknown,0,0
0x001ed9e0,FUN_001ed9e0,212,29,unknown,,unknown,0,0
0x001edab4,FUN_001edab4,88,32,unknown,,unknown,0,0
0x001edc1c,FUN_001edc1c,76,13,unknown,,unknown,0,0
0x001edd70,FUN_001edd70,128,3,unknown,,unknown,0,0
0x001ede5c,FUN_001ede5c,456,8,unknown,,unknown,0,0
0x001ee024,FUN_001ee024,128,2,unknown,,unknown,0,0
0x001ee284,FUN_001ee284,248,3,unknown,,unknown,0,0
0x001ee3d4,FUN_001ee3d4,248,6,unknown,,unknown,0,0
0x001ee828,FUN_001ee828,948,2,unknown,,unknown,0,0
0x001ef030,FUN_001ef030,540,2,unknown,,unknown,0,0
0x001ef24c,FUN_001ef24c,540,2,unknown,,unknown,0,0
0x001ef468,FUN_001ef468,1128,4,unknown,,unknown,0,0
0x001efe20,FUN_001efe20,48,10,unknown,,unknown,0,0
0x001efe80,FUN_001efe80,172,11,unknown,,unknown,0,0
0x001f0168,FUN_001f0168,68,38,unknown,,unknown,0,0
0x001f02f0,FUN_001f02f0,104,2,unknown,,unknown,0,0
0x001f042c,FUN_001f042c,88,2,unknown,,unknown,0,0
0x001f0484,FUN_001f0484,36,3,unknown,,unknown,0,0
0x001f04a8,FUN_001f04a8,48,3,unknown,,unknown,0,0
0x001f04d8,FUN_001f04d8,48,3,unknown,,unknown,0,0
0x001f0508,FUN_001f0508,280,1,unknown,,unknown,0,0
0x001f080c,FUN_001f080c,696,2,unknown,,unknown,0,0
0x001f0aec,FUN_001f0aec,392,1,unknown,,unknown,0,0
0x001f0c74,FUN_001f0c74,76,1,unknown,,unknown,0,0
0x001f0cc0,FUN_001f0cc0,132,3,unknown,,unknown,0,0
0x001f1148,FUN_001f1148,280,4,unknown,,unknown,0,0
0x001f13a8,FUN_001f13a8,428,2,unknown,,unknown,0,0
0x001f17b4,FUN_001f17b4,232,2,unknown,,unknown,0,0
0x001f18cc,FUN_001f18cc,112,2,unknown,,unknown,0,0
0x001f193c,FUN_001f193c,296,2,unknown,,unknown,0,0
0x001f25ac,FUN_001f25ac,28,6,unknown,,unknown,0,0
0x001f25c8,FUN_001f25c8,64,2,unknown,,unknown,0,0
0x001f2708,FUN_001f2708,172,6,unknown,,unknown,0,0
0x001f27b4,FUN_001f27b4,36,2,unknown,,unknown,0,0
0x001f27d8,FUN_001f27d8,252,6,unknown,,unknown,0,0
0x001f29d0,FUN_001f29d0,100,3,unknown,,unknown,0,0
0x001f2a34,FUN_001f2a34,532,2,unknown,,unknown,0,0
0x001f2c78,FUN_001f2c78,268,2,unknown,,unknown,0,0
0x001f2e90,FUN_001f2e90,20,1,unknown,,unknown,0,0
0x001f2eb4,FUN_001f2eb4,260,2,unknown,,unknown,0,0
0x001f3908,FUN_001f3908,104,2,unknown,,unknown,0,0
0x001f48b4,FUN_001f48b4,384,19,unknown,,unknown,0,0
0x001f5118,FUN_001f5118,160,1,unknown,,unknown,0,0
0x001f6558,FUN_001f6558,200,2,unknown,,unknown,0,0
0x001f66c0,FUN_001f66c0,160,17,unknown,,unknown,0,0
0x001f67a8,FUN_001f67a8,72,6,unknown,,unknown,0,0
0x001f67f0,FUN_001f67f0,64,2,unknown,,unknown,0,0
0x001f68b0,FUN_001f68b0,64,6,unknown,,unknown,0,0
0x001f68f0,FUN_001f68f0,72,1,unknown,,unknown,0,0
0x001f6938,FUN_001f6938,332,3,unknown,,unknown,0,0
0x001f6a48,FUN_001f6a48,940,4,unknown,,unknown,0,0
0x001f71e0,FUN_001f71e0,940,4,unknown,,unknown,0,0
0x001f75ac,FUN_001f75ac,940,2,unknown,,unknown,0,0
0x001f7978,FUN_001f7978,56,4,unknown,,unknown,0,0
0x001f81e0,FUN_001f81e0,1200,8,unknown,,unknown,0,0
0x001f8b90,FUN_001f8b90,2396,4,unknown,,unknown,0,0
0x001fa1b8,FUN_001fa1b8,1380,1,unknown,,unknown,0,0
0x001fadb8,FUN_001fadb8,164,67,unknown,,unknown,0,0
0x001fae5c,FUN_001fae5c,188,2,unknown,,unknown,0,0
0x001fb04c,FUN_001fb04c,348,3,unknown,,unknown,0,0
0x001fb3ac,FUN_001fb3ac,212,1,unknown,,unknown,0,0
0x001fb5cc,FUN_001fb5cc,160,2,unknown,,unknown,0,0
0x001fb66c,FUN_001fb66c,312,2,unknown,,unknown,0,0
0x001fb7cc,FUN_001fb7cc,356,3,unknown,,unknown,0,0
0x001fc034,FUN_001fc034,324,2,unknown,,unknown,0,0
0x001fc178,FUN_001fc178,564,2,unknown,,unknown,0,0
0x001fc784,FUN_001fc784,160,6,unknown,,unknown,0,0
0x001fc8c4,FUN_001fc8c4,160,2,unknown,,unknown,0,0
0x001fc964,FUN_001fc964,160,4,unknown,,unknown,0,0
0x001fca04,FUN_001fca04,88,2,unknown,,unknown,0,0
0x001fcab4,FUN_001fcab4,88,2,unknown,,unknown,0,0
0x001fcca4,FUN_001fcca4,160,6,unknown,,unknown,0,0
0x001fcde4,FUN_001fcde4,184,4,unknown,,unknown,0,0
0x001fce9c,FUN_001fce9c,184,4,unknown,,unknown,0,0
0x001fd014,FUN_001fd014,96,2,unknown,,unknown,0,0
0x001fd0d4,FUN_001fd0d4,760,1,unknown,,unknown,0,0
0x001fd4c4,FUN_001fd4c4,196,6,unknown,,unknown,0,0
0x001fdab4,FUN_001fdab4,388,6,unknown,,unknown,0,0
0x001fdcd0,FUN_001fdcd0,552,2,unknown,,unknown,0,0
0x001fdf5c,FUN_001fdf5c,568,1,unknown,,unknown,0,0
0x001fe220,FUN_001fe220,408,3,unknown,,unknown,0,0
0x001fe94c,FUN_001fe94c,908,2,unknown,,unknown,0,0
0x001fed3c,FUN_001fed3c,420,1,unknown,,unknown,0,0
0x001fef58,FUN_001fef58,372,1,unknown,,unknown,0,0
0x001ff71c,FUN_001ff71c,700,2,unknown,,unknown,0,0
0x001ffa24,FUN_001ffa24,436,1,unknown,,unknown,0,0
0x001ffc50,FUN_001ffc50,404,1,unknown,,unknown,0,0
0x002005bc,FUN_002005bc,16,4,unknown,,unknown,0,0
0x002005cc,FUN_002005cc,40,3,unknown,,unknown,0,0
0x002005f4,FUN_002005f4,16,2,unknown,,unknown,0,0
0x00200604,FUN_00200604,16,5,unknown,,unknown,0,0
0x00200614,FUN_00200614,680,6,unknown,,unknown,0,0
0x00200dbc,FUN_00200dbc,16,1,unknown,,unknown,0,0
0x00200dcc,FUN_00200dcc,48,2,unknown,,unknown,0,0
0x00200e24,FUN_00200e24,244,2,unknown,,unknown,0,0
0x00200f18,FUN_00200f18,564,1,unknown,,unknown,0,0
0x0020114c,FUN_0020114c,544,1,unknown,,unknown,0,0
0x0020136c,FUN_0020136c,1456,2,unknown,,unknown,0,0
0x0020191c,FUN_0020191c,584,2,unknown,,unknown,0,0
0x00201b64,FUN_00201b64,244,2,unknown,,unknown,0,0
0x00201c58,FUN_00201c58,288,2,unknown,,unknown,0,0
0x00201d78,FUN_00201d78,16,1,unknown,,unknown,0,0
0x00201d88,FUN_00201d88,52,1,unknown,,unknown,0,0
0x00201dbc,FUN_00201dbc,216,1,unknown,,unknown,0,0
0x00201e94,FUN_00201e94,48,1,unknown,,unknown,0,0
0x00201ec4,FUN_00201ec4,1652,2,unknown,,unknown,0,0
0x00202538,FUN_00202538,1284,1,unknown,,unknown,0,0
0x00203110,FUN_00203110,2108,1,unknown,,unknown,0,0
0x00203a80,FUN_00203a80,12,7,unknown,,unknown,0,0
0x00203a8c,FUN_00203a8c,72,1,unknown,,unknown,0,0
0x00203bc0,FUN_00203bc0,144,1,unknown,,unknown,0,0
0x00203c50,FUN_00203c50,132,1,unknown,,unknown,0,0
0x00203cd4,FUN_00203cd4,352,2,unknown,,unknown,0,0
0x0020401c,FUN_0020401c,636,1,unknown,,unknown,0,0
0x002043a8,FUN_002043a8,44,12,unknown,,unknown,0,0
0x002043d4,FUN_002043d4,84,1,unknown,,unknown,0,0
0x00204428,FUN_00204428,508,4,unknown,,unknown,0,0
0x00204754,FUN_00204754,108,12,unknown,,unknown,0,0
0x0020482c,FUN_0020482c,528,4,unknown,,unknown,0,0
0x00204a3c,FUN_00204a3c,140,4,unknown,,unknown,0,0
0x00204ac8,FUN_00204ac8,220,4,unknown,,unknown,0,0
0x00204ba4,FUN_00204ba4,236,8,unknown,,unknown,0,0
0x00205050,FUN_00205050,48,5,unknown,,unknown,0,0
0x00205080,FUN_00205080,232,6,unknown,,unknown,0,0
0x00205168,FUN_00205168,316,2,unknown,,unknown,0,0
0x002052a4,FUN_002052a4,144,3,unknown,,unknown,0,0
0x00205334,FUN_00205334,2456,1,unknown,,unknown,0,0
0x00205ccc,FUN_00205ccc,308,4,unknown,,unknown,0,0
0x00205e00,FUN_00205e00,280,2,unknown,,unknown,0,0
0x00205f18,FUN_00205f18,1336,1,unknown,,unknown,0,0
0x00206b2c,FUN_00206b2c,408,3,unknown,,unknown,0,0
0x00206ee8,FUN_00206ee8,1880,3,unknown,,unknown,0,0
0x00208f78,FUN_00208f78,984,1,unknown,,unknown,0,0
0x002099fc,FUN_002099fc,212,6,unknown,,unknown,0,0
0x00209ad0,FUN_00209ad0,408,1,unknown,,unknown,0,0
0x00209c68,FUN_00209c68,572,1,unknown,,unknown,0,0
0x0020a518,FUN_0020a518,104,1,unknown,,unknown,0,0
0x0020a820,FUN_0020a820,524,4,unknown,,unknown,0,0
0x0020aa2c,FUN_0020aa2c,456,8,unknown,,unknown,0,0
0x0020cfc4,FUN_0020cfc4,128,10,unknown,,unknown,0,0
0x0020d044,FUN_0020d044,672,1,unknown,,unknown,0,0
0x0020d2e4,FUN_0020d2e4,176,1,unknown,,unknown,0,0
0x0020d394,FUN_0020d394,812,2,unknown,,unknown,0,0
0x0020d6c0,FUN_0020d6c0,1116,1,unknown,,unknown,0,0
0x0020db1c,FUN_0020db1c,564,1,unknown,,unknown,0,0
0x0020f634,FUN_0020f634,308,2,unknown,,unknown,0,0
0x0020f768,FUN_0020f768,348,2,unknown,,unknown,0,0
0x0020fc88,FUN_0020fc88,412,1,unknown,,unknown,0,0
0x0020ffc4,FUN_0020ffc4,500,4,unknown,,unknown,0,0
0x00210800,FUN_00210800,96,3,unknown,,unknown,0,0
0x002166d4,FUN_002166d4,60,1,unknown,,unknown,0,0
0x00216710,FUN_00216710,24,1,unknown,,unknown,0,0
0x00216728,FUN_00216728,20,2,unknown,,unknown,0,0
0x0021673c,FUN_0021673c,96,5,unknown,,unknown,0,0
0x0021679c,FUN_0021679c,64,3,unknown,,unknown,0,0
0x002167dc,FUN_002167dc,128,5,unknown,,unknown,0,0
0x0021685c,FUN_0021685c,36,3,unknown,,unknown,0,0
0x00216880,FUN_00216880,36,1,unknown,,unknown,0,0
0x002168a4,FUN_002168a4,36,4,unknown,,unknown,0,0
0x002168c8,FUN_002168c8,36,2,unknown,,unknown,0,0
0x00216a50,FUN_00216a50,36,5,unknown,,unknown,0,0
0x00216a74,FUN_00216a74,124,1,unknown,,unknown,0,0
0x00216af0,FUN_00216af0,292,5,unknown,,unknown,0,0
0x00216c14,FUN_00216c14,396,1,unknown,,unknown,0,0
0x00216dd4,FUN_00216dd4,820,6,unknown,,unknown,0,0
0x00217108,FUN_00217108,488,5,unknown,,unknown,0,0
0x002172f0,FUN_002172f0,516,5,unknown,,unknown,0,0
0x002174f4,FUN_002174f4,172,4,unknown,,unknown,0,0
0x002175a0,FUN_002175a0,312,1,unknown,,unknown,0,0
0x002176d8,FUN_002176d8,176,3,unknown,,unknown,0,0
0x00217788,FUN_00217788,272,1,unknown,,unknown,0,0
0x00217898,FUN_00217898,228,1,unknown,,unknown,0,0
0x00217a50,FUN_00217a50,280,4,unknown,,unknown,0,0
0x00217b68,FUN_00217b68,268,1,unknown,,unknown,0,0
0x00217c74,FUN_00217c74,312,8,unknown,,unknown,0,0
0x00217dac,FUN_00217dac,152,4,unknown,,unknown,0,0
0x002182a8,FUN_002182a8,20,1,unknown,,unknown,0,0
0x002182bc,FUN_002182bc,236,2,unknown,,unknown,0,0
0x002183b8,FUN_002183b8,132,2,unknown,,unknown,0,0
0x0021843c,FUN_0021843c,316,1,unknown,,unknown,0,0
0x00218578,FUN_00218578,80,2,unknown,,unknown,0,0
0x00218704,FUN_00218704,588,2,unknown,,unknown,0,0
0x00218a24,FUN_00218a24,464,3,unknown,,unknown,0,0
0x00218ffc,FUN_00218ffc,220,1,unknown,,unknown,0,0
0x0021916c,FUN_0021916c,88,4,unknown,,unknown,0,0
0x002191c4,FUN_002191c4,80,11,unknown,,unknown,0,0
0x00219214,FUN_00219214,20,2,unknown,,unknown,0,0
0x00219228,FUN_00219228,104,2,unknown,,unknown,0,0
0x00219290,FUN_00219290,20,3,unknown,,unknown,0,0
0x002192a4,FUN_002192a4,88,1,unknown,,unknown,0,0
0x002192fc,FUN_002192fc,44,3,unknown,,unknown,0,0
0x00219328,FUN_00219328,64,1,unknown,,unknown,0,0
0x00219368,FUN_00219368,60,1,unknown,,unknown,0,0
0x002193a4,FUN_002193a4,64,1,unknown,,unknown,0,0
0x002193e4,FUN_002193e4,60,1,unknown,,unknown,0,0
0x00219420,FUN_00219420,64,1,unknown,,unknown,0,0
0x00219460,FUN_00219460,60,1,unknown,,unknown,0,0
0x0021949c,FUN_0021949c,64,5,unknown,,unknown,0,0
0x002194dc,FUN_002194dc,60,1,unknown,,unknown,0,0
0x00219518,FUN_00219518,64,5,unknown,,unknown,0,0
0x00219558,FUN_00219558,60,1,unknown,,unknown,0,0
0x002196b8,FUN_002196b8,712,2,vxworks,,source-path,3,0
0x00219c84,FUN_00219c84,168,2,unknown,,unknown,0,0
0x00219d2c,FUN_00219d2c,168,2,unknown,,unknown,0,0
0x00219dd4,FUN_00219dd4,32,4,unknown,,unknown,0,0
0x00219df4,FUN_00219df4,20,5,unknown,,unknown,0,0
0x00219e08,FUN_00219e08,32,5,unknown,,unknown,0,0
0x00219e50,FUN_00219e50,20,2,unknown,,unknown,0,0
0x00219e64,FUN_00219e64,20,2,unknown,,unknown,0,0
0x00219ee0,FUN_00219ee0,192,6,unknown,,unknown,0,0
0x00219fa0,FUN_00219fa0,104,1,unknown,,unknown,0,0
0x0021a008,FUN_0021a008,188,1,unknown,,unknown,0,0
0x0021a0c4,FUN_0021a0c4,696,1,unknown,,unknown,0,0
0x0021a414,FUN_0021a414,76,4,unknown,,unknown,0,0
0x0021a460,FUN_0021a460,112,2,unknown,,unknown,0,0
0x0021a4d0,FUN_0021a4d0,32,1,unknown,,unknown,0,0
0x0021a4fc,FUN_0021a4fc,152,39,unknown,,unknown,0,0
0x0021b5cc,FUN_0021b5cc,284,2,unknown,,unknown,0,0
0x0021bab8,FUN_0021bab8,284,3,unknown,,unknown,0,0
0x0021c1b0,FUN_0021c1b0,508,5,unknown,,unknown,0,0
0x0021c464,FUN_0021c464,28,1,unknown,,unknown,0,0
0x0021c480,FUN_0021c480,28,1,unknown,,unknown,0,0
0x0021c49c,FUN_0021c49c,36,29,unknown,,unknown,0,0
0x0021c4c0,FUN_0021c4c0,20,2,unknown,,unknown,0,0
0x0021cf6c,FUN_0021cf6c,588,2,unknown,,unknown,0,0
0x0021dc40,FUN_0021dc40,524,13,unknown,,unknown,0,0
0x0021de4c,FUN_0021de4c,636,17,unknown,,unknown,0,0
0x0021e284,FUN_0021e284,652,7,unknown,,unknown,0,0
0x0021e510,FUN_0021e510,1376,2,unknown,,unknown,0,0
0x0021edd4,FUN_0021edd4,228,139,unknown,,unknown,0,0
0x0021eeb8,FUN_0021eeb8,116,96,unknown,,unknown,0,0
0x0021ef2c,FUN_0021ef2c,220,35,unknown,,unknown,0,0
0x0021f008,FUN_0021f008,220,13,unknown,,unknown,0,0
0x0021f0e4,FUN_0021f0e4,52,1,unknown,,unknown,0,0
0x0021f118,FUN_0021f118,64,1,unknown,,unknown,0,0
0x0021f158,FUN_0021f158,64,4,unknown,,unknown,0,0
0x0021f198,FUN_0021f198,64,3,unknown,,unknown,0,0
0x0021f1d8,FUN_0021f1d8,64,1,unknown,,unknown,0,0
0x0021f218,FUN_0021f218,64,1,unknown,,unknown,0,0
0x0021f258,FUN_0021f258,64,1,unknown,,unknown,0,0
0x0021f298,FUN_0021f298,64,18,unknown,,unknown,0,0
0x0021f2d8,FUN_0021f2d8,64,3,unknown,,unknown,0,0
0x0021f318,FUN_0021f318,64,4,unknown,,unknown,0,0
0x0021f358,FUN_0021f358,64,2,unknown,,unknown,0,0
0x0021f47c,FUN_0021f47c,72,3,unknown,,unknown,0,0
0x0021f504,FUN_0021f504,64,2,unknown,,unknown,0,0
0x0021f6c4,FUN_0021f6c4,64,1,unknown,,unknown,0,0
0x0021f704,FUN_0021f704,64,1,unknown,,unknown,0,0
0x0021f744,FUN_0021f744,64,1,unknown,,unknown,0,0
0x0021f784,FUN_0021f784,64,2,unknown,,unknown,0,0
0x0021f7c4,FUN_0021f7c4,64,2,unknown,,unknown,0,0
0x0021f804,FUN_0021f804,64,2,unknown,,unknown,0,0
0x0021f884,FUN_0021f884,64,1,unknown,,unknown,0,0
0x0021f8c4,FUN_0021f8c4,64,1,unknown,,unknown,0,0
0x0021fc44,FUN_0021fc44,72,3,unknown,,unknown,0,0
0x0021fc8c,FUN_0021fc8c,48,8,unknown,,unknown,0,0
0x0021fcbc,FUN_0021fcbc,72,2,unknown,,unknown,0,0
0x0021fd04,FUN_0021fd04,48,1,unknown,,unknown,0,0
0x0021fd34,FUN_0021fd34,48,4,unknown,,unknown,0,0
0x0021fd64,FUN_0021fd64,64,1,unknown,,unknown,0,0
0x0021fde4,FUN_0021fde4,72,2,unknown,,unknown,0,0
0x0021fe2c,FUN_0021fe2c,48,1,unknown,,unknown,0,0
0x0021fe5c,FUN_0021fe5c,48,1,unknown,,unknown,0,0
0x0021fe8c,FUN_0021fe8c,72,1,unknown,,unknown,0,0
0x0021fed4,FUN_0021fed4,48,1,unknown,,unknown,0,0
0x0021ff04,FUN_0021ff04,72,3,unknown,,unknown,0,0
0x0021ff4c,FUN_0021ff4c,48,1,unknown,,unknown,0,0
0x0021ff7c,FUN_0021ff7c,72,3,unknown,,unknown,0,0
0x0021ffc4,FUN_0021ffc4,48,1,unknown,,unknown,0,0
0x0021fff4,FUN_0021fff4,72,1,unknown,,unknown,0,0
0x0022003c,FUN_0022003c,48,1,unknown,,unknown,0,0
0x0022006c,FUN_0022006c,72,1,unknown,,unknown,0,0
0x002200b4,FUN_002200b4,48,1,unknown,,unknown,0,0
0x002200e4,FUN_002200e4,72,1,unknown,,unknown,0,0
0x0022012c,FUN_0022012c,48,2,unknown,,unknown,0,0
0x0022015c,FUN_0022015c,72,1,unknown,,unknown,0,0
0x002201a4,FUN_002201a4,48,1,unknown,,unknown,0,0
0x002201d4,FUN_002201d4,64,2,unknown,,unknown,0,0
0x00220214,FUN_00220214,20,3,unknown,,unknown,0,0
0x00220228,FUN_00220228,24,2,unknown,,unknown,0,0
0x00220240,FUN_00220240,24,2,unknown,,unknown,0,0
0x00220258,FUN_00220258,24,1,unknown,,unknown,0,0
0x00220270,FUN_00220270,20,2,unknown,,unknown,0,0
0x00220284,FUN_00220284,24,2,unknown,,unknown,0,0
0x0022029c,FUN_0022029c,24,2,unknown,,unknown,0,0
0x002202b4,FUN_002202b4,24,2,unknown,,unknown,0,0
0x002202cc,FUN_002202cc,68,3,unknown,,unknown,0,0
0x00220310,FUN_00220310,68,1,unknown,,unknown,0,0
0x00220354,FUN_00220354,68,1,unknown,,unknown,0,0
0x00220398,FUN_00220398,68,1,unknown,,unknown,0,0
0x002203dc,FUN_002203dc,52,2,unknown,,unknown,0,0
0x00220410,FUN_00220410,52,2,unknown,,unknown,0,0
0x00220444,FUN_00220444,20,1,unknown,,unknown,0,0
0x00220458,FUN_00220458,24,1,unknown,,unknown,0,0
0x00220470,FUN_00220470,24,1,unknown,,unknown,0,0
0x00220488,FUN_00220488,48,3,unknown,,unknown,0,0
0x002204b8,FUN_002204b8,52,4,unknown,,unknown,0,0
0x002204ec,FUN_002204ec,52,2,unknown,,unknown,0,0
0x00220520,FUN_00220520,52,3,unknown,,unknown,0,0
0x00220554,FUN_00220554,52,2,unknown,,unknown,0,0
0x00220588,FUN_00220588,72,1,unknown,,unknown,0,0
0x002205d0,FUN_002205d0,68,3,unknown,,unknown,0,0
0x00220614,FUN_00220614,68,3,unknown,,unknown,0,0
0x00220658,FUN_00220658,68,5,unknown,,unknown,0,0
0x00220728,FUN_00220728,68,1,unknown,,unknown,0,0
0x0022076c,FUN_0022076c,68,5,unknown,,unknown,0,0
0x002207b0,FUN_002207b0,68,2,unknown,,unknown,0,0
0x002207f4,FUN_002207f4,68,1,unknown,,unknown,0,0
0x0022086c,FUN_0022086c,76,2,unknown,,unknown,0,0
0x002208b8,FUN_002208b8,52,1,unknown,,unknown,0,0
0x002208ec,FUN_002208ec,76,2,unknown,,unknown,0,0
0x00220938,FUN_00220938,52,1,unknown,,unknown,0,0
0x0022096c,FUN_0022096c,76,2,unknown,,unknown,0,0
0x002209b8,FUN_002209b8,52,1,unknown,,unknown,0,0
0x002209ec,FUN_002209ec,52,3,unknown,,unknown,0,0
0x00220a20,FUN_00220a20,76,2,unknown,,unknown,0,0
0x00220a6c,FUN_00220a6c,52,3,unknown,,unknown,0,0
0x00220aa0,FUN_00220aa0,52,3,unknown,,unknown,0,0
0x00220ad4,FUN_00220ad4,76,2,unknown,,unknown,0,0
0x00220b20,FUN_00220b20,52,3,unknown,,unknown,0,0
0x00220b54,FUN_00220b54,76,3,unknown,,unknown,0,0
0x00220ba0,FUN_00220ba0,76,3,unknown,,unknown,0,0
0x00220bec,FUN_00220bec,76,3,unknown,,unknown,0,0
0x00220c38,FUN_00220c38,52,2,unknown,,unknown,0,0
0x00220c6c,FUN_00220c6c,52,2,unknown,,unknown,0,0
0x00220ca0,FUN_00220ca0,52,2,unknown,,unknown,0,0
0x00220cd4,FUN_00220cd4,68,1,unknown,,unknown,0,0
0x00220d18,FUN_00220d18,68,1,unknown,,unknown,0,0
0x00220d5c,FUN_00220d5c,24,1,unknown,,unknown,0,0
0x00220d74,FUN_00220d74,24,1,unknown,,unknown,0,0
0x00220d8c,FUN_00220d8c,24,1,unknown,,unknown,0,0
0x00220da4,FUN_00220da4,24,2,unknown,,unknown,0,0
0x00220dbc,FUN_00220dbc,24,1,unknown,,unknown,0,0
0x00220dd4,FUN_00220dd4,24,2,unknown,,unknown,0,0
0x00220dec,FUN_00220dec,24,1,unknown,,unknown,0,0
0x00220e04,FUN_00220e04,24,2,unknown,,unknown,0,0
0x00220e1c,FUN_00220e1c,24,1,unknown,,unknown,0,0
0x00220e34,FUN_00220e34,24,2,unknown,,unknown,0,0
0x00220e4c,FUN_00220e4c,24,1,unknown,,unknown,0,0
0x00220e64,FUN_00220e64,24,2,unknown,,unknown,0,0
0x00220e7c,FUN_00220e7c,24,1,unknown,,unknown,0,0
0x00220e94,FUN_00220e94,24,2,unknown,,unknown,0,0
0x00220eac,FUN_00220eac,24,1,unknown,,unknown,0,0
0x00220ec4,FUN_00220ec4,24,1,unknown,,unknown,0,0
0x00220edc,FUN_00220edc,24,1,unknown,,unknown,0,0
0x00220ef4,FUN_00220ef4,20,2,unknown,,unknown,0,0
0x00220f08,FUN_00220f08,20,1,unknown,,unknown,0,0
0x00220f1c,FUN_00220f1c,76,1,unknown,,unknown,0,0
0x00220f68,FUN_00220f68,52,2,unknown,,unknown,0,0
0x00220f9c,FUN_00220f9c,76,3,unknown,,unknown,0,0
0x00220fe8,FUN_00220fe8,52,2,unknown,,unknown,0,0
0x0022101c,FUN_0022101c,76,1,unknown,,unknown,0,0
0x00221068,FUN_00221068,52,2,unknown,,unknown,0,0
0x0022109c,FUN_0022109c,76,3,unknown,,unknown,0,0
0x002210e8,FUN_002210e8,52,2,unknown,,unknown,0,0
0x0022111c,FUN_0022111c,24,2,unknown,,unknown,0,0
0x00221134,FUN_00221134,24,2,unknown,,unknown,0,0
0x0022114c,FUN_0022114c,24,2,unknown,,unknown,0,0
0x00221164,FUN_00221164,64,4,unknown,,unknown,0,0
0x002211a4,FUN_002211a4,64,2,unknown,,unknown,0,0
0x002211e4,FUN_002211e4,64,4,unknown,,unknown,0,0
0x00221224,FUN_00221224,52,1,unknown,,unknown,0,0
0x00221258,FUN_00221258,68,1,unknown,,unknown,0,0
0x0022129c,FUN_0022129c,68,3,unknown,,unknown,0,0
0x002212e0,FUN_002212e0,68,1,unknown,,unknown,0,0
0x00221324,FUN_00221324,68,2,unknown,,unknown,0,0
0x00221368,FUN_00221368,68,4,unknown,,unknown,0,0
0x002213ac,FUN_002213ac,68,2,unknown,,unknown,0,0
0x002213f0,FUN_002213f0,68,2,unknown,,unknown,0,0
0x00221478,FUN_00221478,68,3,unknown,,unknown,0,0
0x002214bc,FUN_002214bc,68,4,unknown,,unknown,0,0
0x00221500,FUN_00221500,68,1,unknown,,unknown,0,0
0x00221544,FUN_00221544,68,2,unknown,,unknown,0,0
0x00221588,FUN_00221588,68,2,unknown,,unknown,0,0
0x002215cc,FUN_002215cc,68,1,unknown,,unknown,0,0
0x00221610,FUN_00221610,68,2,unknown,,unknown,0,0
0x00221654,FUN_00221654,68,1,unknown,,unknown,0,0
0x00221698,FUN_00221698,68,1,unknown,,unknown,0,0
0x002216dc,FUN_002216dc,68,3,unknown,,unknown,0,0
0x00221720,FUN_00221720,52,2,unknown,,unknown,0,0
0x00221754,FUN_00221754,52,2,unknown,,unknown,0,0
0x00221788,FUN_00221788,52,2,unknown,,unknown,0,0
0x002217bc,FUN_002217bc,52,1,unknown,,unknown,0,0
0x002217f0,FUN_002217f0,24,1,unknown,,unknown,0,0
0x00221808,FUN_00221808,24,1,unknown,,unknown,0,0
0x00221820,FUN_00221820,24,1,unknown,,unknown,0,0
0x00221838,FUN_00221838,20,2,unknown,,unknown,0,0
0x0022184c,FUN_0022184c,24,2,unknown,,unknown,0,0
0x00221864,FUN_00221864,64,2,unknown,,unknown,0,0
0x002218a4,FUN_002218a4,68,3,unknown,,unknown,0,0
0x002218e8,FUN_002218e8,68,4,unknown,,unknown,0,0
0x0022192c,FUN_0022192c,68,2,unknown,,unknown,0,0
0x00221970,FUN_00221970,68,1,unknown,,unknown,0,0
0x002219f8,FUN_002219f8,68,2,unknown,,unknown,0,0
0x00221a3c,FUN_00221a3c,68,5,unknown,,unknown,0,0
0x00221a80,FUN_00221a80,68,2,unknown,,unknown,0,0
0x00221ac4,FUN_00221ac4,68,2,unknown,,unknown,0,0
0x00221b08,FUN_00221b08,68,2,unknown,,unknown,0,0
0x00221b4c,FUN_00221b4c,68,5,unknown,,unknown,0,0
0x00221b90,FUN_00221b90,68,2,unknown,,unknown,0,0
0x00221bd4,FUN_00221bd4,72,2,unknown,,unknown,0,0
0x00221c1c,FUN_00221c1c,52,2,unknown,,unknown,0,0
0x00221c50,FUN_00221c50,52,1,unknown,,unknown,0,0
0x00221c84,FUN_00221c84,52,1,unknown,,unknown,0,0
0x00221cb8,FUN_00221cb8,52,1,unknown,,unknown,0,0
0x00221cec,FUN_00221cec,52,1,unknown,,unknown,0,0
0x00221d20,FUN_00221d20,52,2,unknown,,unknown,0,0
0x00221d54,FUN_00221d54,52,2,unknown,,unknown,0,0
0x00221d88,FUN_00221d88,116,1,unknown,,unknown,0,0
0x00221dfc,FUN_00221dfc,24,1,unknown,,unknown,0,0
0x00221e14,FUN_00221e14,20,1,unknown,,unknown,0,0
0x00221e28,FUN_00221e28,24,1,unknown,,unknown,0,0
0x00221e40,FUN_00221e40,24,1,unknown,,unknown,0,0
0x00221e58,FUN_00221e58,20,1,unknown,,unknown,0,0
0x00221e6c,FUN_00221e6c,20,4,unknown,,unknown,0,0
0x00221e80,FUN_00221e80,24,4,unknown,,unknown,0,0
0x00221e98,FUN_00221e98,24,4,unknown,,unknown,0,0
0x00221f28,FUN_00221f28,76,4,unknown,,unknown,0,0
0x00221f74,FUN_00221f74,52,4,unknown,,unknown,0,0
0x002220b8,FUN_002220b8,68,1,unknown,,unknown,0,0
0x00222140,FUN_00222140,68,1,unknown,,unknown,0,0
0x00222248,FUN_00222248,52,1,unknown,,unknown,0,0
0x0022227c,FUN_0022227c,52,2,unknown,,unknown,0,0
0x002222b0,FUN_002222b0,68,2,unknown,,unknown,0,0
0x002222f4,FUN_002222f4,68,1,unknown,,unknown,0,0
0x00222338,FUN_00222338,68,2,unknown,,unknown,0,0
0x0022237c,FUN_0022237c,52,1,unknown,,unknown,0,0
0x002223b0,FUN_002223b0,76,1,unknown,,unknown,0,0
0x002223fc,FUN_002223fc,76,2,unknown,,unknown,0,0
0x00222448,FUN_00222448,52,1,unknown,,unknown,0,0
0x0022247c,FUN_0022247c,68,2,unknown,,unknown,0,0
0x002224c0,FUN_002224c0,68,1,unknown,,unknown,0,0
0x00222504,FUN_00222504,68,1,unknown,,unknown,0,0
0x00222548,FUN_00222548,68,2,unknown,,unknown,0,0
0x0022258c,FUN_0022258c,68,2,unknown,,unknown,0,0
0x002225d0,FUN_002225d0,68,1,unknown,,unknown,0,0
0x00222658,FUN_00222658,72,2,unknown,,unknown,0,0
0x002226a0,FUN_002226a0,68,2,unknown,,unknown,0,0
0x002226e4,FUN_002226e4,52,1,unknown,,unknown,0,0
0x00222718,FUN_00222718,76,1,unknown,,unknown,0,0
0x00222798,FUN_00222798,76,1,unknown,,unknown,0,0
0x00222818,FUN_00222818,76,1,unknown,,unknown,0,0
0x00222898,FUN_00222898,76,1,unknown,,unknown,0,0
0x00222918,FUN_00222918,88,11,unknown,,unknown,0,0
0x00222970,FUN_00222970,760,1,unknown,,unknown,0,0
0x00222c68,FUN_00222c68,80,21,unknown,,unknown,0,0
0x00223418,FUN_00223418,136,2,unknown,,unknown,0,0
0x002234a0,FUN_002234a0,84,2,unknown,,unknown,0,0
0x002234f4,FUN_002234f4,44,6,unknown,,unknown,0,0
0x002235b4,FUN_002235b4,164,12,unknown,,unknown,0,0
0x00223658,FUN_00223658,88,18,unknown,,unknown,0,0
0x002236b0,FUN_002236b0,296,2,unknown,,unknown,0,0
0x002237d8,FUN_002237d8,24,2,unknown,,unknown,0,0
0x00223848,FUN_00223848,108,3,unknown,,unknown,0,0
0x002238b4,FUN_002238b4,156,3,unknown,,unknown,0,0
0x00223950,FUN_00223950,76,3,unknown,,unknown,0,0
0x0022399c,FUN_0022399c,156,3,unknown,,unknown,0,0
0x00223a38,FUN_00223a38,76,3,unknown,,unknown,0,0
0x00223a84,FUN_00223a84,140,2,unknown,,unknown,0,0
0x00223b10,FUN_00223b10,916,3,unknown,,unknown,0,0
0x00223ea4,FUN_00223ea4,748,2,unknown,,unknown,0,0
0x00224190,FUN_00224190,588,3,unknown,,unknown,0,0
0x002243dc,FUN_002243dc,296,5,unknown,,unknown,0,0
0x00224504,FUN_00224504,20,5,unknown,,unknown,0,0
0x00224518,FUN_00224518,80,2,unknown,,unknown,0,0
0x00224568,FUN_00224568,112,6,unknown,,unknown,0,0
0x002245d8,FUN_002245d8,60,3,unknown,,unknown,0,0
0x00224614,FUN_00224614,60,1,unknown,,unknown,0,0
0x0022495c,FUN_0022495c,232,2,unknown,,unknown,0,0
0x00224a44,FUN_00224a44,72,3,unknown,,unknown,0,0
0x00224a8c,FUN_00224a8c,392,2,unknown,,unknown,0,0
0x00224c14,FUN_00224c14,112,2,unknown,,unknown,0,0
0x00224c84,FUN_00224c84,52,2,unknown,,unknown,0,0
0x00224cb8,FUN_00224cb8,336,1,unknown,,unknown,0,0
0x00224e08,FUN_00224e08,364,1,unknown,,unknown,0,0
0x00225120,FUN_00225120,128,4,unknown,,unknown,0,0
0x002251a0,FUN_002251a0,128,2,unknown,,unknown,0,0
0x00225220,FUN_00225220,128,23,unknown,,unknown,0,0
0x002252a0,FUN_002252a0,32,2,unknown,,unknown,0,0
0x002252c0,FUN_002252c0,116,5,unknown,,unknown,0,0
0x00225334,FUN_00225334,312,6,unknown,,unknown,0,0
0x002258cc,FUN_002258cc,120,2,unknown,,unknown,0,0
0x00225944,FUN_00225944,168,1,unknown,,unknown,0,0
0x00225ab0,FUN_00225ab0,216,1,unknown,,unknown,0,0
0x00225b88,FUN_00225b88,104,1,unknown,,unknown,0,0
0x00225d68,FUN_00225d68,48,7,unknown,,unknown,0,0
0x00225e78,FUN_00225e78,56,1,unknown,,unknown,0,0
0x002260a4,FUN_002260a4,112,7,unknown,,unknown,0,0
0x002261a0,FUN_002261a0,140,4,unknown,,unknown,0,0
0x0022622c,FUN_0022622c,144,1,unknown,,unknown,0,0
0x00226348,FUN_00226348,140,4,unknown,,unknown,0,0
0x002264b0,FUN_002264b0,112,38,unknown,,unknown,0,0
0x00226520,FUN_00226520,148,2,unknown,,unknown,0,0
0x00226690,FUN_00226690,112,4,unknown,,unknown,0,0
0x0022677c,FUN_0022677c,156,3,unknown,,unknown,0,0
0x002269bc,FUN_002269bc,84,3,unknown,,unknown,0,0
0x00226a70,FUN_00226a70,84,3,unknown,,unknown,0,0
0x00226b24,FUN_00226b24,84,13,unknown,,unknown,0,0
0x00227410,FUN_00227410,232,9,unknown,,unknown,0,0
0x00227818,FUN_00227818,108,5,unknown,,unknown,0,0
0x0022796c,FUN_0022796c,124,28,unknown,,unknown,0,0
0x002279e8,FUN_002279e8,296,8,unknown,,unknown,0,0
0x00227bd0,FUN_00227bd0,56,2,unknown,,unknown,0,0
0x00227d30,FUN_00227d30,392,3,unknown,,unknown,0,0
0x00227ee0,FUN_00227ee0,352,3,unknown,,unknown,0,0
0x00228f10,FUN_00228f10,372,6,unknown,,unknown,0,0
0x00229084,FUN_00229084,12,1,unknown,,unknown,0,0
0x00229100,FUN_00229100,64,1,unknown,,unknown,0,0
0x00229390,FUN_00229390,12,3,unknown,,unknown,0,0
0x00229890,FUN_00229890,544,3,unknown,,unknown,0,0
0x00229d48,FUN_00229d48,840,6,unknown,,unknown,0,0
0x0022a450,FUN_0022a450,460,2,unknown,,unknown,0,0
0x0022a860,FUN_0022a860,1040,3,unknown,,unknown,0,0
0x0022c0f8,FUN_0022c0f8,532,3,unknown,,unknown,0,0
0x0022c610,FUN_0022c610,1176,1,unknown,,unknown,0,0
0x0022cfb8,FUN_0022cfb8,1816,3,unknown,,unknown,0,0
0x0022d760,FUN_0022d760,224,3,unknown,,unknown,0,0
0x0022dc40,FUN_0022dc40,2232,4,unknown,,unknown,0,0
0x0022e550,FUN_0022e550,804,1,unknown,,unknown,0,0
0x0022fb38,FUN_0022fb38,1468,1,unknown,,unknown,0,0
0x00230188,FUN_00230188,680,5,unknown,,unknown,0,0
0x00230f10,FUN_00230f10,1804,2,unknown,,unknown,0,0
0x00231b74,FUN_00231b74,1208,1,unknown,,unknown,0,0
0x00232054,FUN_00232054,1052,1,unknown,,unknown,0,0
0x00232498,FUN_00232498,64,7,unknown,,unknown,0,0
0x00233ca8,FUN_00233ca8,300,1,unknown,,unknown,0,0
0x00233dd4,FUN_00233dd4,72,2,unknown,,unknown,0,0
0x00233e1c,FUN_00233e1c,72,1,unknown,,unknown,0,0
0x00233e64,FUN_00233e64,600,7,unknown,,unknown,0,0
0x002340bc,FUN_002340bc,468,16,unknown,,unknown,0,0
0x00234290,FUN_00234290,428,19,unknown,,unknown,0,0
0x0023443c,FUN_0023443c,248,1,unknown,,unknown,0,0
0x00234534,FUN_00234534,924,1,unknown,,unknown,0,0
0x002348f8,FUN_002348f8,788,30,unknown,,unknown,0,0
0x00234c0c,FUN_00234c0c,1852,4,unknown,,unknown,0,0
0x002353d4,FUN_002353d4,1656,1,unknown,,unknown,0,0
0x00235fc0,FUN_00235fc0,1380,2,unknown,,unknown,0,0
0x00236674,FUN_00236674,476,1,unknown,,unknown,0,0
0x00236f8c,FUN_00236f8c,312,1,unknown,,unknown,0,0
0x002372f8,FUN_002372f8,412,1,unknown,,unknown,0,0
0x002385dc,FUN_002385dc,1328,3,unknown,,unknown,0,0
0x00239234,FUN_00239234,1260,3,unknown,,unknown,0,0
0x0023bf78,FUN_0023bf78,228,14,unknown,,unknown,0,0
0x0023c05c,FUN_0023c05c,580,2,unknown,,unknown,0,0
0x0023c2a0,FUN_0023c2a0,324,2,unknown,,unknown,0,0
0x0023c3e4,FUN_0023c3e4,872,2,unknown,,unknown,0,0
0x0023c7c0,FUN_0023c7c0,16,7,unknown,,unknown,0,0
0x0023c7d0,FUN_0023c7d0,148,2,unknown,,unknown,0,0
0x0023c864,FUN_0023c864,916,9,unknown,,unknown,0,0
0x0023cda8,FUN_0023cda8,316,6,unknown,,unknown,0,0
0x0023d044,FUN_0023d044,388,2,unknown,,unknown,0,0
0x0023d220,FUN_0023d220,204,1,unknown,,unknown,0,0
0x0023d2ec,FUN_0023d2ec,700,1,unknown,,unknown,0,0
0x0023d648,FUN_0023d648,88,2,unknown,,unknown,0,0
0x0023d6a0,FUN_0023d6a0,144,13,unknown,,unknown,0,0
0x0023d91c,FUN_0023d91c,148,4,unknown,,unknown,0,0
0x0023da1c,FUN_0023da1c,376,2,unknown,,unknown,0,0
0x0023db94,FUN_0023db94,24,3,unknown,,unknown,0,0
0x0023dbac,FUN_0023dbac,416,1,unknown,,unknown,0,0
0x0023f52c,FUN_0023f52c,140,5,unknown,,unknown,0,0
0x0023f754,FUN_0023f754,160,2,unknown,,unknown,0,0
0x002401f0,FUN_002401f0,816,6,unknown,,unknown,0,0
0x002405f4,FUN_002405f4,916,17,unknown,,unknown,0,0
0x00240988,FUN_00240988,60,3,unknown,,unknown,0,0
0x002409c4,FUN_002409c4,104,4,unknown,,unknown,0,0
0x00240b40,FUN_00240b40,420,5,unknown,,unknown,0,0
0x00240fdc,FUN_00240fdc,48,5,unknown,,unknown,0,0
0x0024100c,FUN_0024100c,224,15,unknown,,unknown,0,0
0x002410ec,FUN_002410ec,2856,4,unknown,,unknown,0,0
0x00241c14,FUN_00241c14,324,1,unknown,,unknown,0,0
0x00241d58,FUN_00241d58,404,1,unknown,,unknown,0,0
0x00241eec,FUN_00241eec,976,2,unknown,,unknown,0,0
0x002422bc,FUN_002422bc,36,1,unknown,,unknown,0,0
0x002424fc,FUN_002424fc,480,2,unknown,,unknown,0,0
0x002426dc,FUN_002426dc,264,2,unknown,,unknown,0,0
0x002427e4,FUN_002427e4,576,3,unknown,,unknown,0,0
0x00243b98,FUN_00243b98,124,3,unknown,,unknown,0,0
0x00243c14,FUN_00243c14,96,1,unknown,,unknown,0,0
0x00243c74,FUN_00243c74,344,3,unknown,,unknown,0,0
0x00243dcc,FUN_00243dcc,1440,3,unknown,,unknown,0,0
0x0024436c,FUN_0024436c,292,2,unknown,,unknown,0,0
0x00244490,FUN_00244490,1360,2,unknown,,unknown,0,0
0x002449e0,FUN_002449e0,140,3,unknown,,unknown,0,0
0x00244a6c,FUN_00244a6c,660,1,unknown,,unknown,0,0
0x00244d00,FUN_00244d00,1176,2,unknown,,unknown,0,0
0x00245198,FUN_00245198,140,2,unknown,,unknown,0,0
0x00245224,FUN_00245224,320,2,unknown,,unknown,0,0
0x00245364,FUN_00245364,1564,8,unknown,,unknown,0,0
0x00245bc8,FUN_00245bc8,32,1,unknown,,unknown,0,0
0x00245be8,FUN_00245be8,32,307,unknown,,unknown,0,0
0x00245c08,FUN_00245c08,32,1,red,,callgraph,2,1
0x00245c34,FUN_00245c34,40,2042,unknown,,unknown,0,0
0x00245c94,FUN_00245c94,68,1,unknown,,unknown,0,0
0x00245cd8,FUN_00245cd8,324,73,unknown,,unknown,0,0
0x00245e1c,FUN_00245e1c,68,2,unknown,,unknown,0,0
0x00245e60,FUN_00245e60,72,2,unknown,,unknown,0,0
0x00245ea8,FUN_00245ea8,200,6,unknown,,unknown,0,0
0x00245f70,FUN_00245f70,336,13,unknown,,unknown,0,0
0x002460c0,FUN_002460c0,44,1,unknown,,unknown,0,0
0x002460ec,FUN_002460ec,344,7,unknown,,unknown,0,0
0x002462e8,FUN_002462e8,108,1,unknown,,unknown,0,0
0x00246354,FUN_00246354,100,4,unknown,,unknown,0,0
0x002463b8,FUN_002463b8,256,5,unknown,,unknown,0,0
0x002464b8,FUN_002464b8,220,1,unknown,,unknown,0,0
0x00246594,FUN_00246594,288,3,unknown,,unknown,0,0
0x002466b4,FUN_002466b4,156,6,unknown,,unknown,0,0
0x00246750,FUN_00246750,224,2,unknown,,unknown,0,0
0x00246830,FUN_00246830,1760,2,unknown,,unknown,0,0
0x00246c54,FUN_00246c54,404,3,unknown,,unknown,0,0
0x00246de8,FUN_00246de8,124,1,unknown,,unknown,0,0
0x00246e64,FUN_00246e64,152,2,unknown,,unknown,0,0
0x00246efc,FUN_00246efc,212,2,unknown,,unknown,0,0
0x00246fd0,FUN_00246fd0,196,3,unknown,,unknown,0,0
0x00247094,FUN_00247094,120,1,unknown,,unknown,0,0
0x002478b8,FUN_002478b8,44,2,unknown,,unknown,0,0
0x00247b54,FUN_00247b54,52,1,unknown,,unknown,0,0
0x00247b88,FUN_00247b88,32,1,unknown,,unknown,0,0
0x00247c4c,FUN_00247c4c,44,1,unknown,,unknown,0,0
0x00247c78,FUN_00247c78,216,65,unknown,,unknown,0,0
0x00247d50,FUN_00247d50,44,1,unknown,,unknown,0,0
0x00247d7c,FUN_00247d7c,188,7,unknown,,unknown,0,0
0x00247e58,FUN_00247e58,324,1,unknown,,unknown,0,0
0x00247fc4,FUN_00247fc4,44,12,unknown,,unknown,0,0
0x0024817c,FUN_0024817c,44,1,unknown,,unknown,0,0
0x002481c4,FUN_002481c4,24,19,unknown,,unknown,0,0
0x002482e0,FUN_002482e0,32,38,unknown,,unknown,0,0
0x00248300,FUN_00248300,296,147,unknown,,unknown,0,0
0x00248450,FUN_00248450,344,158,unknown,,unknown,0,0
0x00248640,FUN_00248640,348,709,unknown,,unknown,0,0
0x002487f8,FUN_002487f8,108,4,unknown,,unknown,0,0
0x002488a0,FUN_002488a0,100,6,unknown,,unknown,0,0
0x00248c5c,FUN_00248c5c,144,2,unknown,,unknown,0,0
0x002490f4,FUN_002490f4,196,3,unknown,,unknown,0,0
0x002491d0,FUN_002491d0,40,1,unknown,,unknown,0,0
0x002491f8,FUN_002491f8,24,18,unknown,,unknown,0,0
0x00249490,FUN_00249490,88,9,unknown,,unknown,0,0
0x002494e8,FUN_002494e8,432,3,unknown,,unknown,0,0
0x00249698,FUN_00249698,92,1,unknown,,unknown,0,0
0x002496f4,FUN_002496f4,104,3,unknown,,unknown,0,0
0x0024975c,FUN_0024975c,132,2,unknown,,unknown,0,0
0x00249b84,FUN_00249b84,532,24,unknown,,unknown,0,0
0x0024a240,FUN_0024a240,156,18,unknown,,unknown,0,0
0x0024a2dc,FUN_0024a2dc,3040,84,unknown,,unknown,0,0
0x0024b0dc,FUN_0024b0dc,124,14,unknown,,unknown,0,0
0x0024b158,FUN_0024b158,336,2,unknown,,unknown,0,0
0x0024b634,FUN_0024b634,496,30,unknown,,unknown,0,0
0x0024ba14,FUN_0024ba14,1260,30,unknown,,unknown,0,0
0x0024c694,FUN_0024c694,2976,2,unknown,,unknown,0,0
0x0024d99c,FUN_0024d99c,72,1,unknown,,unknown,0,0
0x0024db54,FUN_0024db54,20,5,unknown,,unknown,0,0
0x0024db68,FUN_0024db68,112,2,unknown,,unknown,0,0
0x0024dbd8,FUN_0024dbd8,152,38,unknown,,unknown,0,0
0x0024dc70,FUN_0024dc70,148,38,unknown,,unknown,0,0
0x0024dd04,FUN_0024dd04,132,50,unknown,,unknown,0,0
0x0024e4a4,FUN_0024e4a4,1700,40,unknown,,unknown,0,0
0x0024f4bc,FUN_0024f4bc,1020,3,unknown,,unknown,0,0
0x0024f96c,FUN_0024f96c,1180,4,unknown,,unknown,0,0
0x0024fefc,FUN_0024fefc,356,22,unknown,,unknown,0,0
0x00250ea4,FUN_00250ea4,1040,678,unknown,,unknown,0,0
0x002513e0,FUN_002513e0,1040,722,unknown,,unknown,0,0
0x0025191c,FUN_0025191c,32,3,unknown,,unknown,0,0
0x0025193c,FUN_0025193c,360,13,unknown,,unknown,0,0
0x00251adc,FUN_00251adc,56,23,unknown,,unknown,0,0
0x00251b4c,FUN_00251b4c,56,21,unknown,,unknown,0,0
0x00251b84,FUN_00251b84,36,1,unknown,,unknown,0,0
0x00251ba8,FUN_00251ba8,36,1,unknown,,unknown,0,0
0x00251bcc,FUN_00251bcc,100,3,unknown,,unknown,0,0
0x00251c30,FUN_00251c30,36,1,unknown,,unknown,0,0
0x00251c54,FUN_00251c54,12,2,unknown,,unknown,0,0
0x00251c60,FUN_00251c60,456,1,unknown,,unknown,0,0
0x00251e28,FUN_00251e28,756,3,unknown,,unknown,0,0
0x002521d8,FUN_002521d8,116,213,unknown,,unknown,0,0
0x0025224c,FUN_0025224c,80,211,unknown,,unknown,0,0
0x0025229c,FUN_0025229c,52,3,unknown,,unknown,0,0
0x002522d0,FUN_002522d0,36,3,unknown,,unknown,0,0
0x002522f4,FUN_002522f4,40,2,unknown,,unknown,0,0
0x0025231c,FUN_0025231c,36,2,unknown,,unknown,0,0
0x00252340,FUN_00252340,80,118,unknown,,unknown,0,0
0x00252390,FUN_00252390,84,56,unknown,,unknown,0,0
0x002523e4,FUN_002523e4,96,13,unknown,,unknown,0,0
0x00252458,FUN_00252458,532,2,unknown,,unknown,0,0
0x00252880,FUN_00252880,632,3,unknown,,unknown,0,0
0x00252ff0,FUN_00252ff0,100,3,unknown,,unknown,0,0
0x00253054,FUN_00253054,96,3,unknown,,unknown,0,0
0x0025313c,FUN_0025313c,132,3,unknown,,unknown,0,0
0x0025326c,FUN_0025326c,236,1,unknown,,unknown,0,0
0x00253a04,FUN_00253a04,100,2,unknown,,unknown,0,0
0x00253a68,FUN_00253a68,144,1,unknown,,unknown,0,0
0x00253b14,FUN_00253b14,12,1,unknown,,unknown,0,0
0x00253c18,FUN_00253c18,44,1,unknown,,unknown,0,0
0x00253c70,FUN_00253c70,60,1,unknown,,unknown,0,0
0x00253cac,FUN_00253cac,228,10,unknown,,unknown,0,0
0x00253d90,FUN_00253d90,32,4,unknown,,unknown,0,0
0x00253db0,FUN_00253db0,68,1,unknown,,unknown,0,0
0x00254038,FUN_00254038,84,3,unknown,,unknown,0,0
0x0025409c,FUN_0025409c,108,1,unknown,,unknown,0,0
0x00254108,FUN_00254108,40,1,unknown,,unknown,0,0
0x00254130,FUN_00254130,196,1,unknown,,unknown,0,0
0x002541f4,FUN_002541f4,144,3,unknown,,unknown,0,0
0x00254384,FUN_00254384,188,1,unknown,,unknown,0,0
0x00254440,FUN_00254440,236,2,unknown,,unknown,0,0
0x0025452c,FUN_0025452c,168,1,unknown,,unknown,0,0
0x002545d4,FUN_002545d4,168,1,unknown,,unknown,0,0
0x00254c84,FUN_00254c84,144,1,unknown,,unknown,0,0
0x00254d14,FUN_00254d14,196,2,unknown,,unknown,0,0
0x00254dd8,FUN_00254dd8,120,4,unknown,,unknown,0,0
0x00254ffc,FUN_00254ffc,108,3,unknown,,unknown,0,0
0x00255068,FUN_00255068,112,2,unknown,,unknown,0,0
0x002554a0,FUN_002554a0,192,1,unknown,,unknown,0,0
0x00255eb8,FUN_00255eb8,96,4,unknown,,unknown,0,0
0x00255fe8,FUN_00255fe8,100,1,unknown,,unknown,0,0
0x002560fc,FUN_002560fc,48,5,unknown,,unknown,0,0
0x0025612c,FUN_0025612c,48,1,unknown,,unknown,0,0
0x002561ac,FUN_002561ac,96,4,unknown,,unknown,0,0
0x00256230,FUN_00256230,40,1,unknown,,unknown,0,0
0x00256258,FUN_00256258,408,1,unknown,,unknown,0,0
0x00256508,FUN_00256508,104,1,unknown,,unknown,0,0
0x00256570,FUN_00256570,112,1,unknown,,unknown,0,0
0x002565e0,FUN_002565e0,12,1,unknown,,unknown,0,0
0x00256700,FUN_00256700,72,1,unknown,,unknown,0,0
0x00256748,FUN_00256748,72,1,unknown,,unknown,0,0
0x00256790,FUN_00256790,60,5,unknown,,unknown,0,0
0x002567ec,FUN_002567ec,44,1,unknown,,unknown,0,0
0x002568dc,FUN_002568dc,60,2,unknown,,unknown,0,0
0x00256918,FUN_00256918,88,2,unknown,,unknown,0,0
0x00256a9c,FUN_00256a9c,804,2,unknown,,unknown,0,0
0x00256ee8,FUN_00256ee8,68,2,unknown,,unknown,0,0
0x00257024,FUN_00257024,72,3,unknown,,unknown,0,0
0x002570b4,FUN_002570b4,52,6,unknown,,unknown,0,0
0x002573ec,FUN_002573ec,88,1,unknown,,unknown,0,0
0x00257444,FUN_00257444,320,1,unknown,,unknown,0,0
0x002575c4,FUN_002575c4,64,1,unknown,,unknown,0,0
0x0025764c,FUN_0025764c,292,3,unknown,,unknown,0,0
0x002578c0,FUN_002578c0,56,7,unknown,,unknown,0,0
0x002578f8,FUN_002578f8,56,57,unknown,,unknown,0,0
0x00257930,FUN_00257930,148,2,unknown,,unknown,0,0
0x002579e8,FUN_002579e8,36,23,unknown,,unknown,0,0
0x00257a0c,FUN_00257a0c,56,65,unknown,,unknown,0,0
0x00257a44,FUN_00257a44,52,10,unknown,,unknown,0,0
0x00257a78,FUN_00257a78,48,5,unknown,,unknown,0,0
0x00257aa8,FUN_00257aa8,36,18,unknown,,unknown,0,0
0x00257acc,FUN_00257acc,76,4,unknown,,unknown,0,0
0x00257b18,FUN_00257b18,236,26,unknown,,unknown,0,0
0x00257c04,FUN_00257c04,276,7,unknown,,unknown,0,0
0x00257d18,FUN_00257d18,268,102,unknown,,unknown,0,0
0x00257e24,FUN_00257e24,40,2,unknown,,unknown,0,0
0x00257e4c,FUN_00257e4c,232,26,unknown,,unknown,0,0
0x00257f34,FUN_00257f34,80,2,unknown,,unknown,0,0
0x00257f84,FUN_00257f84,84,1,unknown,,unknown,0,0
0x00257fd8,FUN_00257fd8,112,11,unknown,,unknown,0,0
0x00258048,FUN_00258048,92,5,unknown,,unknown,0,0
0x0025811c,FUN_0025811c,48,36,unknown,,unknown,0,0
0x0025814c,FUN_0025814c,300,10,unknown,,unknown,0,0
0x00258278,FUN_00258278,132,6,unknown,,unknown,0,0
0x00258308,FUN_00258308,380,2,unknown,,unknown,0,0
0x00258484,FUN_00258484,300,2,unknown,,unknown,0,0
0x002585b0,FUN_002585b0,296,138,unknown,,unknown,0,0
0x002586d8,FUN_002586d8,552,2,unknown,,unknown,0,0
0x00258900,FUN_00258900,160,80,unknown,,unknown,0,0
0x002589a0,FUN_002589a0,112,80,unknown,,unknown,0,0
0x00258a10,FUN_00258a10,116,2,unknown,,unknown,0,0
0x00258a84,FUN_00258a84,168,18,unknown,,unknown,0,0
0x00258b2c,FUN_00258b2c,112,4,unknown,,unknown,0,0
0x00258b9c,FUN_00258b9c,208,6,unknown,,unknown,0,0
0x00258c6c,FUN_00258c6c,140,119,unknown,,unknown,0,0
0x00258cf8,FUN_00258cf8,132,20,unknown,,unknown,0,0
0x00258d7c,FUN_00258d7c,84,1,unknown,,unknown,0,0
0x00258dd0,FUN_00258dd0,72,18,unknown,,unknown,0,0
0x00258e18,FUN_00258e18,160,3,unknown,,unknown,0,0
0x00258eb8,FUN_00258eb8,208,3,unknown,,unknown,0,0
0x00258f88,FUN_00258f88,92,2,unknown,,unknown,0,0
0x00258fe4,FUN_00258fe4,628,2,unknown,,unknown,0,0
0x00259258,FUN_00259258,88,3,unknown,,unknown,0,0
0x002592b0,FUN_002592b0,28,1,unknown,,unknown,0,0
0x002592cc,FUN_002592cc,28,1,unknown,,unknown,0,0
0x002592e8,FUN_002592e8,416,1,unknown,,unknown,0,0
0x00259488,FUN_00259488,224,1,unknown,,unknown,0,0
0x00259780,FUN_00259780,100,37,unknown,,unknown,0,0
0x002597e4,FUN_002597e4,80,40,unknown,,unknown,0,0
0x00259834,FUN_00259834,252,1,unknown,,unknown,0,0
0x00259930,FUN_00259930,172,3,unknown,,unknown,0,0
0x002599dc,FUN_002599dc,144,27,unknown,,unknown,0,0
0x00259a6c,FUN_00259a6c,144,22,unknown,,unknown,0,0
0x00259afc,FUN_00259afc,104,8,unknown,,unknown,0,0
0x00259b64,FUN_00259b64,252,2,unknown,,unknown,0,0
0x00259c60,FUN_00259c60,164,2,unknown,,unknown,0,0
0x00259da8,FUN_00259da8,180,2,unknown,,unknown,0,0
0x00259e5c,FUN_00259e5c,180,6,unknown,,unknown,0,0
0x0025a048,FUN_0025a048,48,6,unknown,,unknown,0,0
0x0025a4a8,FUN_0025a4a8,548,2,unknown,,unknown,0,0
0x0025a7a0,FUN_0025a7a0,212,3,unknown,,unknown,0,0
0x0025a874,FUN_0025a874,24,11,unknown,,unknown,0,0
0x0025a88c,FUN_0025a88c,284,2,unknown,,unknown,0,0
0x0025a9ec,FUN_0025a9ec,44,6,unknown,,unknown,0,0
0x0025aa18,FUN_0025aa18,88,1,unknown,,unknown,0,0
0x0025aa70,FUN_0025aa70,512,2,unknown,,unknown,0,0
0x0025ac70,FUN_0025ac70,516,1,unknown,,unknown,0,0
0x0025ae74,FUN_0025ae74,236,1,unknown,,unknown,0,0
0x0025af60,FUN_0025af60,260,14,unknown,,unknown,0,0
0x0025b064,FUN_0025b064,84,2,unknown,,unknown,0,0
0x0025b10c,FUN_0025b10c,128,5,unknown,,unknown,0,0
0x0025b18c,FUN_0025b18c,56,4,unknown,,unknown,0,0
0x0025b1c4,FUN_0025b1c4,1604,1,unknown,,unknown,0,0
0x0025bd2c,FUN_0025bd2c,108,4,unknown,,unknown,0,0
0x0025bd98,FUN_0025bd98,68,3,unknown,,unknown,0,0
0x0025bddc,FUN_0025bddc,104,1,unknown,,unknown,0,0
0x0025be44,FUN_0025be44,100,3,unknown,,unknown,0,0
0x0025bea8,FUN_0025bea8,1068,1,unknown,,unknown,0,0
0x0025c2d4,FUN_0025c2d4,80,3,unknown,,unknown,0,0
0x0025c324,FUN_0025c324,220,1,unknown,,unknown,0,0
0x0025c400,FUN_0025c400,416,6,unknown,,unknown,0,0
0x0025c5a0,FUN_0025c5a0,2956,13,unknown,,unknown,0,0
0x0025d12c,FUN_0025d12c,360,1,unknown,,unknown,0,0
0x0025d294,FUN_0025d294,144,1,unknown,,unknown,0,0
0x0025d324,FUN_0025d324,80,1,unknown,,unknown,0,0
0x0025d374,FUN_0025d374,420,3,unknown,,unknown,0,0
0x0025d518,FUN_0025d518,96,13,unknown,,unknown,0,0
0x0025d578,FUN_0025d578,432,1,unknown,,unknown,0,0
0x0025d728,FUN_0025d728,44,1,unknown,,unknown,0,0
0x0025d754,FUN_0025d754,912,1,unknown,,unknown,0,0
0x0025dae4,FUN_0025dae4,140,2,unknown,,unknown,0,0
0x0025db70,FUN_0025db70,892,3,unknown,,unknown,0,0
0x0025e350,FUN_0025e350,508,4,unknown,,unknown,0,0
0x0025e54c,FUN_0025e54c,120,2,unknown,,unknown,0,0
0x0025e5c4,FUN_0025e5c4,188,4,unknown,,unknown,0,0
0x0025e69c,FUN_0025e69c,28,21,unknown,,unknown,0,0
0x0025e6d8,FUN_0025e6d8,32,20,unknown,,unknown,0,0
0x0025e6f8,FUN_0025e6f8,260,8,unknown,,unknown,0,0
0x0025e7fc,FUN_0025e7fc,76,1,unknown,,unknown,0,0
0x0025e848,FUN_0025e848,120,6,unknown,,unknown,0,0
0x0025e8c0,FUN_0025e8c0,104,1,unknown,,unknown,0,0
0x0025e928,FUN_0025e928,148,8,unknown,,unknown,0,0
0x0025e9bc,FUN_0025e9bc,364,15,unknown,,unknown,0,0
0x0025eb78,FUN_0025eb78,80,1,unknown,,unknown,0,0
0x0025ebe8,FUN_0025ebe8,32,2,unknown,,unknown,0,0
0x0025ec28,FUN_0025ec28,92,3,unknown,,unknown,0,0
0x0025ec84,FUN_0025ec84,92,1,unknown,,unknown,0,0
0x0025ece0,FUN_0025ece0,1068,11,unknown,,unknown,0,0
0x0025f10c,FUN_0025f10c,48,8,unknown,,unknown,0,0
0x0025f1a0,FUN_0025f1a0,100,10,unknown,,unknown,0,0
0x0025f204,FUN_0025f204,184,3,unknown,,unknown,0,0
0x0025f2e8,FUN_0025f2e8,100,1,unknown,,unknown,0,0
0x0025f580,FUN_0025f580,564,1,unknown,,unknown,0,0
0x0025f7b4,FUN_0025f7b4,36,10,unknown,,unknown,0,0
0x0025f7d8,FUN_0025f7d8,88,6,unknown,,unknown,0,0
0x0025f87c,FUN_0025f87c,76,1,unknown,,unknown,0,0
0x0025f924,FUN_0025f924,92,8,unknown,,unknown,0,0
0x0025f980,FUN_0025f980,120,1,unknown,,unknown,0,0
0x0025f9f8,FUN_0025f9f8,152,1,unknown,,unknown,0,0
0x0025fcc4,FUN_0025fcc4,28,3,unknown,,unknown,0,0
0x0025fd3c,FUN_0025fd3c,92,2,unknown,,unknown,0,0
0x0025fdd0,FUN_0025fdd0,56,7,unknown,,unknown,0,0
0x0025fe08,FUN_0025fe08,108,3,unknown,,unknown,0,0
0x0025ff48,FUN_0025ff48,856,4,unknown,,unknown,0,0
0x002684ac,FUN_002684ac,108,1,unknown,,unknown,0,0
0x00268518,FUN_00268518,1188,4,unknown,,unknown,0,0
0x002689bc,FUN_002689bc,1200,4,unknown,,unknown,0,0
0x00268e88,FUN_00268e88,28,2,unknown,,unknown,0,0
0x00268ec4,FUN_00268ec4,32,3,unknown,,unknown,0,0
0x00268ee4,FUN_00268ee4,24,2,unknown,,unknown,0,0
0x00268efc,FUN_00268efc,84,2,unknown,,unknown,0,0
0x00268f50,FUN_00268f50,116,3,unknown,,unknown,0,0
0x00268fc4,FUN_00268fc4,96,2,unknown,,unknown,0,0
0x00269024,FUN_00269024,212,2,unknown,,unknown,0,0
0x002690f8,FUN_002690f8,240,3,unknown,,unknown,0,0
0x00269eb4,FUN_00269eb4,272,1,unknown,,unknown,0,0
0x00269fc4,FUN_00269fc4,644,2,unknown,,unknown,0,0
0x0026a264,FUN_0026a264,28,1,unknown,,unknown,0,0
0x0026a280,FUN_0026a280,100,2,unknown,,unknown,0,0
0x0026a2e4,FUN_0026a2e4,88,1,unknown,,unknown,0,0
0x0026a520,FUN_0026a520,416,2,unknown,,unknown,0,0
0x0026a97c,FUN_0026a97c,700,2,unknown,,unknown,0,0
0x0026acac,FUN_0026acac,596,5,unknown,,unknown,0,0
0x0026af00,FUN_0026af00,284,4,unknown,,unknown,0,0
0x0026b01c,FUN_0026b01c,304,3,unknown,,unknown,0,0
0x0026b224,FUN_0026b224,64,1,unknown,,unknown,0,0
0x0026b264,FUN_0026b264,108,2,unknown,,unknown,0,0
0x0026b2d0,FUN_0026b2d0,340,2,unknown,,unknown,0,0
0x0026b424,FUN_0026b424,408,6,unknown,,unknown,0,0
0x0026b5bc,FUN_0026b5bc,376,4,unknown,,unknown,0,0
0x0026b734,FUN_0026b734,240,2,unknown,,unknown,0,0
0x0026b824,FUN_0026b824,232,2,unknown,,unknown,0,0
0x0026b90c,FUN_0026b90c,136,31,unknown,,unknown,0,0
0x0026b994,FUN_0026b994,252,28,unknown,,unknown,0,0
0x0026ba90,FUN_0026ba90,252,10,unknown,,unknown,0,0
0x0026bb8c,FUN_0026bb8c,1288,4,unknown,,unknown,0,0
0x0026c094,FUN_0026c094,432,3,unknown,,unknown,0,0
0x0026c244,FUN_0026c244,264,2,unknown,,unknown,0,0
0x0026c34c,FUN_0026c34c,288,2,unknown,,unknown,0,0
0x0026c46c,FUN_0026c46c,304,1,unknown,,unknown,0,0
0x0026c59c,FUN_0026c59c,596,2,unknown,,unknown,0,0
0x0026c7f0,FUN_0026c7f0,3780,8,unknown,,unknown,0,0
0x0026d6b4,FUN_0026d6b4,848,2,unknown,,unknown,0,0
0x0026da04,FUN_0026da04,1408,7,unknown,,unknown,0,0
0x0026df84,FUN_0026df84,624,3,unknown,,unknown,0,0
0x0026e1f4,FUN_0026e1f4,404,1,unknown,,unknown,0,0
0x0026e388,FUN_0026e388,364,2,unknown,,unknown,0,0
0x0026e4f4,FUN_0026e4f4,96,1,unknown,,unknown,0,0
0x0026e554,FUN_0026e554,172,1,unknown,,unknown,0,0
0x0026e600,FUN_0026e600,232,2,unknown,,unknown,0,0
0x0026e6e8,FUN_0026e6e8,1168,2,unknown,,unknown,0,0
0x0026eb78,FUN_0026eb78,396,2,unknown,,unknown,0,0
0x0026ed04,FUN_0026ed04,368,2,unknown,,unknown,0,0
0x00270c08,FUN_00270c08,832,2,unknown,,unknown,0,0
0x00270f48,FUN_00270f48,160,4,unknown,,unknown,0,0
0x00270fe8,FUN_00270fe8,148,2,unknown,,unknown,0,0
0x0027107c,FUN_0027107c,708,3,unknown,,unknown,0,0
0x00271340,FUN_00271340,1392,1,unknown,,unknown,0,0
0x002718b0,FUN_002718b0,152,5,unknown,,unknown,0,0
0x00271948,FUN_00271948,1108,5,unknown,,unknown,0,0
0x00271d9c,FUN_00271d9c,308,2,unknown,,unknown,0,0
0x00271ed0,FUN_00271ed0,92,1,unknown,,unknown,0,0
0x00271fe4,FUN_00271fe4,76,2,unknown,,unknown,0,0
0x00272030,FUN_00272030,260,1,unknown,,unknown,0,0
0x00272134,FUN_00272134,172,2,unknown,,unknown,0,0
0x002721e0,FUN_002721e0,980,3,unknown,,unknown,0,0
0x0027277c,FUN_0027277c,204,1,unknown,,unknown,0,0
0x00272848,FUN_00272848,144,4,unknown,,unknown,0,0
0x00272ea0,FUN_00272ea0,244,1,unknown,,unknown,0,0
0x00272f94,FUN_00272f94,320,4,unknown,,unknown,0,0
0x0027315c,FUN_0027315c,444,4,unknown,,unknown,0,0
0x00273318,FUN_00273318,348,1,unknown,,unknown,0,0
0x00273474,FUN_00273474,2388,3,unknown,,unknown,0,0
0x00273dc8,FUN_00273dc8,352,2,unknown,,unknown,0,0
0x00273f28,FUN_00273f28,2820,6,unknown,,unknown,0,0
0x00274a2c,FUN_00274a2c,120,3,unknown,,unknown,0,0
0x00274b38,FUN_00274b38,620,3,unknown,,unknown,0,0
0x00274da4,FUN_00274da4,444,2,unknown,,unknown,0,0
0x00274f60,FUN_00274f60,208,4,unknown,,unknown,0,0
0x00275030,FUN_00275030,124,42,unknown,,unknown,0,0
0x002750ac,FUN_002750ac,236,2,unknown,,unknown,0,0
0x00275198,FUN_00275198,240,5,unknown,,unknown,0,0
0x00275288,FUN_00275288,280,2,unknown,,unknown,0,0
0x002753a0,FUN_002753a0,260,2,unknown,,unknown,0,0
0x002754a4,FUN_002754a4,404,2,unknown,,unknown,0,0
0x00275638,FUN_00275638,564,7,unknown,,unknown,0,0
0x0027586c,FUN_0027586c,516,3,unknown,,unknown,0,0
0x00275a70,FUN_00275a70,624,6,unknown,,unknown,0,0
0x00275ce0,FUN_00275ce0,2072,4,unknown,,unknown,0,0
0x002764f8,FUN_002764f8,944,8,unknown,,unknown,0,0
0x002768a8,FUN_002768a8,168,2,unknown,,unknown,0,0
0x00276950,FUN_00276950,204,3,unknown,,unknown,0,0
0x00276a1c,FUN_00276a1c,120,5,unknown,,unknown,0,0
0x00276a94,FUN_00276a94,16,3,unknown,,unknown,0,0
0x00276aa4,FUN_00276aa4,360,4,unknown,,unknown,0,0
0x00276c0c,FUN_00276c0c,456,10,unknown,,unknown,0,0
0x00276dd4,FUN_00276dd4,344,7,unknown,,unknown,0,0
0x00276f2c,FUN_00276f2c,48,2,unknown,,unknown,0,0
0x00276f5c,FUN_00276f5c,144,6,unknown,,unknown,0,0
0x00276fec,FUN_00276fec,176,4,unknown,,unknown,0,0
0x0027709c,FUN_0027709c,56,4,unknown,,unknown,0,0
0x002770d4,FUN_002770d4,52,2,unknown,,unknown,0,0
0x00277148,FUN_00277148,64,4,unknown,,unknown,0,0
0x002771a8,FUN_002771a8,32,1,unknown,,unknown,0,0
0x002771c8,FUN_002771c8,156,1,unknown,,unknown,0,0
0x00277264,FUN_00277264,116,2,unknown,,unknown,0,0
0x002772d8,FUN_002772d8,56,8,unknown,,unknown,0,0
0x0027734c,FUN_0027734c,108,1,unknown,,unknown,0,0
0x002773b8,FUN_002773b8,92,1,unknown,,unknown,0,0
0x00277414,FUN_00277414,228,4,unknown,,unknown,0,0
0x002776ec,FUN_002776ec,356,1,unknown,,unknown,0,0
0x0027814c,FUN_0027814c,660,12,unknown,,unknown,0,0
0x00278438,FUN_00278438,88,1,unknown,,unknown,0,0
0x00278490,FUN_00278490,88,2,unknown,,unknown,0,0
0x0027852c,FUN_0027852c,68,1,unknown,,unknown,0,0
0x00278600,FUN_00278600,832,1,unknown,,unknown,0,0
0x00278940,FUN_00278940,84,8,unknown,,unknown,0,0
0x00278994,FUN_00278994,56,1,unknown,,unknown,0,0
0x002789cc,FUN_002789cc,180,8,unknown,,unknown,0,0
0x00278a80,FUN_00278a80,152,2,unknown,,unknown,0,0
0x00278b18,FUN_00278b18,124,4,unknown,,unknown,0,0
0x002798b0,FUN_002798b0,48,45,unknown,,unknown,0,0
0x002798e0,FUN_002798e0,284,9,unknown,,unknown,0,0
0x002799fc,FUN_002799fc,180,6,unknown,,unknown,0,0
0x00279ab0,FUN_00279ab0,100,6,unknown,,unknown,0,0
0x00279b14,FUN_00279b14,104,8,unknown,,unknown,0,0
0x00279b7c,FUN_00279b7c,144,6,unknown,,unknown,0,0
0x00279c0c,FUN_00279c0c,284,15,unknown,,unknown,0,0
0x00279d28,FUN_00279d28,340,5,unknown,,unknown,0,0
0x00279e7c,FUN_00279e7c,48,1,unknown,,unknown,0,0
0x00279eac,FUN_00279eac,72,6,unknown,,unknown,0,0
0x00279ef4,FUN_00279ef4,176,1,unknown,,unknown,0,0
0x00279fa4,FUN_00279fa4,204,4,unknown,,unknown,0,0
0x0027a070,FUN_0027a070,40,2,unknown,,unknown,0,0
0x0027a098,FUN_0027a098,96,1,unknown,,unknown,0,0
0x0027a0f8,FUN_0027a0f8,24,10,unknown,,unknown,0,0
0x0027a110,FUN_0027a110,140,31,unknown,,unknown,0,0
0x0027a19c,FUN_0027a19c,72,30,unknown,,unknown,0,0
0x0027a1e4,FUN_0027a1e4,360,4,unknown,,unknown,0,0
0x0027a34c,FUN_0027a34c,360,1,unknown,,unknown,0,0
0x0027a4b4,FUN_0027a4b4,116,3,unknown,,unknown,0,0
0x0027a528,FUN_0027a528,116,1,unknown,,unknown,0,0
0x0027a59c,FUN_0027a59c,1700,4,unknown,,unknown,0,0
0x0027ac40,FUN_0027ac40,1508,2,unknown,,unknown,0,0
0x0027b224,FUN_0027b224,1872,1,unknown,,unknown,0,0
0x0027b974,FUN_0027b974,860,4,unknown,,unknown,0,0
0x0027bcd0,FUN_0027bcd0,292,2,unknown,,unknown,0,0
0x0027bdf4,FUN_0027bdf4,292,4,unknown,,unknown,0,0
0x0027bf18,FUN_0027bf18,184,2,unknown,,unknown,0,0
0x0027bfd0,FUN_0027bfd0,184,2,unknown,,unknown,0,0
0x0027c088,FUN_0027c088,124,3,unknown,,unknown,0,0
0x0027c104,FUN_0027c104,140,1,unknown,,unknown,0,0
0x0027c190,FUN_0027c190,124,8,unknown,,unknown,0,0
0x0027c660,FUN_0027c660,880,1,unknown,,unknown,0,0
0x0027c9d0,FUN_0027c9d0,788,2,unknown,,unknown,0,0
0x0027cd50,FUN_0027cd50,212,1,unknown,,unknown,0,0
0x0027dbe0,FUN_0027dbe0,300,7,unknown,,unknown,0,0
0x0027e4f8,FUN_0027e4f8,340,2,unknown,,unknown,0,0
0x0027ec98,FUN_0027ec98,112,7,unknown,,unknown,0,0
0x0027ed08,FUN_0027ed08,684,7,unknown,,unknown,0,0
0x0027efb4,FUN_0027efb4,324,1,unknown,,unknown,0,0
0x0027f0f8,FUN_0027f0f8,112,4,unknown,,unknown,0,0
0x0027f168,FUN_0027f168,24,5,unknown,,unknown,0,0
0x0027f180,FUN_0027f180,80,6,unknown,,unknown,0,0
0x0027f1d0,FUN_0027f1d0,280,2,unknown,,unknown,0,0
0x0027f2e8,FUN_0027f2e8,204,2,unknown,,unknown,0,0
0x0027f3b4,FUN_0027f3b4,208,3,unknown,,unknown,0,0
0x0027f64c,FUN_0027f64c,456,11,unknown,,unknown,0,0
0x0027f954,FUN_0027f954,320,13,unknown,,unknown,0,0
0x0027fa94,FUN_0027fa94,92,2,unknown,,unknown,0,0
0x0027fb8c,FUN_0027fb8c,300,1,unknown,,unknown,0,0
0x0027fce0,FUN_0027fce0,96,2,unknown,,unknown,0,0
0x0027fd40,FUN_0027fd40,72,5,unknown,,unknown,0,0
0x0027fd88,FUN_0027fd88,168,1,unknown,,unknown,0,0
0x0027fe30,FUN_0027fe30,444,6,unknown,,unknown,0,0
0x0027ffec,FUN_0027ffec,88,3,unknown,,unknown,0,0
0x00280044,FUN_00280044,60,6,unknown,,unknown,0,0
0x00280080,FUN_00280080,112,24,unknown,,unknown,0,0
0x002800f0,FUN_002800f0,260,16,unknown,,unknown,0,0
0x00280274,FUN_00280274,524,2,unknown,,unknown,0,0
0x002804e0,FUN_002804e0,96,1,unknown,,unknown,0,0
0x00280564,FUN_00280564,36,3,unknown,,unknown,0,0
0x00280588,FUN_00280588,164,1,unknown,,unknown,0,0
0x0028062c,FUN_0028062c,16,1,unknown,,unknown,0,0
0x0028063c,FUN_0028063c,224,1,unknown,,unknown,0,0
0x0028071c,FUN_0028071c,2696,4,unknown,,unknown,0,0
0x002811a4,FUN_002811a4,104,82,unknown,,unknown,0,0
0x0028120c,FUN_0028120c,532,2,unknown,,unknown,0,0
0x00281420,FUN_00281420,60,1,unknown,,unknown,0,0
0x0028145c,FUN_0028145c,16,1,unknown,,unknown,0,0
0x0028146c,FUN_0028146c,156,2,unknown,,unknown,0,0
0x00281508,FUN_00281508,736,1,unknown,,unknown,0,0
0x002817e8,FUN_002817e8,176,1,unknown,,unknown,0,0
0x00281898,FUN_00281898,5428,1,unknown,,unknown,0,0
0x00282dcc,FUN_00282dcc,12,1,unknown,,unknown,0,0
0x00282dd8,FUN_00282dd8,1456,9,unknown,,unknown,0,0
0x00283388,FUN_00283388,656,7,unknown,,unknown,0,0
0x00283618,FUN_00283618,76,2,unknown,,unknown,0,0
0x00283664,FUN_00283664,200,2,unknown,,unknown,0,0
0x0028372c,FUN_0028372c,192,5,unknown,,unknown,0,0
0x00283830,FUN_00283830,208,7,unknown,,unknown,0,0
0x00283964,FUN_00283964,376,2,unknown,,unknown,0,0
0x00283adc,FUN_00283adc,1080,2,unknown,,unknown,0,0
0x00283f14,FUN_00283f14,120,3,unknown,,unknown,0,0
0x00283f8c,FUN_00283f8c,52,1,unknown,,unknown,0,0
0x00283fc0,FUN_00283fc0,16,35,unknown,,unknown,0,0
0x00283fe0,FUN_00283fe0,28,1,unknown,,unknown,0,0
0x00283ffc,FUN_00283ffc,168,1,unknown,,unknown,0,0
0x002840a4,FUN_002840a4,16,1,unknown,,unknown,0,0
0x002840b4,FUN_002840b4,16,3,unknown,,unknown,0,0
0x002840c4,FUN_002840c4,20,1,unknown,,unknown,0,0
0x002840d8,FUN_002840d8,20,1,unknown,,unknown,0,0
0x002840ec,FUN_002840ec,16,1,unknown,,unknown,0,0
0x002840fc,FUN_002840fc,160,2,unknown,,unknown,0,0
0x002842ac,FUN_002842ac,272,6,unknown,,unknown,0,0
0x002843bc,FUN_002843bc,44,3,unknown,,unknown,0,0
0x002843e8,FUN_002843e8,196,1,unknown,,unknown,0,0
0x00284530,FUN_00284530,24,2,unknown,,unknown,0,0
0x00284548,FUN_00284548,24,2,unknown,,unknown,0,0
0x00284560,FUN_00284560,724,9,unknown,,unknown,0,0
0x00284834,FUN_00284834,148,17,unknown,,unknown,0,0
0x00284940,FUN_00284940,36,14,unknown,,unknown,0,0
0x00284964,FUN_00284964,24,26,unknown,,unknown,0,0
0x0028497c,FUN_0028497c,124,41,unknown,,unknown,0,0
0x002849f8,FUN_002849f8,136,13,unknown,,unknown,0,0
0x00284a80,FUN_00284a80,568,5,unknown,,unknown,0,0
0x00284f10,FUN_00284f10,600,10,unknown,,unknown,0,0
0x00285168,FUN_00285168,324,1,unknown,,unknown,0,0
0x002852ac,FUN_002852ac,172,44,unknown,,unknown,0,0
0x00285358,FUN_00285358,504,28,unknown,,unknown,0,0
0x00285550,FUN_00285550,140,1,unknown,,unknown,0,0
0x002855dc,FUN_002855dc,952,7,unknown,,unknown,0,0
0x00285994,FUN_00285994,952,2,unknown,,unknown,0,0
0x00285d4c,FUN_00285d4c,172,19,unknown,,unknown,0,0
0x00285df8,FUN_00285df8,88,4,unknown,,unknown,0,0
0x00285e50,FUN_00285e50,188,36,unknown,,unknown,0,0
0x00285f0c,FUN_00285f0c,2136,31,unknown,,unknown,0,0
0x00286764,FUN_00286764,340,50,unknown,,unknown,0,0
0x002868b8,FUN_002868b8,208,34,unknown,,unknown,0,0
0x00286988,FUN_00286988,212,16,unknown,,unknown,0,0
0x00286b74,FUN_00286b74,148,2,unknown,,unknown,0,0
0x00286c6c,FUN_00286c6c,100,2,unknown,,unknown,0,0
0x00286cd0,FUN_00286cd0,140,3,unknown,,unknown,0,0
0x00286d5c,FUN_00286d5c,204,5,unknown,,unknown,0,0
0x00286e28,FUN_00286e28,520,7,unknown,,unknown,0,0
0x00287030,FUN_00287030,584,1,unknown,,unknown,0,0
0x00287278,FUN_00287278,308,1,unknown,,unknown,0,0
0x002875f0,FUN_002875f0,248,375,unknown,,unknown,0,0
0x002876e8,FUN_002876e8,84,60,unknown,,unknown,0,0
0x0028773c,FUN_0028773c,68,50,unknown,,unknown,0,0
0x00287780,FUN_00287780,148,6,unknown,,unknown,0,0
0x00287814,FUN_00287814,116,1,unknown,,unknown,0,0
0x00287888,FUN_00287888,184,36,unknown,,unknown,0,0
0x00287940,FUN_00287940,88,14,unknown,,unknown,0,0
0x00287998,FUN_00287998,100,13,unknown,,unknown,0,0
0x002879fc,FUN_002879fc,52,25,unknown,,unknown,0,0
0x00287a30,FUN_00287a30,252,28,unknown,,unknown,0,0
0x00287b2c,FUN_00287b2c,112,11,unknown,,unknown,0,0
0x00287b9c,FUN_00287b9c,108,8,unknown,,unknown,0,0
0x00287c74,FUN_00287c74,180,51,unknown,,unknown,0,0
0x00287d28,FUN_00287d28,248,8,unknown,,unknown,0,0
0x00287fe4,FUN_00287fe4,156,2,unknown,,unknown,0,0
0x002880b8,FUN_002880b8,56,25,unknown,,unknown,0,0
0x002880f0,FUN_002880f0,224,3,unknown,,unknown,0,0
0x002881d0,FUN_002881d0,256,32,unknown,,unknown,0,0
0x002887c4,FUN_002887c4,316,1,unknown,,unknown,0,0
0x00288900,FUN_00288900,64,1,unknown,,unknown,0,0
0x00288a0c,FUN_00288a0c,80,5,unknown,,unknown,0,0
0x00288a5c,FUN_00288a5c,216,7,unknown,,unknown,0,0
0x00288b34,FUN_00288b34,216,8,unknown,,unknown,0,0
0x00288c0c,FUN_00288c0c,188,5,unknown,,unknown,0,0
0x00288cc8,FUN_00288cc8,264,1,unknown,,unknown,0,0
0x0028903c,FUN_0028903c,196,1,unknown,,unknown,0,0
0x00289100,FUN_00289100,256,4,unknown,,unknown,0,0
0x00289364,FUN_00289364,356,3,unknown,,unknown,0,0
0x00289564,FUN_00289564,156,1,unknown,,unknown,0,0
0x00289600,FUN_00289600,80,14,unknown,,unknown,0,0
0x00289650,FUN_00289650,236,13,unknown,,unknown,0,0
0x0028973c,FUN_0028973c,152,9,unknown,,unknown,0,0
0x002897f0,FUN_002897f0,28,3,unknown,,unknown,0,0
0x00289888,FUN_00289888,124,2,unknown,,unknown,0,0
0x00289904,FUN_00289904,176,9,unknown,,unknown,0,0
0x002899b4,FUN_002899b4,84,2,unknown,,unknown,0,0
0x00289a8c,FUN_00289a8c,116,6,unknown,,unknown,0,0
0x00289b00,FUN_00289b00,224,1,unknown,,unknown,0,0
0x00289be0,FUN_00289be0,136,2,unknown,,unknown,0,0
0x00289d40,FUN_00289d40,84,9,unknown,,unknown,0,0
0x00289d94,FUN_00289d94,16,3,unknown,,unknown,0,0
0x00289da4,FUN_00289da4,100,14,unknown,,unknown,0,0
0x00289e08,FUN_00289e08,100,3,unknown,,unknown,0,0
0x00289e6c,FUN_00289e6c,40,90,unknown,,unknown,0,0
0x00289eb4,FUN_00289eb4,32,2,unknown,,unknown,0,0
0x00289ed4,FUN_00289ed4,336,1,unknown,,unknown,0,0
0x0028a024,FUN_0028a024,416,2,unknown,,unknown,0,0
0x0028a1c4,FUN_0028a1c4,296,1,unknown,,unknown,0,0
0x0028a31c,FUN_0028a31c,48,3,unknown,,unknown,0,0
0x0028a34c,FUN_0028a34c,92,1,unknown,,unknown,0,0
0x0028a3a8,FUN_0028a3a8,180,1,unknown,,unknown,0,0
0x0028a45c,FUN_0028a45c,220,80,unknown,,unknown,0,0
0x0028a538,FUN_0028a538,312,6,unknown,,unknown,0,0
0x0028a670,FUN_0028a670,264,15,unknown,,unknown,0,0
0x0028a778,FUN_0028a778,140,559,unknown,,unknown,0,0
0x0028a804,FUN_0028a804,60,4,unknown,,unknown,0,0
0x0028a8a4,FUN_0028a8a4,2504,2,unknown,,unknown,0,0
0x0028bc34,FUN_0028bc34,2920,3,unknown,,unknown,0,0
0x0028de74,FUN_0028de74,1044,4,unknown,,unknown,0,0
0x0028e288,FUN_0028e288,164,2,unknown,,unknown,0,0
0x0028e32c,FUN_0028e32c,72,1,unknown,,unknown,0,0
0x0028e374,FUN_0028e374,596,2,unknown,,unknown,0,0
0x0028e5c8,FUN_0028e5c8,88,10,unknown,,unknown,0,0
0x0028e868,FUN_0028e868,852,1,unknown,,unknown,0,0
0x0028ebbc,FUN_0028ebbc,356,1,unknown,,unknown,0,0
0x0028ed20,FUN_0028ed20,344,2,unknown,,unknown,0,0
0x0028ee78,FUN_0028ee78,388,1,unknown,,unknown,0,0
0x0028f0a4,FUN_0028f0a4,56,3,unknown,,unknown,0,0
0x0028f0dc,FUN_0028f0dc,112,6,unknown,,unknown,0,0
0x0028f14c,FUN_0028f14c,112,2,unknown,,unknown,0,0
0x0028f1bc,FUN_0028f1bc,1020,1,unknown,,unknown,0,0
0x0028f5b8,FUN_0028f5b8,148,2,unknown,,unknown,0,0
0x0028f64c,FUN_0028f64c,92,1,unknown,,unknown,0,0
0x0028f6a8,FUN_0028f6a8,340,4,unknown,,unknown,0,0
0x0028f7fc,FUN_0028f7fc,516,2,unknown,,unknown,0,0
0x0028fa00,FUN_0028fa00,392,2,unknown,,unknown,0,0
0x0028fc00,FUN_0028fc00,168,1,unknown,,unknown,0,0
0x0028fca8,FUN_0028fca8,88,2,unknown,,unknown,0,0
0x0028fd00,FUN_0028fd00,296,1,unknown,,unknown,0,0
0x0028fe28,FUN_0028fe28,264,13,unknown,,unknown,0,0
0x0028ff30,FUN_0028ff30,144,4,unknown,,unknown,0,0
0x0028ffc0,FUN_0028ffc0,236,7,unknown,,unknown,0,0
0x002900ac,FUN_002900ac,96,4,unknown,,unknown,0,0
0x0029010c,FUN_0029010c,124,2,unknown,,unknown,0,0
0x00290188,FUN_00290188,2260,9,unknown,,unknown,0,0
0x00290a5c,FUN_00290a5c,192,24,unknown,,unknown,0,0
0x00290b1c,FUN_00290b1c,156,8,unknown,,unknown,0,0
0x00290bb8,FUN_00290bb8,104,3,unknown,,unknown,0,0
0x00290c20,FUN_00290c20,780,10,unknown,,unknown,0,0
0x00290f2c,FUN_00290f2c,72,3,unknown,,unknown,0,0
0x00290f74,FUN_00290f74,56,6,unknown,,unknown,0,0
0x00290fac,FUN_00290fac,76,2,unknown,,unknown,0,0
0x00290ff8,FUN_00290ff8,280,6,unknown,,unknown,0,0
0x00291110,FUN_00291110,144,7,unknown,,unknown,0,0
0x002911a0,FUN_002911a0,120,1,unknown,,unknown,0,0
0x00291218,FUN_00291218,272,4,unknown,,unknown,0,0
0x00291328,FUN_00291328,1504,2,unknown,,unknown,0,0
0x00291908,FUN_00291908,568,2,unknown,,unknown,0,0
0x00291b40,FUN_00291b40,256,6,unknown,,unknown,0,0
0x00291c40,FUN_00291c40,112,2,unknown,,unknown,0,0
0x00291cb0,FUN_00291cb0,92,5,unknown,,unknown,0,0
0x00292564,FUN_00292564,524,1,unknown,,unknown,0,0
0x00292770,FUN_00292770,124,1,unknown,,unknown,0,0
0x00292bd4,FUN_00292bd4,372,4,unknown,,unknown,0,0
0x00292d48,FUN_00292d48,88,3,unknown,,unknown,0,0
0x00292da0,FUN_00292da0,256,5,unknown,,unknown,0,0
0x00292ea0,FUN_00292ea0,260,2,unknown,,unknown,0,0
0x00292fa4,FUN_00292fa4,80,5,unknown,,unknown,0,0
0x00292ff4,FUN_00292ff4,200,27,unknown,,unknown,0,0
0x002930bc,FUN_002930bc,200,1,unknown,,unknown,0,0
0x00293184,FUN_00293184,2880,5,unknown,,unknown,0,0
0x00293cc4,FUN_00293cc4,108,1,unknown,,unknown,0,0
0x00293dc8,FUN_00293dc8,648,3,unknown,,unknown,0,0
0x00294050,FUN_00294050,836,3,unknown,,unknown,0,0
0x00294394,FUN_00294394,388,2,unknown,,unknown,0,0
0x00294518,FUN_00294518,176,1,unknown,,unknown,0,0
0x002945c8,FUN_002945c8,1160,3,unknown,,unknown,0,0
0x00294a50,FUN_00294a50,252,3,unknown,,unknown,0,0
0x00294b4c,FUN_00294b4c,376,3,unknown,,unknown,0,0
0x00294cc4,FUN_00294cc4,220,4,unknown,,unknown,0,0
0x00294da0,FUN_00294da0,236,2,unknown,,unknown,0,0
0x00294f84,FUN_00294f84,280,2,unknown,,unknown,0,0
0x002956a4,FUN_002956a4,28,1,unknown,,unknown,0,0
0x00295770,FUN_00295770,36,4,unknown,,unknown,0,0
0x00295794,FUN_00295794,36,9,unknown,,unknown,0,0
0x002957b8,FUN_002957b8,192,2,unknown,,unknown,0,0
0x002959bc,FUN_002959bc,168,2,unknown,,unknown,0,0
0x00295c04,FUN_00295c04,72,4,unknown,,unknown,0,0
0x00295c4c,FUN_00295c4c,12,3,unknown,,unknown,0,0
0x00295c58,FUN_00295c58,784,4,unknown,,unknown,0,0
0x00295f68,FUN_00295f68,212,1,unknown,,unknown,0,0
0x0029603c,FUN_0029603c,980,1,unknown,,unknown,0,0
0x00296410,FUN_00296410,268,2,unknown,,unknown,0,0
0x0029653c,FUN_0029653c,32,2,unknown,,unknown,0,0
0x0029657c,FUN_0029657c,32,3,unknown,,unknown,0,0
0x0029659c,FUN_0029659c,120,5,unknown,,unknown,0,0
0x002967ac,FUN_002967ac,408,2,unknown,,unknown,0,0
0x00296a34,FUN_00296a34,240,1,unknown,,unknown,0,0
0x00296ce4,FUN_00296ce4,448,1,unknown,,unknown,0,0
0x00296ea4,FUN_00296ea4,48,2,unknown,,unknown,0,0
0x00296ed4,FUN_00296ed4,180,1,unknown,,unknown,0,0
0x00296f88,FUN_00296f88,440,1,unknown,,unknown,0,0
0x00297140,FUN_00297140,196,3,unknown,,unknown,0,0
0x00297204,FUN_00297204,240,2,unknown,,unknown,0,0
0x00297318,FUN_00297318,36,2,unknown,,unknown,0,0
0x00297380,FUN_00297380,68,9,unknown,,unknown,0,0
0x002973c4,FUN_002973c4,120,2,unknown,,unknown,0,0
0x0029743c,FUN_0029743c,84,2,unknown,,unknown,0,0
0x00297490,FUN_00297490,532,1,unknown,,unknown,0,0
0x002976a4,FUN_002976a4,336,1,unknown,,unknown,0,0
0x002977f4,FUN_002977f4,772,1,unknown,,unknown,0,0
0x00297af8,FUN_00297af8,864,1,unknown,,unknown,0,0
0x00297e58,FUN_00297e58,304,2,unknown,,unknown,0,0
0x00297f88,FUN_00297f88,764,2,unknown,,unknown,0,0
0x00298284,FUN_00298284,868,2,unknown,,unknown,0,0
0x002985e8,FUN_002985e8,280,1,unknown,,unknown,0,0
0x00298700,FUN_00298700,172,1,unknown,,unknown,0,0
0x002987ac,FUN_002987ac,180,4,unknown,,unknown,0,0
0x00298860,FUN_00298860,344,1,unknown,,unknown,0,0
0x002989b8,FUN_002989b8,284,2,unknown,,unknown,0,0
0x00298ad4,FUN_00298ad4,592,3,unknown,,unknown,0,0
0x00298dac,FUN_00298dac,136,1,unknown,,unknown,0,0
0x00298efc,FUN_00298efc,88,5,unknown,,unknown,0,0
0x00298f54,FUN_00298f54,580,5,unknown,,unknown,0,0
0x002994f0,FUN_002994f0,52,7,unknown,,unknown,0,0
0x0029955c,FUN_0029955c,344,10,unknown,,unknown,0,0
0x002996b4,FUN_002996b4,216,2,unknown,,unknown,0,0
0x0029978c,FUN_0029978c,424,3,unknown,,unknown,0,0
0x00299934,FUN_00299934,304,9,unknown,,unknown,0,0
0x00299a64,FUN_00299a64,244,2,unknown,,unknown,0,0
0x00299d90,FUN_00299d90,1972,5,unknown,,unknown,0,0
0x0029a544,FUN_0029a544,44,1,unknown,,unknown,0,0
0x0029a570,FUN_0029a570,336,1,unknown,,unknown,0,0
0x0029a6c0,FUN_0029a6c0,140,2,unknown,,unknown,0,0
0x0029a74c,FUN_0029a74c,212,5,unknown,,unknown,0,0
0x0029a830,FUN_0029a830,16,1,unknown,,unknown,0,0
0x0029a888,FUN_0029a888,72,2,unknown,,unknown,0,0
0x0029a8d0,FUN_0029a8d0,1092,2,unknown,,unknown,0,0
0x0029ad14,FUN_0029ad14,84,1,unknown,,unknown,0,0
0x0029ad68,FUN_0029ad68,80,1,unknown,,unknown,0,0
0x0029adb8,FUN_0029adb8,12,1,unknown,,unknown,0,0
0x0029b07c,FUN_0029b07c,348,7,unknown,,unknown,0,0
0x0029b1d8,FUN_0029b1d8,580,3,unknown,,unknown,0,0
0x0029b41c,FUN_0029b41c,888,4,unknown,,unknown,0,0
0x0029b794,FUN_0029b794,208,1,unknown,,unknown,0,0
0x0029b864,FUN_0029b864,68,1,unknown,,unknown,0,0
0x0029bc34,FUN_0029bc34,32,1,unknown,,unknown,0,0
0x0029bc54,FUN_0029bc54,1168,6,unknown,,unknown,0,0
0x0029c0e4,FUN_0029c0e4,48,4,unknown,,unknown,0,0
0x0029c114,FUN_0029c114,396,61,unknown,,unknown,0,0
0x0029c2a0,FUN_0029c2a0,80,46,unknown,,unknown,0,0
0x0029c2f0,FUN_0029c2f0,100,1,unknown,,unknown,0,0
0x0029c354,FUN_0029c354,92,52,unknown,,unknown,0,0
0x0029c3b0,FUN_0029c3b0,164,2,unknown,,unknown,0,0
0x0029c454,FUN_0029c454,340,5,unknown,,unknown,0,0
0x0029c5a8,FUN_0029c5a8,112,1,unknown,,unknown,0,0
0x0029c618,FUN_0029c618,176,4,unknown,,unknown,0,0
0x0029c6c8,FUN_0029c6c8,456,1,unknown,,unknown,0,0
0x0029ca48,FUN_0029ca48,736,1,unknown,,unknown,0,0
0x0029cd28,FUN_0029cd28,664,1,unknown,,unknown,0,0
0x0029cfc0,FUN_0029cfc0,376,1,unknown,,unknown,0,0
0x0029d138,FUN_0029d138,108,2,unknown,,unknown,0,0
0x0029d1a4,FUN_0029d1a4,116,1,unknown,,unknown,0,0
0x0029d318,FUN_0029d318,696,6,unknown,,unknown,0,0
0x0029d5d0,FUN_0029d5d0,44,4,unknown,,unknown,0,0
0x0029d5fc,FUN_0029d5fc,372,2,unknown,,unknown,0,0
0x0029d7b4,FUN_0029d7b4,224,5,unknown,,unknown,0,0
0x0029d894,FUN_0029d894,204,1,unknown,,unknown,0,0
0x0029d960,FUN_0029d960,84,8,unknown,,unknown,0,0
0x0029d9b4,FUN_0029d9b4,80,1,unknown,,unknown,0,0
0x0029da04,FUN_0029da04,76,1,unknown,,unknown,0,0
0x0029da50,FUN_0029da50,384,1,unknown,,unknown,0,0
0x0029dbd0,FUN_0029dbd0,356,1,unknown,,unknown,0,0
0x0029dd34,FUN_0029dd34,48,2,unknown,,unknown,0,0
0x0029dd64,FUN_0029dd64,232,1,unknown,,unknown,0,0
0x0029de4c,FUN_0029de4c,288,2,unknown,,unknown,0,0
0x0029df6c,FUN_0029df6c,104,1,unknown,,unknown,0,0
0x0029dfd4,FUN_0029dfd4,224,3,unknown,,unknown,0,0
0x0029e0b4,FUN_0029e0b4,848,2,unknown,,unknown,0,0
0x0029e794,FUN_0029e794,196,1,unknown,,unknown,0,0
0x0029e858,FUN_0029e858,1116,1,unknown,,unknown,0,0
0x0029ecb4,FUN_0029ecb4,580,2,unknown,,unknown,0,0
0x0029ef44,FUN_0029ef44,108,17,unknown,,unknown,0,0
0x0029efb0,FUN_0029efb0,68,4,unknown,,unknown,0,0
0x0029eff4,FUN_0029eff4,12,4,unknown,,unknown,0,0
0x0029f000,FUN_0029f000,436,2,unknown,,unknown,0,0
0x0029f2f8,FUN_0029f2f8,248,43,unknown,,unknown,0,0
0x0029f3f0,FUN_0029f3f0,5088,3,unknown,,unknown,0,0
0x002a07d0,FUN_002a07d0,160,17,unknown,,unknown,0,0
0x002a0870,FUN_002a0870,272,6,unknown,,unknown,0,0
0x002a0980,FUN_002a0980,56,1,unknown,,unknown,0,0
0x002a09b8,FUN_002a09b8,220,1,unknown,,unknown,0,0
0x002a0af0,FUN_002a0af0,152,1,unknown,,unknown,0,0
0x002a0b88,FUN_002a0b88,268,1,unknown,,unknown,0,0
0x002a0c94,FUN_002a0c94,296,48,unknown,,unknown,0,0
0x002a0dbc,FUN_002a0dbc,856,10,unknown,,unknown,0,0
0x002a1114,FUN_002a1114,300,4,unknown,,unknown,0,0
0x002a1240,FUN_002a1240,292,1,unknown,,unknown,0,0
0x002a1364,FUN_002a1364,140,3,unknown,,unknown,0,0
0x002a13f0,FUN_002a13f0,228,2,unknown,,unknown,0,0
0x002a14d4,FUN_002a14d4,360,3,unknown,,unknown,0,0
0x002a163c,FUN_002a163c,168,1,unknown,,unknown,0,0
0x002a16e4,FUN_002a16e4,536,4,unknown,,unknown,0,0
0x002a18fc,FUN_002a18fc,1264,1,unknown,,unknown,0,0
0x002a1dec,FUN_002a1dec,136,1,unknown,,unknown,0,0
0x002a1e74,FUN_002a1e74,228,3,unknown,,unknown,0,0
0x002a1f58,FUN_002a1f58,52,5,unknown,,unknown,0,0
0x002a1fe0,FUN_002a1fe0,84,3,unknown,,unknown,0,0
0x002a23ec,FUN_002a23ec,88,2,unknown,,unknown,0,0
0x002a3024,FUN_002a3024,144,25,unknown,,unknown,0,0
0x002a30b4,FUN_002a30b4,356,9,unknown,,unknown,0,0
0x002a3218,FUN_002a3218,224,4,unknown,,unknown,0,0
0x002a32f8,FUN_002a32f8,64,47,unknown,,unknown,0,0
0x002a3338,FUN_002a3338,332,1,unknown,,unknown,0,0
0x002a3740,FUN_002a3740,560,8,unknown,,unknown,0,0
0x002a3970,FUN_002a3970,592,1,unknown,,unknown,0,0
0x002a3bc0,FUN_002a3bc0,460,2,unknown,,unknown,0,0
0x002a3d8c,FUN_002a3d8c,572,2,unknown,,unknown,0,0
0x002a4538,FUN_002a4538,1148,1,unknown,,unknown,0,0
0x002a49b4,FUN_002a49b4,3276,2,unknown,,unknown,0,0
0x002a56cc,FUN_002a56cc,316,4,unknown,,unknown,0,0
0x002a59ac,FUN_002a59ac,196,2,unknown,,unknown,0,0
0x002a5a70,FUN_002a5a70,208,8,unknown,,unknown,0,0
0x002a5b40,FUN_002a5b40,228,4,unknown,,unknown,0,0
0x002a5c24,FUN_002a5c24,104,1,unknown,,unknown,0,0
0x002a5cb8,FUN_002a5cb8,104,1,unknown,,unknown,0,0
0x002a5d20,FUN_002a5d20,428,2,unknown,,unknown,0,0
0x002a5ecc,FUN_002a5ecc,912,3,unknown,,unknown,0,0
0x002a63c0,FUN_002a63c0,400,1,unknown,,unknown,0,0
0x002a6674,FUN_002a6674,392,1,unknown,,unknown,0,0
0x002a6830,FUN_002a6830,96,2,unknown,,unknown,0,0
0x002a6890,FUN_002a6890,400,1,unknown,,unknown,0,0
0x002a6aac,FUN_002a6aac,680,1,unknown,,unknown,0,0
0x002a6d54,FUN_002a6d54,188,5,unknown,,unknown,0,0
0x002a6e54,FUN_002a6e54,68,1,unknown,,unknown,0,0
0x002a6ea4,FUN_002a6ea4,32,2,unknown,,unknown,0,0
0x002a6ec4,FUN_002a6ec4,44,1,unknown,,unknown,0,0
0x002a6ef0,FUN_002a6ef0,108,5,unknown,,unknown,0,0
0x002a6f5c,FUN_002a6f5c,908,3,unknown,,unknown,0,0
0x002a72e8,FUN_002a72e8,332,3,unknown,,unknown,0,0
0x002a7434,FUN_002a7434,12,2,unknown,,unknown,0,0
0x002a748c,FUN_002a748c,368,8,unknown,,unknown,0,0
0x002a75fc,FUN_002a75fc,696,7,unknown,,unknown,0,0
0x002a78b4,FUN_002a78b4,308,10,unknown,,unknown,0,0
0x002a79e8,FUN_002a79e8,72,75,unknown,,unknown,0,0
0x002a7a30,FUN_002a7a30,104,1,unknown,,unknown,0,0
0x002a7a98,FUN_002a7a98,108,4,unknown,,unknown,0,0
0x002a7b04,FUN_002a7b04,172,9,unknown,,unknown,0,0
0x002a7bb0,FUN_002a7bb0,164,9,unknown,,unknown,0,0
0x002a7c54,FUN_002a7c54,164,5,unknown,,unknown,0,0
0x002a7cf8,FUN_002a7cf8,276,19,unknown,,unknown,0,0
0x002a7e0c,FUN_002a7e0c,392,3,unknown,,unknown,0,0
0x002a808c,FUN_002a808c,16,10,unknown,,unknown,0,0
0x002a80ac,FUN_002a80ac,368,1,unknown,,unknown,0,0
0x002a821c,FUN_002a821c,16,7,unknown,,unknown,0,0
0x002a822c,FUN_002a822c,16,41,unknown,,unknown,0,0
0x002a823c,FUN_002a823c,116,2,unknown,,unknown,0,0
0x002a82b0,FUN_002a82b0,16,3,unknown,,unknown,0,0
0x002a830c,FUN_002a830c,76,5,unknown,,unknown,0,0
0x002a8358,FUN_002a8358,84,13,unknown,,unknown,0,0
0x002a83ac,FUN_002a83ac,800,6,unknown,,unknown,0,0
0x002a86cc,FUN_002a86cc,812,3,unknown,,unknown,0,0
0x002a89f8,FUN_002a89f8,884,1,unknown,,unknown,0,0
0x002a8d6c,FUN_002a8d6c,1360,3,unknown,,unknown,0,0
0x002a92bc,FUN_002a92bc,124,4,unknown,,unknown,0,0
0x002a9338,FUN_002a9338,904,4,unknown,,unknown,0,0
0x002a96c0,FUN_002a96c0,512,7,unknown,,unknown,0,0
0x002a9928,FUN_002a9928,88,2,unknown,,unknown,0,0
0x002a9b24,FUN_002a9b24,104,3,unknown,,unknown,0,0
0x002a9b8c,FUN_002a9b8c,156,2,unknown,,unknown,0,0
0x002a9c78,FUN_002a9c78,80,3,unknown,,unknown,0,0
0x002a9cec,FUN_002a9cec,36,2,unknown,,unknown,0,0
0x002a9d10,FUN_002a9d10,24,3,unknown,,unknown,0,0
0x002a9d28,FUN_002a9d28,116,2,unknown,,unknown,0,0
0x002a9d9c,FUN_002a9d9c,56,3,unknown,,unknown,0,0
0x002a9dd4,FUN_002a9dd4,128,3,unknown,,unknown,0,0
0x002a9e98,FUN_002a9e98,988,9,unknown,,unknown,0,0
0x002aa274,FUN_002aa274,24,1,unknown,,unknown,0,0
0x002aa28c,FUN_002aa28c,88,1,unknown,,unknown,0,0
0x002aa2e4,FUN_002aa2e4,52,5,unknown,,unknown,0,0
0x002aa444,FUN_002aa444,300,3,unknown,,unknown,0,0
0x002aa6ac,FUN_002aa6ac,316,4,unknown,,unknown,0,0
0x002aa7e8,FUN_002aa7e8,84,2,unknown,,unknown,0,0
0x002aa83c,FUN_002aa83c,276,4,unknown,,unknown,0,0
0x002ab6d8,FUN_002ab6d8,144,1,unknown,,unknown,0,0
0x002ab768,FUN_002ab768,204,1,unknown,,unknown,0,0
0x002ab834,FUN_002ab834,188,2,unknown,,unknown,0,0
0x002ab8f0,FUN_002ab8f0,220,1,unknown,,unknown,0,0
0x002ab9cc,FUN_002ab9cc,208,2,unknown,,unknown,0,0
0x002aba9c,FUN_002aba9c,1312,5,unknown,,unknown,0,0
0x002ad424,FUN_002ad424,708,1,unknown,,unknown,0,0
0x002adff0,FUN_002adff0,532,7,unknown,,unknown,0,0
0x002ae204,FUN_002ae204,256,1,unknown,,unknown,0,0
0x002ae304,FUN_002ae304,832,1,unknown,,unknown,0,0
0x002ae964,FUN_002ae964,132,1,unknown,,unknown,0,0
0x002ae9e8,FUN_002ae9e8,472,2,unknown,,unknown,0,0
0x002aebc0,FUN_002aebc0,1164,1,unknown,,unknown,0,0
0x002af04c,FUN_002af04c,488,1,unknown,,unknown,0,0
0x002af234,FUN_002af234,2620,1,unknown,,unknown,0,0
0x002afc70,FUN_002afc70,440,1,unknown,,unknown,0,0
0x002afe28,FUN_002afe28,204,1,unknown,,unknown,0,0
0x002aff44,FUN_002aff44,252,3,unknown,,unknown,0,0
0x002b0040,FUN_002b0040,192,4,unknown,,unknown,0,0
0x002b0100,FUN_002b0100,876,8,unknown,,unknown,0,0
0x002b046c,FUN_002b046c,800,1,unknown,,unknown,0,0
0x002b1720,FUN_002b1720,132,2,unknown,,unknown,0,0
0x002b17e0,FUN_002b17e0,60,3,unknown,,unknown,0,0
0x002b181c,FUN_002b181c,224,8,unknown,,unknown,0,0
0x002b18fc,FUN_002b18fc,200,4,unknown,,unknown,0,0
0x002b19c4,FUN_002b19c4,184,1,unknown,,unknown,0,0
0x002b1a7c,FUN_002b1a7c,600,3,unknown,,unknown,0,0
0x002b1cd4,FUN_002b1cd4,244,4,unknown,,unknown,0,0
0x002b1dc8,FUN_002b1dc8,1088,1,unknown,,unknown,0,0
0x002b2470,FUN_002b2470,60,2,unknown,,unknown,0,0
0x002b24ac,FUN_002b24ac,184,1,unknown,,unknown,0,0
0x002b2820,FUN_002b2820,300,2,unknown,,unknown,0,0
0x002b2984,FUN_002b2984,56,3,unknown,,unknown,0,0
0x002b29bc,FUN_002b29bc,36,5,unknown,,unknown,0,0
0x002b2cd8,FUN_002b2cd8,304,5,unknown,,unknown,0,0
0x002b2e08,FUN_002b2e08,140,2,unknown,,unknown,0,0
0x002b307c,FUN_002b307c,340,2,unknown,,unknown,0,0
0x002b31d0,FUN_002b31d0,184,1,unknown,,unknown,0,0
0x002b3288,FUN_002b3288,200,6,unknown,,unknown,0,0
0x002b3350,FUN_002b3350,184,1,unknown,,unknown,0,0
0x002b3408,FUN_002b3408,216,1,unknown,,unknown,0,0
0x002b37b4,FUN_002b37b4,120,2,unknown,,unknown,0,0
0x002b38c0,FUN_002b38c0,148,3,unknown,,unknown,0,0
0x002b3954,FUN_002b3954,244,3,unknown,,unknown,0,0
0x002b3a48,FUN_002b3a48,472,5,unknown,,unknown,0,0
0x002b3f50,FUN_002b3f50,76,2,unknown,,unknown,0,0
0x002b407c,FUN_002b407c,284,2,unknown,,unknown,0,0
0x002b4198,FUN_002b4198,136,2,unknown,,unknown,0,0
0x002b42a8,FUN_002b42a8,312,2,unknown,,unknown,0,0
0x002b43e0,FUN_002b43e0,80,3,unknown,,unknown,0,0
0x002b44d8,FUN_002b44d8,340,5,unknown,,unknown,0,0
0x002b4694,FUN_002b4694,844,3,unknown,,unknown,0,0
0x002b49e0,FUN_002b49e0,92,2,unknown,,unknown,0,0
0x002b4a3c,FUN_002b4a3c,152,2,unknown,,unknown,0,0
0x002b4ad4,FUN_002b4ad4,144,2,unknown,,unknown,0,0
0x002b4b64,FUN_002b4b64,116,2,unknown,,unknown,0,0
0x002b4bd8,FUN_002b4bd8,116,6,unknown,,unknown,0,0
0x002b4ed8,FUN_002b4ed8,980,1,unknown,,unknown,0,0
0x002b52ac,FUN_002b52ac,44,1,unknown,,unknown,0,0
0x002b52d8,FUN_002b52d8,136,6,unknown,,unknown,0,0
0x002b53a4,FUN_002b53a4,68,1,unknown,,unknown,0,0
0x002b540c,FUN_002b540c,36,3,unknown,,unknown,0,0
0x002b5430,FUN_002b5430,16,1,unknown,,unknown,0,0
0x002b5440,FUN_002b5440,96,1,unknown,,unknown,0,0
0x002b54a0,FUN_002b54a0,48,1,unknown,,unknown,0,0
0x002b54d0,FUN_002b54d0,160,3,unknown,,unknown,0,0
0x002b5570,FUN_002b5570,32,1,unknown,,unknown,0,0
0x002b5590,FUN_002b5590,32,2,unknown,,unknown,0,0
0x002b55b0,FUN_002b55b0,32,1,unknown,,unknown,0,0
0x002b55d0,FUN_002b55d0,32,1,unknown,,unknown,0,0
0x002b55f0,FUN_002b55f0,1300,4,unknown,,unknown,0,0
0x002b5b64,FUN_002b5b64,96,19,unknown,,unknown,0,0
0x002b5c68,FUN_002b5c68,164,19,unknown,,unknown,0,0
0x002b5da0,FUN_002b5da0,148,7,unknown,,unknown,0,0
0x002b5e34,FUN_002b5e34,56,8,unknown,,unknown,0,0
0x002b5f40,FUN_002b5f40,212,60,unknown,,unknown,0,0
0x002b6014,FUN_002b6014,300,8,unknown,,unknown,0,0
0x002b6140,FUN_002b6140,112,3,unknown,,unknown,0,0
0x002b61b0,FUN_002b61b0,84,2,unknown,,unknown,0,0
0x002b6204,FUN_002b6204,244,20,unknown,,unknown,0,0
0x002b62f8,FUN_002b62f8,252,3,unknown,,unknown,0,0
0x002b63f4,FUN_002b63f4,812,1,unknown,,unknown,0,0
0x002b6720,FUN_002b6720,1616,2,unknown,,unknown,0,0
0x002b6d70,FUN_002b6d70,836,1,unknown,,unknown,0,0
0x002b70b4,FUN_002b70b4,328,3,unknown,,unknown,0,0
0x002b71fc,FUN_002b71fc,440,3,unknown,,unknown,0,0
0x002b73b4,FUN_002b73b4,428,3,unknown,,unknown,0,0
0x002b77cc,FUN_002b77cc,52,2,unknown,,unknown,0,0
0x002b7800,FUN_002b7800,52,2,unknown,,unknown,0,0
0x002b7834,FUN_002b7834,72,2,unknown,,unknown,0,0
0x002b787c,FUN_002b787c,64,2,unknown,,unknown,0,0
0x002b78bc,FUN_002b78bc,52,2,unknown,,unknown,0,0
0x002b78f0,FUN_002b78f0,52,3,unknown,,unknown,0,0
0x002b7924,FUN_002b7924,132,2,unknown,,unknown,0,0
0x002b79a8,FUN_002b79a8,372,2,unknown,,unknown,0,0
0x002b7b58,FUN_002b7b58,60,1,unknown,,unknown,0,0
0x002b7cbc,FUN_002b7cbc,92,2,unknown,,unknown,0,0
0x002b7d18,FUN_002b7d18,228,1,unknown,,unknown,0,0
0x002b7dfc,FUN_002b7dfc,252,4,unknown,,unknown,0,0
0x002b7ef8,FUN_002b7ef8,320,4,unknown,,unknown,0,0
0x002b8038,FUN_002b8038,144,4,unknown,,unknown,0,0
0x002b80c8,FUN_002b80c8,168,3,unknown,,unknown,0,0
0x002b81c4,FUN_002b81c4,84,2,unknown,,unknown,0,0
0x002b82f4,FUN_002b82f4,272,2,unknown,,unknown,0,0
0x002b8404,FUN_002b8404,656,1,unknown,,unknown,0,0
0x002b8694,FUN_002b8694,164,4,unknown,,unknown,0,0
0x002b8738,FUN_002b8738,376,7,unknown,,unknown,0,0
0x002b88b0,FUN_002b88b0,148,3,unknown,,unknown,0,0
0x002b8944,FUN_002b8944,344,2,unknown,,unknown,0,0
0x002b8a9c,FUN_002b8a9c,344,2,unknown,,unknown,0,0
0x002b8d90,FUN_002b8d90,412,1,unknown,,unknown,0,0
0x002b8f2c,FUN_002b8f2c,516,3,unknown,,unknown,0,0
0x002b9548,FUN_002b9548,488,2,unknown,,unknown,0,0
0x002b9730,FUN_002b9730,220,1,unknown,,unknown,0,0
0x002b980c,FUN_002b980c,652,3,unknown,,unknown,0,0
0x002b9a98,FUN_002b9a98,824,3,unknown,,unknown,0,0
0x002b9dd0,FUN_002b9dd0,196,1,unknown,,unknown,0,0
0x002b9e94,FUN_002b9e94,548,2,unknown,,unknown,0,0
0x002ba0b8,FUN_002ba0b8,360,2,unknown,,unknown,0,0
0x002ba3dc,FUN_002ba3dc,328,3,unknown,,unknown,0,0
0x002ba5f4,FUN_002ba5f4,308,6,unknown,,unknown,0,0
0x002ba830,FUN_002ba830,48,1,unknown,,unknown,0,0
0x002ba860,FUN_002ba860,296,5,unknown,,unknown,0,0
0x002ba988,FUN_002ba988,336,1,unknown,,unknown,0,0
0x002baad8,FUN_002baad8,428,2,unknown,,unknown,0,0
0x002bb088,FUN_002bb088,28,8,unknown,,unknown,0,0
0x002bb0a4,FUN_002bb0a4,84,16,unknown,,unknown,0,0
0x002bb0f8,FUN_002bb0f8,332,1,unknown,,unknown,0,0
0x002bb244,FUN_002bb244,120,2,unknown,,unknown,0,0
0x002bb2bc,FUN_002bb2bc,392,4,unknown,,unknown,0,0
0x002bb444,FUN_002bb444,144,4,unknown,,unknown,0,0
0x002bb4d4,FUN_002bb4d4,68,2,unknown,,unknown,0,0
0x002bb9fc,FUN_002bb9fc,36,6,unknown,,unknown,0,0
0x002bba20,FUN_002bba20,36,1,unknown,,unknown,0,0
0x002bba44,FUN_002bba44,288,1,unknown,,unknown,0,0
0x002bbb64,FUN_002bbb64,160,3,unknown,,unknown,0,0
0x002bbcf0,FUN_002bbcf0,236,2,unknown,,unknown,0,0
0x002bc188,FUN_002bc188,124,3,unknown,,unknown,0,0
0x002bc204,FUN_002bc204,24,1,unknown,,unknown,0,0
0x002bc21c,FUN_002bc21c,24,1,unknown,,unknown,0,0
0x002bc234,FUN_002bc234,1852,2,unknown,,unknown,0,0
0x002bc9b8,FUN_002bc9b8,176,1,unknown,,unknown,0,0
0x002bd7ac,FUN_002bd7ac,116,25,unknown,,unknown,0,0
0x002bd8a8,FUN_002bd8a8,136,1,unknown,,unknown,0,0
0x002bd9d0,FUN_002bd9d0,160,12,unknown,,unknown,0,0
0x002bdaf4,FUN_002bdaf4,132,7,unknown,,unknown,0,0
0x002bdbb0,FUN_002bdbb0,56,5,unknown,,unknown,0,0
0x002bdc04,FUN_002bdc04,28,2,unknown,,unknown,0,0
0x002bdd04,FUN_002bdd04,228,52,unknown,,unknown,0,0
0x002bdde8,FUN_002bdde8,276,2,unknown,,unknown,0,0
0x002bdefc,FUN_002bdefc,264,17,unknown,,unknown,0,0
0x002be354,FUN_002be354,344,6,unknown,,unknown,0,0
0x002be4ac,FUN_002be4ac,80,2,unknown,,unknown,0,0
0x002be528,FUN_002be528,36,1,unknown,,unknown,0,0
0x002be54c,FUN_002be54c,124,2,unknown,,unknown,0,0
0x002be5c8,FUN_002be5c8,72,2,unknown,,unknown,0,0
0x002be718,FUN_002be718,100,25,unknown,,unknown,0,0
0x002be77c,FUN_002be77c,316,2,unknown,,unknown,0,0
0x002be9f4,FUN_002be9f4,296,5,unknown,,unknown,0,0
0x002bede0,FUN_002bede0,36,21,unknown,,unknown,0,0
0x002bee04,FUN_002bee04,200,5,unknown,,unknown,0,0
0x002beecc,FUN_002beecc,124,1,unknown,,unknown,0,0
0x002bef48,FUN_002bef48,36,1,unknown,,unknown,0,0
0x002bef6c,FUN_002bef6c,28,1,unknown,,unknown,0,0
0x002bef88,FUN_002bef88,136,1,unknown,,unknown,0,0
0x002bf07c,FUN_002bf07c,40,1,unknown,,unknown,0,0
0x002bf0a4,FUN_002bf0a4,28,1,unknown,,unknown,0,0
0x002bf478,FUN_002bf478,360,1,unknown,,unknown,0,0
0x002bf6c4,FUN_002bf6c4,228,2,unknown,,unknown,0,0
0x002bf9ac,FUN_002bf9ac,104,3,unknown,,unknown,0,0
0x002bfadc,FUN_002bfadc,64,2,unknown,,unknown,0,0
0x002bfb64,FUN_002bfb64,80,1,unknown,,unknown,0,0
0x002bfbb4,FUN_002bfbb4,92,1,unknown,,unknown,0,0
0x002bfd10,FUN_002bfd10,84,2,unknown,,unknown,0,0
0x002bfd98,FUN_002bfd98,52,3,unknown,,unknown,0,0
0x002bfdcc,FUN_002bfdcc,344,1,unknown,,unknown,0,0
0x002bff24,FUN_002bff24,156,1,unknown,,unknown,0,0
0x002bffc0,FUN_002bffc0,232,1,unknown,,unknown,0,0
0x002c00c0,FUN_002c00c0,60,1,unknown,,unknown,0,0
0x002c00fc,FUN_002c00fc,60,1,unknown,,unknown,0,0
0x002c0138,FUN_002c0138,44,1,unknown,,unknown,0,0
0x002c0164,FUN_002c0164,32,3,unknown,,unknown,0,0
0x002c0184,FUN_002c0184,12,2,unknown,,unknown,0,0
0x002c0190,FUN_002c0190,40,2,unknown,,unknown,0,0
0x002c01b8,FUN_002c01b8,1208,2,unknown,,unknown,0,0
0x002c0670,FUN_002c0670,388,3,unknown,,unknown,0,0
0x002c07f4,FUN_002c07f4,124,3,unknown,,unknown,0,0
0x002c0870,FUN_002c0870,212,3,unknown,,unknown,0,0
0x002c0944,FUN_002c0944,164,2,unknown,,unknown,0,0
0x002c09e8,FUN_002c09e8,976,1,unknown,,unknown,0,0
0x002c0db8,FUN_002c0db8,24,7,unknown,,unknown,0,0
0x002c0df0,FUN_002c0df0,32,3,unknown,,unknown,0,0
0x002c0e10,FUN_002c0e10,288,2,unknown,,unknown,0,0
0x002c0f30,FUN_002c0f30,328,1,unknown,,unknown,0,0
0x002c1078,FUN_002c1078,348,5,unknown,,unknown,0,0
0x002c11d4,FUN_002c11d4,448,5,unknown,,unknown,0,0
0x002c1394,FUN_002c1394,136,1,unknown,,unknown,0,0
0x002c141c,FUN_002c141c,204,17,unknown,,unknown,0,0
0x002c14e8,FUN_002c14e8,48,17,unknown,,unknown,0,0
0x002c1518,FUN_002c1518,72,3,unknown,,unknown,0,0
0x002c1560,FUN_002c1560,172,5,unknown,,unknown,0,0
0x002c160c,FUN_002c160c,116,2,unknown,,unknown,0,0
0x002c1680,FUN_002c1680,56,3,unknown,,unknown,0,0
0x002c174c,FUN_002c174c,92,1,unknown,,unknown,0,0
0x002c17a8,FUN_002c17a8,92,5,unknown,,unknown,0,0
0x002c1804,FUN_002c1804,100,1,unknown,,unknown,0,0
0x002c1868,FUN_002c1868,100,1,unknown,,unknown,0,0
0x002c18cc,FUN_002c18cc,76,7,unknown,,unknown,0,0
0x002c1a14,FUN_002c1a14,76,1,unknown,,unknown,0,0
0x002c1a60,FUN_002c1a60,72,1,unknown,,unknown,0,0
0x002c1aa8,FUN_002c1aa8,208,2,unknown,,unknown,0,0
0x002c1c0c,FUN_002c1c0c,148,3,unknown,,unknown,0,0
0x002c1d20,FUN_002c1d20,128,1,unknown,,unknown,0,0
0x002c1da0,FUN_002c1da0,272,2,unknown,,unknown,0,0
0x002c1eb0,FUN_002c1eb0,40,3,unknown,,unknown,0,0
0x002c1ed8,FUN_002c1ed8,80,20,unknown,,unknown,0,0
0x002c1f28,FUN_002c1f28,80,11,unknown,,unknown,0,0
0x002c1f78,FUN_002c1f78,40,16,unknown,,unknown,0,0
0x002c1fa0,FUN_002c1fa0,24,27,unknown,,unknown,0,0
0x002c1fb8,FUN_002c1fb8,80,44,unknown,,unknown,0,0
0x002c2008,FUN_002c2008,56,1,unknown,,unknown,0,0
0x002c2040,FUN_002c2040,76,6,unknown,,unknown,0,0
0x002c2178,FUN_002c2178,236,4,unknown,,unknown,0,0
0x002c23e4,FUN_002c23e4,384,7,unknown,,unknown,0,0
0x002c2564,FUN_002c2564,140,6,unknown,,unknown,0,0
0x002c2688,FUN_002c2688,152,1,unknown,,unknown,0,0
0x002c2824,FUN_002c2824,260,1,unknown,,unknown,0,0
0x002c2928,FUN_002c2928,140,1,unknown,,unknown,0,0
0x002c29b4,FUN_002c29b4,84,1,unknown,,unknown,0,0
0x002c2a08,FUN_002c2a08,24,5,unknown,,unknown,0,0
0x002c2a20,FUN_002c2a20,80,8,unknown,,unknown,0,0
0x002c2a70,FUN_002c2a70,252,3,unknown,,unknown,0,0
0x002c2b6c,FUN_002c2b6c,108,1,unknown,,unknown,0,0
0x002c2bd8,FUN_002c2bd8,376,1,unknown,,unknown,0,0
0x002c2d50,FUN_002c2d50,144,2,unknown,,unknown,0,0
0x002c2de0,FUN_002c2de0,48,2,unknown,,unknown,0,0
0x002c2e10,FUN_002c2e10,144,2,unknown,,unknown,0,0
0x002c2ea0,FUN_002c2ea0,120,1,unknown,,unknown,0,0
0x002c2f70,FUN_002c2f70,88,1,unknown,,unknown,0,0
0x002c2ff0,FUN_002c2ff0,40,2,unknown,,unknown,0,0
0x002c3074,FUN_002c3074,92,3,unknown,,unknown,0,0
0x002c30d0,FUN_002c30d0,68,3,unknown,,unknown,0,0
0x002c3114,FUN_002c3114,68,3,unknown,,unknown,0,0
0x002c3158,FUN_002c3158,180,4,unknown,,unknown,0,0
0x002c320c,FUN_002c320c,160,1,unknown,,unknown,0,0
0x002c32ac,FUN_002c32ac,196,4,unknown,,unknown,0,0
0x002c3370,FUN_002c3370,356,2,unknown,,unknown,0,0
0x002c34d4,FUN_002c34d4,308,3,unknown,,unknown,0,0
0x002c3608,FUN_002c3608,96,2,unknown,,unknown,0,0
0x002c3668,FUN_002c3668,72,2,unknown,,unknown,0,0
0x002c36b0,FUN_002c36b0,220,1,unknown,,unknown,0,0
0x002c378c,FUN_002c378c,220,1,unknown,,unknown,0,0
0x002c3888,FUN_002c3888,32,1,unknown,,unknown,0,0
0x002c38a8,FUN_002c38a8,68,2,unknown,,unknown,0,0
0x002c38ec,FUN_002c38ec,68,26,unknown,,unknown,0,0
0x002c3988,FUN_002c3988,88,20,unknown,,unknown,0,0
0x002c39e0,FUN_002c39e0,32,6,unknown,,unknown,0,0
0x002c3a00,FUN_002c3a00,308,5,unknown,,unknown,0,0
0x002c3b34,FUN_002c3b34,32,2,unknown,,unknown,0,0
0x002c3b54,FUN_002c3b54,32,50,unknown,,unknown,0,0
0x002c3b74,FUN_002c3b74,144,2,unknown,,unknown,0,0
0x002c3c94,FUN_002c3c94,144,12,unknown,,unknown,0,0
0x002c3d60,FUN_002c3d60,60,13,unknown,,unknown,0,0
0x002c3da8,FUN_002c3da8,12,8,unknown,,unknown,0,0
0x002c3dc0,FUN_002c3dc0,12,11,unknown,,unknown,0,0
0x002c3e28,FUN_002c3e28,92,3,unknown,,unknown,0,0
0x002c3ed8,FUN_002c3ed8,84,3,unknown,,unknown,0,0
0x002c4270,FUN_002c4270,52,4,unknown,,unknown,0,0
0x002c42f8,FUN_002c42f8,84,1,unknown,,unknown,0,0
0x002c4440,FUN_002c4440,12,5,unknown,,unknown,0,0
0x002c444c,FUN_002c444c,120,2,unknown,,unknown,0,0
0x002c44c4,FUN_002c44c4,148,2,unknown,,unknown,0,0
0x002c4768,FUN_002c4768,228,1,unknown,,unknown,0,0
0x002c484c,FUN_002c484c,120,2,unknown,,unknown,0,0
0x002c493c,FUN_002c493c,44,3,unknown,,unknown,0,0
0x002c49d4,FUN_002c49d4,112,1,unknown,,unknown,0,0
0x002c4a44,FUN_002c4a44,160,1,unknown,,unknown,0,0
0x002c4ae4,FUN_002c4ae4,116,1,unknown,,unknown,0,0
0x002c4b58,FUN_002c4b58,1776,4,unknown,,unknown,0,0
0x002c5248,FUN_002c5248,140,1,unknown,,unknown,0,0
0x002c52d4,FUN_002c52d4,104,3,unknown,,unknown,0,0
0x002c5360,FUN_002c5360,72,1,unknown,,unknown,0,0
0x002c53a8,FUN_002c53a8,40,2,unknown,,unknown,0,0
0x002c53d0,FUN_002c53d0,60,2,unknown,,unknown,0,0
0x002c540c,FUN_002c540c,60,2,unknown,,unknown,0,0
0x002c5448,FUN_002c5448,300,1,unknown,,unknown,0,0
0x002c5574,FUN_002c5574,468,1,unknown,,unknown,0,0
0x002c5748,FUN_002c5748,12,2,unknown,,unknown,0,0
0x002c57ac,FUN_002c57ac,88,1,unknown,,unknown,0,0
0x002c65e8,FUN_002c65e8,60,1,unknown,,unknown,0,0
0x002c6630,FUN_002c6630,12,1,unknown,,unknown,0,0
0x002c665c,FUN_002c665c,32,1,unknown,,unknown,0,0
0x002c6738,FUN_002c6738,124,2,unknown,,unknown,0,0
0x002c67b4,FUN_002c67b4,92,1,unknown,,unknown,0,0
0x002c6834,FUN_002c6834,12,2,unknown,,unknown,0,0
0x002c6840,FUN_002c6840,16,1,unknown,,unknown,0,0
0x002c6850,FUN_002c6850,148,3,unknown,,unknown,0,0
0x002c68e4,FUN_002c68e4,128,3,unknown,,unknown,0,0
0x002c6964,FUN_002c6964,20,2,unknown,,unknown,0,0
0x002c6978,FUN_002c6978,40,2,unknown,,unknown,0,0
0x002c69a0,FUN_002c69a0,48,5,unknown,,unknown,0,0
0x002c6b48,FUN_002c6b48,76,1,unknown,,unknown,0,0
0x002c6b94,FUN_002c6b94,44,6,unknown,,unknown,0,0
0x002c6c34,FUN_002c6c34,44,1,unknown,,unknown,0,0
0x002c6c60,FUN_002c6c60,44,1,unknown,,unknown,0,0
0x002c6c8c,FUN_002c6c8c,292,5,unknown,,unknown,0,0
0x002c6db0,FUN_002c6db0,52,1,unknown,,unknown,0,0
0x002c6de4,FUN_002c6de4,132,5,unknown,,unknown,0,0
0x002c6e68,FUN_002c6e68,16,1,unknown,,unknown,0,0
0x002c6e78,FUN_002c6e78,68,1,unknown,,unknown,0,0
0x002c6f48,FUN_002c6f48,64,4,unknown,,unknown,0,0
0x002c6fbc,FUN_002c6fbc,72,2,unknown,,unknown,0,0
0x002c7004,FUN_002c7004,64,5,unknown,,unknown,0,0
0x002c7054,FUN_002c7054,44,1,unknown,,unknown,0,0
0x002c7080,FUN_002c7080,80,7,unknown,,unknown,0,0
0x002c70d0,FUN_002c70d0,116,2,unknown,,unknown,0,0
0x002c7144,FUN_002c7144,16,4,unknown,,unknown,0,0
0x002c7154,FUN_002c7154,16,4,unknown,,unknown,0,0
0x002c7164,FUN_002c7164,16,4,unknown,,unknown,0,0
0x002c7174,FUN_002c7174,12,1,unknown,,unknown,0,0
0x002c7384,FUN_002c7384,132,1,unknown,,unknown,0,0
0x002c7450,FUN_002c7450,72,1,unknown,,unknown,0,0
0x002c7498,FUN_002c7498,196,1,unknown,,unknown,0,0
0x002c755c,FUN_002c755c,12,1,unknown,,unknown,0,0
0x002c757c,FUN_002c757c,20,51,unknown,,unknown,0,0
0x002c7590,FUN_002c7590,52,45,unknown,,unknown,0,0
0x002c7600,FUN_002c7600,48,63,unknown,,unknown,0,0
0x002c769c,FUN_002c769c,108,5,unknown,,unknown,0,0
0x002c7744,FUN_002c7744,60,7,unknown,,unknown,0,0
0x002c77ac,FUN_002c77ac,316,3,unknown,,unknown,0,0
0x002c78e8,FUN_002c78e8,448,3,unknown,,unknown,0,0
0x002c7aa8,FUN_002c7aa8,176,11,unknown,,unknown,0,0
0x002c7b58,FUN_002c7b58,176,1,unknown,,unknown,0,0
0x002c7c08,FUN_002c7c08,212,1,unknown,,unknown,0,0
0x002c7cf8,FUN_002c7cf8,16,2,unknown,,unknown,0,0
0x002c7d14,FUN_002c7d14,12,2,unknown,,unknown,0,0
0x002c7d20,FUN_002c7d20,12,8,unknown,,unknown,0,0
0x002c7d2c,FUN_002c7d2c,32,1,unknown,,unknown,0,0
0x002c7d4c,FUN_002c7d4c,36,6,unknown,,unknown,0,0
0x002c7d70,FUN_002c7d70,36,2,unknown,,unknown,0,0
0x002c7d94,FUN_002c7d94,108,6,unknown,,unknown,0,0
0x002c7e6c,FUN_002c7e6c,96,9,unknown,,unknown,0,0
0x002c80a8,FUN_002c80a8,184,3,unknown,,unknown,0,0
0x002c8160,FUN_002c8160,372,1,unknown,,unknown,0,0
0x002c82d4,FUN_002c82d4,108,6,unknown,,unknown,0,0
0x002c8340,FUN_002c8340,88,88,unknown,,unknown,0,0
0x002c8398,FUN_002c8398,404,1,unknown,,unknown,0,0
0x002c852c,FUN_002c852c,912,4,unknown,,unknown,0,0
0x002c88bc,FUN_002c88bc,40,1,unknown,,unknown,0,0
0x002c88e4,FUN_002c88e4,264,3,unknown,,unknown,0,0
0x002c8aec,FUN_002c8aec,64,1,unknown,,unknown,0,0
0x002c8b5c,FUN_002c8b5c,140,1,unknown,,unknown,0,0
0x002c8be8,FUN_002c8be8,40,11,unknown,,unknown,0,0
0x002c8f18,FUN_002c8f18,64,1,unknown,,unknown,0,0
0x002c8f58,FUN_002c8f58,152,2,unknown,,unknown,0,0
0x002c8ff0,FUN_002c8ff0,12,7,unknown,,unknown,0,0
0x002c8ffc,FUN_002c8ffc,128,2,unknown,,unknown,0,0
0x002c907c,FUN_002c907c,112,2,unknown,,unknown,0,0
0x002c90ec,FUN_002c90ec,16,1,unknown,,unknown,0,0
0x002c912c,FUN_002c912c,100,1,unknown,,unknown,0,0
0x002c919c,FUN_002c919c,112,1,unknown,,unknown,0,0
0x002c929c,FUN_002c929c,188,1,unknown,,unknown,0,0
0x002c9358,FUN_002c9358,528,1,unknown,,unknown,0,0
0x002c95ac,FUN_002c95ac,68,3,unknown,,unknown,0,0
0x002c9610,FUN_002c9610,32,5,unknown,,unknown,0,0
0x002c9630,FUN_002c9630,40,3,unknown,,unknown,0,0
0x002c9658,FUN_002c9658,40,1,unknown,,unknown,0,0
0x002c9680,FUN_002c9680,60,1,unknown,,unknown,0,0
0x002c96bc,FUN_002c96bc,16,1,unknown,,unknown,0,0
0x002c96cc,FUN_002c96cc,16,1,unknown,,unknown,0,0
0x002c96ec,FUN_002c96ec,56,2,unknown,,unknown,0,0
0x002c975c,FUN_002c975c,80,2,unknown,,unknown,0,0
0x002c97fc,FUN_002c97fc,60,2,unknown,,unknown,0,0
0x002c9874,FUN_002c9874,52,4,unknown,,unknown,0,0
0x002c98a8,FUN_002c98a8,100,2,unknown,,unknown,0,0
0x002c990c,FUN_002c990c,168,2,unknown,,unknown,0,0
0x002c99b4,FUN_002c99b4,120,2,unknown,,unknown,0,0
0x002c9a2c,FUN_002c9a2c,204,7,unknown,,unknown,0,0
0x002c9af8,FUN_002c9af8,72,5,unknown,,unknown,0,0
0x002c9b40,FUN_002c9b40,88,9,unknown,,unknown,0,0
0x002c9b98,FUN_002c9b98,92,6,unknown,,unknown,0,0
0x002c9bf4,FUN_002c9bf4,104,7,unknown,,unknown,0,0
0x002c9c5c,FUN_002c9c5c,132,15,unknown,,unknown,0,0
0x002c9ce0,FUN_002c9ce0,136,27,unknown,,unknown,0,0
0x002c9d68,FUN_002c9d68,140,2,unknown,,unknown,0,0
0x002c9df4,FUN_002c9df4,96,2,unknown,,unknown,0,0
0x002c9e54,FUN_002c9e54,200,10,unknown,,unknown,0,0
0x002c9f98,FUN_002c9f98,232,11,unknown,,unknown,0,0
0x002ca1a8,FUN_002ca1a8,60,7,unknown,,unknown,0,0
0x002ca1e4,FUN_002ca1e4,60,6,unknown,,unknown,0,0
0x002ca2b0,FUN_002ca2b0,112,2,unknown,,unknown,0,0
0x002ca350,FUN_002ca350,48,2,unknown,,unknown,0,0
0x002ca418,FUN_002ca418,152,2,unknown,,unknown,0,0
0x002ca4e0,FUN_002ca4e0,48,2,unknown,,unknown,0,0
0x002ca510,FUN_002ca510,68,2,unknown,,unknown,0,0
0x002ca554,FUN_002ca554,108,2,unknown,,unknown,0,0
0x002ca5c0,FUN_002ca5c0,44,7,unknown,,unknown,0,0
0x002ca5ec,FUN_002ca5ec,16,2,unknown,,unknown,0,0
0x002ca5fc,FUN_002ca5fc,56,2,unknown,,unknown,0,0
0x002ca634,FUN_002ca634,148,1,unknown,,unknown,0,0
0x002ca6c8,FUN_002ca6c8,36,2,unknown,,unknown,0,0
0x002ca6ec,FUN_002ca6ec,16,2,unknown,,unknown,0,0
0x002ca6fc,FUN_002ca6fc,40,1,unknown,,unknown,0,0
0x002ca7dc,FUN_002ca7dc,184,8,unknown,,unknown,0,0
0x002ca8d8,FUN_002ca8d8,68,4,unknown,,unknown,0,0
0x002caa7c,FUN_002caa7c,64,2,unknown,,unknown,0,0
0x002caabc,FUN_002caabc,20,5,unknown,,unknown,0,0
0x002caad0,FUN_002caad0,228,1,unknown,,unknown,0,0
0x002cabb4,FUN_002cabb4,132,2,unknown,,unknown,0,0
0x002cacc0,FUN_002cacc0,136,2,unknown,,unknown,0,0
0x002cad80,FUN_002cad80,56,2,unknown,,unknown,0,0
0x002cadb8,FUN_002cadb8,112,3,unknown,,unknown,0,0
0x002cae28,FUN_002cae28,20,2,unknown,,unknown,0,0
0x002cae3c,FUN_002cae3c,204,1,unknown,,unknown,0,0
0x002caf08,FUN_002caf08,1624,1,unknown,,unknown,0,0
0x002cb560,FUN_002cb560,220,8,unknown,,unknown,0,0
0x002cb8f0,FUN_002cb8f0,256,2,unknown,,unknown,0,0
0x002cba64,FUN_002cba64,116,2,unknown,,unknown,0,0
0x002cbad8,FUN_002cbad8,320,8,unknown,,unknown,0,0
0x002cbc18,FUN_002cbc18,180,8,unknown,,unknown,0,0
0x002cbccc,FUN_002cbccc,96,5,unknown,,unknown,0,0
0x002cbd2c,FUN_002cbd2c,304,3,unknown,,unknown,0,0
0x002cbe5c,FUN_002cbe5c,20,2,unknown,,unknown,0,0
0x002cbe70,FUN_002cbe70,304,3,unknown,,unknown,0,0
0x002cbfa0,FUN_002cbfa0,524,1,unknown,,unknown,0,0
0x002cc1ac,FUN_002cc1ac,1652,1,unknown,,unknown,0,0
0x002cc820,FUN_002cc820,180,7,unknown,,unknown,0,0
0x002cc8d4,FUN_002cc8d4,128,1,unknown,,unknown,0,0
0x002cc954,FUN_002cc954,112,3,unknown,,unknown,0,0
0x002ccab4,FUN_002ccab4,324,1,unknown,,unknown,0,0
0x002cd080,FUN_002cd080,128,1,unknown,,unknown,0,0
0x002cd2c0,FUN_002cd2c0,240,4,unknown,,unknown,0,0
0x002cd3b0,FUN_002cd3b0,240,1,unknown,,unknown,0,0
0x002cd6cc,FUN_002cd6cc,92,3,unknown,,unknown,0,0
0x002cd790,FUN_002cd790,104,3,unknown,,unknown,0,0
0x002cd828,FUN_002cd828,48,23,unknown,,unknown,0,0
0x002cd858,FUN_002cd858,40,10,unknown,,unknown,0,0
0x002cd880,FUN_002cd880,148,3,unknown,,unknown,0,0
0x002cd914,FUN_002cd914,32,2,unknown,,unknown,0,0
0x002cd934,FUN_002cd934,40,2,unknown,,unknown,0,0
0x002cd95c,FUN_002cd95c,32,3,unknown,,unknown,0,0
0x002cd97c,FUN_002cd97c,96,4,unknown,,unknown,0,0
0x002cd9dc,FUN_002cd9dc,176,9,unknown,,unknown,0,0
0x002cda8c,FUN_002cda8c,136,2,unknown,,unknown,0,0
0x002cdb14,FUN_002cdb14,36,2,unknown,,unknown,0,0
0x002cdcd8,FUN_002cdcd8,152,1,unknown,,unknown,0,0
0x002cdd70,FUN_002cdd70,236,2,unknown,,unknown,0,0
0x002cdea8,FUN_002cdea8,76,2,unknown,,unknown,0,0
0x002ce260,FUN_002ce260,72,4,unknown,,unknown,0,0
0x002ce2f0,FUN_002ce2f0,52,6,unknown,,unknown,0,0
0x002ce468,FUN_002ce468,204,1,unknown,,unknown,0,0
0x002cf288,FUN_002cf288,48,1,unknown,,unknown,0,0
0x002cf2b8,FUN_002cf2b8,48,2,unknown,,unknown,0,0
0x002cf2e8,FUN_002cf2e8,68,1,unknown,,unknown,0,0
0x002cf32c,FUN_002cf32c,36,3,unknown,,unknown,0,0
0x002cf350,FUN_002cf350,68,6,unknown,,unknown,0,0
0x002cf484,FUN_002cf484,1016,2,unknown,,unknown,0,0
0x002cf87c,FUN_002cf87c,804,1,unknown,,unknown,0,0
0x002cfc00,FUN_002cfc00,96,1,unknown,,unknown,0,0
0x002d01e8,FUN_002d01e8,192,4,unknown,,unknown,0,0
0x002d02a8,FUN_002d02a8,136,4,unknown,,unknown,0,0
0x002d03b8,FUN_002d03b8,48,8,unknown,,unknown,0,0
0x002d045c,FUN_002d045c,376,1,unknown,,unknown,0,0
0x002d06e0,FUN_002d06e0,372,8,unknown,,unknown,0,0
0x002d0854,FUN_002d0854,224,1,unknown,,unknown,0,0
0x002d0934,FUN_002d0934,672,3,unknown,,unknown,0,0
0x002d0bd4,FUN_002d0bd4,352,1,unknown,,unknown,0,0
0x002d0dc0,FUN_002d0dc0,140,1,unknown,,unknown,0,0
0x002d0e84,FUN_002d0e84,56,1,unknown,,unknown,0,0
0x002d0ebc,FUN_002d0ebc,120,6,unknown,,unknown,0,0
0x002d0f34,FUN_002d0f34,112,6,unknown,,unknown,0,0
0x002d0fa4,FUN_002d0fa4,132,21,unknown,,unknown,0,0
0x002d1028,FUN_002d1028,132,6,unknown,,unknown,0,0
0x002d10ac,FUN_002d10ac,76,31,unknown,,unknown,0,0
0x002d10f8,FUN_002d10f8,76,4,unknown,,unknown,0,0
0x002d1198,FUN_002d1198,172,12,unknown,,unknown,0,0
0x002d12f8,FUN_002d12f8,220,48,unknown,,unknown,0,0
0x002d13d4,FUN_002d13d4,360,18,unknown,,unknown,0,0
0x002d153c,FUN_002d153c,216,25,unknown,,unknown,0,0
0x002d1614,FUN_002d1614,276,11,unknown,,unknown,0,0
0x002d1728,FUN_002d1728,312,1,unknown,,unknown,0,0
0x002d1acc,FUN_002d1acc,72,4,unknown,,unknown,0,0
0x002d1b14,FUN_002d1b14,296,4,unknown,,unknown,0,0
0x002d1c60,FUN_002d1c60,36,4,unknown,,unknown,0,0
0x002d1c84,FUN_002d1c84,184,5,unknown,,unknown,0,0
0x002d1d3c,FUN_002d1d3c,120,1,unknown,,unknown,0,0
0x002d1e08,FUN_002d1e08,104,4,unknown,,unknown,0,0
0x002d1e70,FUN_002d1e70,92,5,unknown,,unknown,0,0
0x002d1eec,FUN_002d1eec,32,1,unknown,,unknown,0,0
0x002d1fa8,FUN_002d1fa8,156,1,unknown,,unknown,0,0
0x002d2044,FUN_002d2044,192,1,unknown,,unknown,0,0
0x002d2104,FUN_002d2104,3220,4,unknown,,unknown,0,0
0x002d2d98,FUN_002d2d98,84,1,unknown,,unknown,0,0
0x002d2dec,FUN_002d2dec,784,4,unknown,,unknown,0,0
0x002d30fc,FUN_002d30fc,248,4,unknown,,unknown,0,0
0x002d31f4,FUN_002d31f4,36,2,unknown,,unknown,0,0
0x002d3268,FUN_002d3268,80,2,unknown,,unknown,0,0
0x002d32e8,FUN_002d32e8,48,2,unknown,,unknown,0,0
0x002d3318,FUN_002d3318,312,2,unknown,,unknown,0,0
0x002d3450,FUN_002d3450,964,17,unknown,,unknown,0,0
0x002d3814,FUN_002d3814,416,1,unknown,,unknown,0,0
0x002d39b4,FUN_002d39b4,324,5,unknown,,unknown,0,0
0x002d3af8,FUN_002d3af8,308,2,unknown,,unknown,0,0
0x002d3c2c,FUN_002d3c2c,68,2,unknown,,unknown,0,0
0x002d3c70,FUN_002d3c70,64,1,unknown,,unknown,0,0
0x002d3cb0,FUN_002d3cb0,24,1,unknown,,unknown,0,0
0x002d3cc8,FUN_002d3cc8,124,5,unknown,,unknown,0,0
0x002d3d44,FUN_002d3d44,52,1,unknown,,unknown,0,0
0x002d3d78,FUN_002d3d78,24,1,unknown,,unknown,0,0
0x002d3d90,FUN_002d3d90,504,1,unknown,,unknown,0,0
0x002d3f88,FUN_002d3f88,140,1,unknown,,unknown,0,0
0x002d4030,FUN_002d4030,28,1,unknown,,unknown,0,0
0x002d4058,FUN_002d4058,12,1,unknown,,unknown,0,0
0x002d4064,FUN_002d4064,88,2,unknown,,unknown,0,0
0x002d40bc,FUN_002d40bc,296,1,unknown,,unknown,0,0
0x002d41e4,FUN_002d41e4,228,1,unknown,,unknown,0,0
0x002d42c8,FUN_002d42c8,96,1,unknown,,unknown,0,0
0x002d4328,FUN_002d4328,284,1,unknown,,unknown,0,0
0x002d4444,FUN_002d4444,120,1,unknown,,unknown,0,0
0x002d4688,FUN_002d4688,324,2,unknown,,unknown,0,0
0x002d47cc,FUN_002d47cc,956,1,unknown,,unknown,0,0
0x002d4b88,FUN_002d4b88,512,1,unknown,,unknown,0,0
0x002d4d88,FUN_002d4d88,1156,1,unknown,,unknown,0,0
0x002d5998,FUN_002d5998,104,1,unknown,,unknown,0,0
0x002d6660,FUN_002d6660,584,2,red,,string-flavor,2,1
0x002d68a8,FUN_002d68a8,16,1,unknown,,unknown,0,0
0x002d68b8,FUN_002d68b8,16,1,unknown,,unknown,0,0
0x002d68c8,FUN_002d68c8,852,1,unknown,,unknown,0,0
0x002d7ec8,FUN_002d7ec8,948,2,unknown,,unknown,0,0
0x002d8fe8,FUN_002d8fe8,440,1,unknown,,unknown,0,0
0x002d960c,FUN_002d960c,860,1,unknown,,unknown,0,0
0x002dc3b0,FUN_002dc3b0,436,4,unknown,,unknown,0,0
0x002dc790,FUN_002dc790,68,2,unknown,,unknown,0,0
0x002dc7d4,FUN_002dc7d4,92,9,unknown,,unknown,0,0
0x002dc830,FUN_002dc830,184,3,unknown,,unknown,0,0
0x002dc8e8,FUN_002dc8e8,132,7,unknown,,unknown,0,0
0x002dc96c,FUN_002dc96c,160,5,unknown,,unknown,0,0
0x002dca0c,FUN_002dca0c,272,1,unknown,,unknown,0,0
0x002dcb1c,FUN_002dcb1c,124,2,unknown,,unknown,0,0
0x002dcb98,FUN_002dcb98,328,4,unknown,,unknown,0,0
0x002dce68,FUN_002dce68,184,1,unknown,,unknown,0,0
0x002dcf20,FUN_002dcf20,564,2,unknown,,unknown,0,0
0x002dd154,FUN_002dd154,48,4,unknown,,unknown,0,0
0x002dd184,FUN_002dd184,304,5,unknown,,unknown,0,0
0x002dd2b4,FUN_002dd2b4,96,3,unknown,,unknown,0,0
0x002dd314,FUN_002dd314,496,5,unknown,,unknown,0,0
0x002dd534,FUN_002dd534,216,2,unknown,,unknown,0,0
0x002dd60c,FUN_002dd60c,224,1,unknown,,unknown,0,0
0x002dd6ec,FUN_002dd6ec,76,1,unknown,,unknown,0,0
0x002dd738,FUN_002dd738,156,2,unknown,,unknown,0,0
0x002dd7d4,FUN_002dd7d4,132,4,unknown,,unknown,0,0
0x002dd858,FUN_002dd858,92,1,unknown,,unknown,0,0
0x002dd8b4,FUN_002dd8b4,92,1,unknown,,unknown,0,0
0x002dd910,FUN_002dd910,204,1,unknown,,unknown,0,0
0x002dd9dc,FUN_002dd9dc,80,1,unknown,,unknown,0,0
0x002dda2c,FUN_002dda2c,80,1,unknown,,unknown,0,0
0x002ddabc,FUN_002ddabc,80,1,unknown,,unknown,0,0
0x002ddb0c,FUN_002ddb0c,328,1,unknown,,unknown,0,0
0x002ddc54,FUN_002ddc54,344,1,unknown,,unknown,0,0
0x002dddac,FUN_002dddac,232,2,unknown,,unknown,0,0
0x002dde94,FUN_002dde94,524,1,unknown,,unknown,0,0
0x002dedec,FUN_002dedec,96,17,unknown,,unknown,0,0
0x002deebc,FUN_002deebc,112,8,unknown,,unknown,0,0
0x002def60,FUN_002def60,52,27,unknown,,unknown,0,0
0x002def94,FUN_002def94,148,9,unknown,,unknown,0,0
0x002df028,FUN_002df028,180,5,unknown,,unknown,0,0
0x002dffd8,FUN_002dffd8,228,3,unknown,,unknown,0,0
0x002e00bc,FUN_002e00bc,168,1,unknown,,unknown,0,0
0x002e0574,FUN_002e0574,96,41,unknown,,unknown,0,0
0x002e05d4,FUN_002e05d4,96,5,unknown,,unknown,0,0
0x002e0634,FUN_002e0634,372,1,unknown,,unknown,0,0
0x002e07a8,FUN_002e07a8,696,1,unknown,,unknown,0,0
0x002e0a60,FUN_002e0a60,452,1,unknown,,unknown,0,0
0x002e0c24,FUN_002e0c24,48,1,unknown,,unknown,0,0
0x002e0c54,FUN_002e0c54,252,2,unknown,,unknown,0,0
0x002e0d50,FUN_002e0d50,204,2,unknown,,unknown,0,0
0x002e0e1c,FUN_002e0e1c,240,7,unknown,,unknown,0,0
0x002e0f0c,FUN_002e0f0c,380,1,unknown,,unknown,0,0
0x002e1088,FUN_002e1088,92,4,unknown,,unknown,0,0
0x002e10e4,FUN_002e10e4,284,1,unknown,,unknown,0,0
0x002e1200,FUN_002e1200,160,4,unknown,,unknown,0,0
0x002e12a0,FUN_002e12a0,40,1,unknown,,unknown,0,0
0x002e12c8,FUN_002e12c8,108,4,unknown,,unknown,0,0
0x002e1334,FUN_002e1334,420,9,unknown,,unknown,0,0
0x002e14d8,FUN_002e14d8,556,9,unknown,,unknown,0,0
0x002e1704,FUN_002e1704,144,3,unknown,,unknown,0,0
0x002e1794,FUN_002e1794,80,1,unknown,,unknown,0,0
0x002e183c,FUN_002e183c,140,1,unknown,,unknown,0,0
0x002e19e0,FUN_002e19e0,48,2,unknown,,unknown,0,0
0x002e1a10,FUN_002e1a10,40,6,unknown,,unknown,0,0
0x002e1a38,FUN_002e1a38,80,6,unknown,,unknown,0,0
0x002e1a88,FUN_002e1a88,100,2,unknown,,unknown,0,0
0x002e1aec,FUN_002e1aec,148,2,unknown,,unknown,0,0
0x002e1c10,FUN_002e1c10,144,10,unknown,,unknown,0,0
0x002e1ca0,FUN_002e1ca0,212,1,unknown,,unknown,0,0
0x002e1d74,FUN_002e1d74,308,8,unknown,,unknown,0,0
0x002e1ea8,FUN_002e1ea8,56,8,unknown,,unknown,0,0
0x002e1ee0,FUN_002e1ee0,200,1,unknown,,unknown,0,0
0x002e1fa8,FUN_002e1fa8,172,1,unknown,,unknown,0,0
0x002e2054,FUN_002e2054,76,3,unknown,,unknown,0,0
0x002e20a0,FUN_002e20a0,76,3,unknown,,unknown,0,0
0x002e20ec,FUN_002e20ec,244,2,unknown,,unknown,0,0
0x002e21e0,FUN_002e21e0,104,2,unknown,,unknown,0,0
0x002e2248,FUN_002e2248,104,2,unknown,,unknown,0,0
0x002e22b0,FUN_002e22b0,340,1,unknown,,unknown,0,0
0x002e2404,FUN_002e2404,104,2,unknown,,unknown,0,0
0x002e246c,FUN_002e246c,92,1,unknown,,unknown,0,0
0x002e24c8,FUN_002e24c8,116,1,unknown,,unknown,0,0
0x002e25b8,FUN_002e25b8,280,1,unknown,,unknown,0,0
0x002e26d0,FUN_002e26d0,332,8,unknown,,unknown,0,0
0x002e281c,FUN_002e281c,260,3,unknown,,unknown,0,0
0x002e2920,FUN_002e2920,72,1,unknown,,unknown,0,0
0x002e2968,FUN_002e2968,236,2,unknown,,unknown,0,0
0x002e2a54,FUN_002e2a54,584,1,unknown,,unknown,0,0
0x002e2cbc,FUN_002e2cbc,44,2,unknown,,unknown,0,0
0x002e2ce8,FUN_002e2ce8,484,5,unknown,,unknown,0,0
0x002e2ecc,FUN_002e2ecc,188,6,unknown,,unknown,0,0
0x002e2f88,FUN_002e2f88,852,2,unknown,,unknown,0,0
0x002e32dc,FUN_002e32dc,304,2,unknown,,unknown,0,0
0x002e340c,FUN_002e340c,436,1,unknown,,unknown,0,0
0x002e35c0,FUN_002e35c0,156,10,unknown,,unknown,0,0
0x002e365c,FUN_002e365c,52,3,unknown,,unknown,0,0
0x002e3690,FUN_002e3690,356,1,unknown,,unknown,0,0
0x002e37f4,FUN_002e37f4,1408,4,unknown,,unknown,0,0
0x002e3d74,FUN_002e3d74,568,3,unknown,,unknown,0,0
0x002e3fac,FUN_002e3fac,232,1,unknown,,unknown,0,0
0x002e4094,FUN_002e4094,356,9,unknown,,unknown,0,0
0x002e41f8,FUN_002e41f8,248,3,unknown,,unknown,0,0
0x002e42f0,FUN_002e42f0,332,11,unknown,,unknown,0,0
0x002e443c,FUN_002e443c,516,2,unknown,,unknown,0,0
0x002e4640,FUN_002e4640,476,2,unknown,,unknown,0,0
0x002e481c,FUN_002e481c,256,3,unknown,,unknown,0,0
0x002e491c,FUN_002e491c,36,3,unknown,,unknown,0,0
0x002e4940,FUN_002e4940,28,2,unknown,,unknown,0,0
0x002e495c,FUN_002e495c,3132,7,unknown,,unknown,0,0
0x002e643c,FUN_002e643c,308,9,unknown,,unknown,0,0
0x002e6570,FUN_002e6570,76,4,unknown,,unknown,0,0
0x002e65bc,FUN_002e65bc,56,2,unknown,,unknown,0,0
0x002e6784,FUN_002e6784,400,1,unknown,,unknown,0,0
0x002e6914,FUN_002e6914,68,3,unknown,,unknown,0,0
0x002e6988,FUN_002e6988,48,1,unknown,,unknown,0,0
0x002e69b8,FUN_002e69b8,1680,1,unknown,,unknown,0,0
0x002e7048,FUN_002e7048,288,6,unknown,,unknown,0,0
0x002e7168,FUN_002e7168,2872,1,unknown,,unknown,0,0
0x002e7ca0,FUN_002e7ca0,616,3,unknown,,unknown,0,0
0x002e7f08,FUN_002e7f08,1412,3,unknown,,unknown,0,0
0x002e848c,FUN_002e848c,808,3,unknown,,unknown,0,0
0x002e87b4,FUN_002e87b4,424,5,unknown,,unknown,0,0
0x002e895c,FUN_002e895c,308,2,unknown,,unknown,0,0
0x002e8a90,FUN_002e8a90,336,3,unknown,,unknown,0,0
0x002e8be0,FUN_002e8be0,168,1,unknown,,unknown,0,0
0x002e8c88,FUN_002e8c88,136,2,unknown,,unknown,0,0
0x002e8d10,FUN_002e8d10,1080,1,unknown,,unknown,0,0
0x002e9148,FUN_002e9148,108,2,unknown,,unknown,0,0
0x002e91b4,FUN_002e91b4,16,3,unknown,,unknown,0,0
0x002e91c4,FUN_002e91c4,152,5,unknown,,unknown,0,0
0x002e925c,FUN_002e925c,740,1,unknown,,unknown,0,0
0x002e9540,FUN_002e9540,312,4,unknown,,unknown,0,0
0x002e9678,FUN_002e9678,1596,4,unknown,,unknown,0,0
0x002e9cb4,FUN_002e9cb4,524,2,unknown,,unknown,0,0
0x002e9fcc,FUN_002e9fcc,968,1,unknown,,unknown,0,0
0x002ea394,FUN_002ea394,180,3,unknown,,unknown,0,0
0x002ea448,FUN_002ea448,132,57,unknown,,unknown,0,0
0x002ea4cc,FUN_002ea4cc,1836,2,unknown,,unknown,0,0
0x002eabf8,FUN_002eabf8,128,5,unknown,,unknown,0,0
0x002eac78,FUN_002eac78,76,12,unknown,,unknown,0,0
0x002eb208,FUN_002eb208,312,1,unknown,,unknown,0,0
0x002eb340,FUN_002eb340,204,20,unknown,,unknown,0,0
0x002eb598,FUN_002eb598,224,20,unknown,,unknown,0,0
0x002eb678,FUN_002eb678,188,9,unknown,,unknown,0,0
0x002eb734,FUN_002eb734,520,3,unknown,,unknown,0,0
0x002eb93c,FUN_002eb93c,160,2,unknown,,unknown,0,0
0x002ebae0,FUN_002ebae0,292,4,unknown,,unknown,0,0
0x002ebca0,FUN_002ebca0,76,1,unknown,,unknown,0,0
0x002ebcec,FUN_002ebcec,96,1,unknown,,unknown,0,0
0x002ebd4c,FUN_002ebd4c,132,2,unknown,,unknown,0,0
0x002ebdd0,FUN_002ebdd0,48,2,unknown,,unknown,0,0
0x002ec0f4,FUN_002ec0f4,244,3,unknown,,unknown,0,0
0x002ec1e8,FUN_002ec1e8,1348,4,unknown,,unknown,0,0
0x002ec7c8,FUN_002ec7c8,444,5,unknown,,unknown,0,0
0x002ecf84,FUN_002ecf84,1536,1,unknown,,unknown,0,0
0x002ed5f8,FUN_002ed5f8,148,4,unknown,,unknown,0,0
0x002ed68c,FUN_002ed68c,192,1,unknown,,unknown,0,0
0x002ed8a0,FUN_002ed8a0,96,1,unknown,,unknown,0,0
0x002ed954,FUN_002ed954,220,1,unknown,,unknown,0,0
0x002eda30,FUN_002eda30,252,3,unknown,,unknown,0,0
0x002edb2c,FUN_002edb2c,136,3,unknown,,unknown,0,0
0x002edbb4,FUN_002edbb4,16,25,unknown,,unknown,0,0
0x002edbc4,FUN_002edbc4,236,2,unknown,,unknown,0,0
0x002edcb0,FUN_002edcb0,1520,1,unknown,,unknown,0,0
0x002ee2a0,FUN_002ee2a0,924,11,unknown,,unknown,0,0
0x002ee63c,FUN_002ee63c,92,3,unknown,,unknown,0,0
0x002ee698,FUN_002ee698,532,14,unknown,,unknown,0,0
0x002ee8ac,FUN_002ee8ac,2284,2,unknown,,unknown,0,0
0x002ef3a8,FUN_002ef3a8,796,5,unknown,,unknown,0,0
0x002ef6c4,FUN_002ef6c4,684,7,unknown,,unknown,0,0
0x002ef970,FUN_002ef970,984,2,unknown,,unknown,0,0
0x002efd74,FUN_002efd74,44,2,unknown,,unknown,0,0
0x002efda0,FUN_002efda0,136,8,unknown,,unknown,0,0
0x002efe28,FUN_002efe28,272,1,unknown,,unknown,0,0
0x002eff38,FUN_002eff38,540,6,unknown,,unknown,0,0
0x002f0154,FUN_002f0154,360,1,unknown,,unknown,0,0
0x002f02bc,FUN_002f02bc,52,2,unknown,,unknown,0,0
0x002f02f0,FUN_002f02f0,52,2,unknown,,unknown,0,0
0x002f03a0,FUN_002f03a0,104,6,unknown,,unknown,0,0
0x002f0408,FUN_002f0408,148,6,unknown,,unknown,0,0
0x002f04d4,FUN_002f04d4,28,6,unknown,,unknown,0,0
0x002f04f0,FUN_002f04f0,44,2,unknown,,unknown,0,0
0x002f051c,FUN_002f051c,72,1,unknown,,unknown,0,0
0x002f0564,FUN_002f0564,32,2,unknown,,unknown,0,0
0x002f0584,FUN_002f0584,228,2,unknown,,unknown,0,0
0x002f0668,FUN_002f0668,116,2,unknown,,unknown,0,0
0x002f06dc,FUN_002f06dc,364,1,unknown,,unknown,0,0
0x002f0848,FUN_002f0848,300,1,unknown,,unknown,0,0
0x002f0974,FUN_002f0974,192,1,unknown,,unknown,0,0
0x002f0a44,FUN_002f0a44,952,1,unknown,,unknown,0,0
0x002f0e20,FUN_002f0e20,36,5,unknown,,unknown,0,0
0x002f0e64,FUN_002f0e64,32,3,unknown,,unknown,0,0
0x002f0e84,FUN_002f0e84,92,4,unknown,,unknown,0,0
0x002f0ee0,FUN_002f0ee0,92,1,unknown,,unknown,0,0
0x002f0f3c,FUN_002f0f3c,884,2,unknown,,unknown,0,0
0x002f135c,FUN_002f135c,172,2,unknown,,unknown,0,0
0x002f14a0,FUN_002f14a0,152,3,unknown,,unknown,0,0
0x002f1538,FUN_002f1538,84,1,unknown,,unknown,0,0
0x002f158c,FUN_002f158c,116,2,unknown,,unknown,0,0
0x002f1600,FUN_002f1600,120,2,unknown,,unknown,0,0
0x002f1678,FUN_002f1678,116,3,unknown,,unknown,0,0
0x002f16ec,FUN_002f16ec,400,1,unknown,,unknown,0,0
0x002f187c,FUN_002f187c,524,1,unknown,,unknown,0,0
0x002f1a88,FUN_002f1a88,2280,3,unknown,,unknown,0,0
0x002f2370,FUN_002f2370,508,1,unknown,,unknown,0,0
0x002f256c,FUN_002f256c,500,1,unknown,,unknown,0,0
0x002f2760,FUN_002f2760,212,1,unknown,,unknown,0,0
0x002f2834,FUN_002f2834,500,7,unknown,,unknown,0,0
0x002f2a28,FUN_002f2a28,100,1,unknown,,unknown,0,0
0x002f2a8c,FUN_002f2a8c,748,1,unknown,,unknown,0,0
0x002f2e58,FUN_002f2e58,224,3,unknown,,unknown,0,0
0x002f2fb4,FUN_002f2fb4,124,5,unknown,,unknown,0,0
0x002f31b8,FUN_002f31b8,256,2,unknown,,unknown,0,0
0x002f32b8,FUN_002f32b8,164,5,unknown,,unknown,0,0
0x002f335c,FUN_002f335c,196,6,unknown,,unknown,0,0
0x002f3420,FUN_002f3420,196,2,unknown,,unknown,0,0
0x002f34e4,FUN_002f34e4,492,1,unknown,,unknown,0,0
0x002f36d0,FUN_002f36d0,456,4,unknown,,unknown,0,0
0x002f3898,FUN_002f3898,20,11,unknown,,unknown,0,0
0x002f38ac,FUN_002f38ac,20,3,unknown,,unknown,0,0
0x002f38c0,FUN_002f38c0,56,7,unknown,,unknown,0,0
0x002f38f8,FUN_002f38f8,108,18,unknown,,unknown,0,0
0x002f3964,FUN_002f3964,216,1,unknown,,unknown,0,0
0x002f3b0c,FUN_002f3b0c,156,7,unknown,,unknown,0,0
0x002f3ba8,FUN_002f3ba8,112,11,unknown,,unknown,0,0
0x002f3c44,FUN_002f3c44,72,1,unknown,,unknown,0,0
0x002f3c8c,FUN_002f3c8c,80,1,unknown,,unknown,0,0
0x002f3cdc,FUN_002f3cdc,112,1,unknown,,unknown,0,0
0x002f3d98,FUN_002f3d98,132,2,unknown,,unknown,0,0
0x002f3e1c,FUN_002f3e1c,180,3,unknown,,unknown,0,0
0x002f3ed0,FUN_002f3ed0,72,2,unknown,,unknown,0,0
0x002f3f18,FUN_002f3f18,424,13,unknown,,unknown,0,0
0x002f40c0,FUN_002f40c0,68,4,unknown,,unknown,0,0
0x002f4104,FUN_002f4104,88,3,unknown,,unknown,0,0
0x002f415c,FUN_002f415c,96,2,unknown,,unknown,0,0
0x002f41bc,FUN_002f41bc,256,1,unknown,,unknown,0,0
0x002f42bc,FUN_002f42bc,388,2,unknown,,unknown,0,0
0x002f4440,FUN_002f4440,68,4,unknown,,unknown,0,0
0x002f4484,FUN_002f4484,36,1,unknown,,unknown,0,0
0x002f44a8,FUN_002f44a8,36,38,unknown,,unknown,0,0
0x002f4558,FUN_002f4558,76,2,unknown,,unknown,0,0
0x002f45a4,FUN_002f45a4,104,7,unknown,,unknown,0,0
0x002f460c,FUN_002f460c,104,1,unknown,,unknown,0,0
0x002f4674,FUN_002f4674,52,3,unknown,,unknown,0,0
0x002f46a8,FUN_002f46a8,96,4,unknown,,unknown,0,0
0x002f476c,FUN_002f476c,204,13,unknown,,unknown,0,0
0x002f4838,FUN_002f4838,124,2,unknown,,unknown,0,0
0x002f48b4,FUN_002f48b4,152,5,unknown,,unknown,0,0
0x002f494c,FUN_002f494c,104,3,unknown,,unknown,0,0
0x002f49b4,FUN_002f49b4,80,13,unknown,,unknown,0,0
0x002f4a04,FUN_002f4a04,232,1,unknown,,unknown,0,0
0x002f4aec,FUN_002f4aec,68,1,unknown,,unknown,0,0
0x002f4b5c,FUN_002f4b5c,140,2,unknown,,unknown,0,0
0x002f4be8,FUN_002f4be8,300,30,unknown,,unknown,0,0
0x002f4d14,FUN_002f4d14,292,8,unknown,,unknown,0,0
0x002f4e38,FUN_002f4e38,228,14,unknown,,unknown,0,0
0x002f4f1c,FUN_002f4f1c,180,2,unknown,,unknown,0,0
0x002f4fd0,FUN_002f4fd0,1060,41,unknown,,unknown,0,0
0x002f53f4,FUN_002f53f4,2128,14,unknown,,unknown,0,0
0x002f5c44,FUN_002f5c44,240,2,unknown,,unknown,0,0
0x002f5d34,FUN_002f5d34,44,32,unknown,,unknown,0,0
0x002f5e00,FUN_002f5e00,40,6,unknown,,unknown,0,0
0x002f5e28,FUN_002f5e28,776,1,unknown,,unknown,0,0
0x002f61f8,FUN_002f61f8,120,4,unknown,,unknown,0,0
0x002f62b8,FUN_002f62b8,72,5,unknown,,unknown,0,0
0x002f6300,FUN_002f6300,104,4,unknown,,unknown,0,0
0x002f64cc,FUN_002f64cc,232,2,unknown,,unknown,0,0
0x002f6914,FUN_002f6914,304,1,unknown,,unknown,0,0
0x002f6a44,FUN_002f6a44,204,3,unknown,,unknown,0,0
0x002f6b10,FUN_002f6b10,312,1,unknown,,unknown,0,0
0x002f6c48,FUN_002f6c48,52,13,unknown,,unknown,0,0
0x002f6c7c,FUN_002f6c7c,264,2,unknown,,unknown,0,0
0x002f6d84,FUN_002f6d84,260,4,unknown,,unknown,0,0
0x002f6f9c,FUN_002f6f9c,212,3,unknown,,unknown,0,0
0x002f7070,FUN_002f7070,112,2,unknown,,unknown,0,0
0x002f70e0,FUN_002f70e0,104,5,unknown,,unknown,0,0
0x002f7148,FUN_002f7148,64,2,unknown,,unknown,0,0
0x002f72f8,FUN_002f72f8,368,2,unknown,,unknown,0,0
0x002f7468,FUN_002f7468,92,2,unknown,,unknown,0,0
0x002f74c4,FUN_002f74c4,284,2,unknown,,unknown,0,0
0x002f7660,FUN_002f7660,128,1,unknown,,unknown,0,0
0x002f76e0,FUN_002f76e0,336,1,unknown,,unknown,0,0
0x002f7830,FUN_002f7830,20,1,unknown,,unknown,0,0
0x002f7844,FUN_002f7844,96,1,unknown,,unknown,0,0
0x002f78a4,FUN_002f78a4,200,7,unknown,,unknown,0,0
0x002f7c70,FUN_002f7c70,292,1,unknown,,unknown,0,0
0x002f7db4,FUN_002f7db4,624,1,unknown,,unknown,0,0
0x002f80bc,FUN_002f80bc,916,1,unknown,,unknown,0,0
0x002f84d4,FUN_002f84d4,320,3,unknown,,unknown,0,0
0x002f8614,FUN_002f8614,36,1,unknown,,unknown,0,0
0x002f8638,FUN_002f8638,36,1,unknown,,unknown,0,0
0x002f865c,FUN_002f865c,800,1,unknown,,unknown,0,0
0x002f8a04,FUN_002f8a04,136,1,unknown,,unknown,0,0
0x002f8a8c,FUN_002f8a8c,244,3,unknown,,unknown,0,0
0x002f8b80,FUN_002f8b80,240,2,unknown,,unknown,0,0
0x002f8f50,FUN_002f8f50,132,2,unknown,,unknown,0,0
0x002f8fd4,FUN_002f8fd4,380,1,unknown,,unknown,0,0
0x002f9150,FUN_002f9150,604,2,unknown,,unknown,0,0
0x002f93ac,FUN_002f93ac,380,2,unknown,,unknown,0,0
0x002f9528,FUN_002f9528,468,1,unknown,,unknown,0,0
0x002f9748,FUN_002f9748,76,2,unknown,,unknown,0,0
0x002f97c4,FUN_002f97c4,48,5,unknown,,unknown,0,0
0x002f97f4,FUN_002f97f4,232,1,unknown,,unknown,0,0
0x002f98dc,FUN_002f98dc,176,2,unknown,,unknown,0,0
0x002f998c,FUN_002f998c,144,2,unknown,,unknown,0,0
0x002f9a1c,FUN_002f9a1c,48,1,unknown,,unknown,0,0
0x002f9a4c,FUN_002f9a4c,100,2,unknown,,unknown,0,0
0x002f9ab0,FUN_002f9ab0,108,2,unknown,,unknown,0,0
0x002f9ca8,FUN_002f9ca8,256,1,unknown,,unknown,0,0
0x002f9da8,FUN_002f9da8,36,2,unknown,,unknown,0,0
0x002f9dcc,FUN_002f9dcc,100,3,unknown,,unknown,0,0
0x002f9ed4,FUN_002f9ed4,300,6,unknown,,unknown,0,0
0x002fa000,FUN_002fa000,40,6,unknown,,unknown,0,0
0x002fa044,FUN_002fa044,28,2,unknown,,unknown,0,0
0x002fa060,FUN_002fa060,80,1,unknown,,unknown,0,0
0x002fa0b0,FUN_002fa0b0,244,5,unknown,,unknown,0,0
0x002fa1a4,FUN_002fa1a4,488,2,unknown,,unknown,0,0
0x002fa38c,FUN_002fa38c,96,5,unknown,,unknown,0,0
0x002fa3ec,FUN_002fa3ec,104,10,unknown,,unknown,0,0
0x002fa454,FUN_002fa454,920,2,unknown,,unknown,0,0
0x002fa7ec,FUN_002fa7ec,112,6,unknown,,unknown,0,0
0x002fa85c,FUN_002fa85c,116,4,unknown,,unknown,0,0
0x002fa8d0,FUN_002fa8d0,240,3,unknown,,unknown,0,0
0x002fa9c0,FUN_002fa9c0,468,2,unknown,,unknown,0,0
0x002fab94,FUN_002fab94,392,4,unknown,,unknown,0,0
0x002fad1c,FUN_002fad1c,624,3,unknown,,unknown,0,0
0x002faf8c,FUN_002faf8c,452,2,unknown,,unknown,0,0
0x002fb188,FUN_002fb188,56,1,unknown,,unknown,0,0
0x002fb210,FUN_002fb210,80,2,unknown,,unknown,0,0
0x002fb260,FUN_002fb260,272,1,unknown,,unknown,0,0
0x002fb370,FUN_002fb370,200,3,unknown,,unknown,0,0
0x002fb438,FUN_002fb438,96,1,unknown,,unknown,0,0
0x002fb498,FUN_002fb498,472,2,unknown,,unknown,0,0
0x002fb670,FUN_002fb670,1640,1,unknown,,unknown,0,0
0x002fbcd8,FUN_002fbcd8,152,1,unknown,,unknown,0,0
0x002fbd70,FUN_002fbd70,612,1,unknown,,unknown,0,0
0x002fc1e0,FUN_002fc1e0,372,5,unknown,,unknown,0,0
0x002fc388,FUN_002fc388,232,1,unknown,,unknown,0,0
0x002fc4d0,FUN_002fc4d0,208,1,unknown,,unknown,0,0
0x002fc710,FUN_002fc710,184,2,unknown,,unknown,0,0
0x002fc7c8,FUN_002fc7c8,152,2,unknown,,unknown,0,0
0x002fca6c,FUN_002fca6c,532,5,unknown,,unknown,0,0
0x002fce28,FUN_002fce28,168,3,unknown,,unknown,0,0
0x002fcf38,FUN_002fcf38,236,2,unknown,,unknown,0,0
0x002fd024,FUN_002fd024,264,1,unknown,,unknown,0,0
0x002fd284,FUN_002fd284,92,2,unknown,,unknown,0,0
0x002fd898,FUN_002fd898,128,3,unknown,,unknown,0,0
0x002fdb38,FUN_002fdb38,328,2,unknown,,unknown,0,0
0x002fdd64,FUN_002fdd64,244,1,unknown,,unknown,0,0
0x002fde58,FUN_002fde58,52,10,unknown,,unknown,0,0
0x002fde8c,FUN_002fde8c,168,4,unknown,,unknown,0,0
0x002fdf34,FUN_002fdf34,156,1,unknown,,unknown,0,0
0x002fe1a8,FUN_002fe1a8,84,4,unknown,,unknown,0,0
0x002fe1fc,FUN_002fe1fc,380,7,unknown,,unknown,0,0
0x002fe378,FUN_002fe378,1668,9,unknown,,unknown,0,0
0x002ff074,FUN_002ff074,560,1,unknown,,unknown,0,0
0x002ff2a4,FUN_002ff2a4,224,2,unknown,,unknown,0,0
0x002ff384,FUN_002ff384,684,5,unknown,,unknown,0,0
0x002ff630,FUN_002ff630,216,2,unknown,,unknown,0,0
0x002ff834,FUN_002ff834,300,2,unknown,,unknown,0,0
0x002ff9d0,FUN_002ff9d0,112,2,unknown,,unknown,0,0
0x002ffa40,FUN_002ffa40,68,1,unknown,,unknown,0,0
0x002ffab0,FUN_002ffab0,344,1,unknown,,unknown,0,0
0x002ffe54,FUN_002ffe54,180,3,unknown,,unknown,0,0
0x002fff08,FUN_002fff08,168,3,unknown,,unknown,0,0
0x002fffb0,FUN_002fffb0,120,7,unknown,,unknown,0,0
0x00300028,FUN_00300028,420,1,unknown,,unknown,0,0
0x003001cc,FUN_003001cc,240,1,unknown,,unknown,0,0
0x003007ac,FUN_003007ac,628,2,unknown,,unknown,0,0
0x00300a20,FUN_00300a20,508,2,unknown,,unknown,0,0
0x00300db8,FUN_00300db8,388,1,unknown,,unknown,0,0
0x00300f3c,FUN_00300f3c,2264,1,unknown,,unknown,0,0
0x00301814,FUN_00301814,376,3,unknown,,unknown,0,0
0x0030198c,FUN_0030198c,76,1,unknown,,unknown,0,0
0x003019d8,FUN_003019d8,152,2,unknown,,unknown,0,0
0x00301e40,FUN_00301e40,288,4,unknown,,unknown,0,0
0x003056c0,FUN_003056c0,928,1,unknown,,unknown,0,0
0x00305d10,FUN_00305d10,264,2,unknown,,unknown,0,0
0x00305e18,FUN_00305e18,420,2,unknown,,unknown,0,0
0x003067c0,FUN_003067c0,56,23,unknown,,unknown,0,0
0x00306858,FUN_00306858,508,5,unknown,,unknown,0,0
0x00306a54,FUN_00306a54,320,2,unknown,,unknown,0,0
0x00306b94,FUN_00306b94,144,1,unknown,,unknown,0,0
0x00306c24,FUN_00306c24,408,6,unknown,,unknown,0,0
0x00306dbc,FUN_00306dbc,292,1,unknown,,unknown,0,0
0x00306ee0,FUN_00306ee0,108,2,unknown,,unknown,0,0
0x00306f4c,FUN_00306f4c,164,5,unknown,,unknown,0,0
0x00307054,FUN_00307054,64,2,unknown,,unknown,0,0
0x00307094,FUN_00307094,64,1,unknown,,unknown,0,0
0x003070d4,FUN_003070d4,40,7,unknown,,unknown,0,0
0x003070fc,FUN_003070fc,40,1,unknown,,unknown,0,0
0x00307124,FUN_00307124,212,1,unknown,,unknown,0,0
0x0030725c,FUN_0030725c,80,1,unknown,,unknown,0,0
0x003072d8,FUN_003072d8,180,5,unknown,,unknown,0,0
0x003074e4,FUN_003074e4,504,5,unknown,,unknown,0,0
0x00307bd4,FUN_00307bd4,56,3,unknown,,unknown,0,0
0x00307c0c,FUN_00307c0c,48,4,unknown,,unknown,0,0
0x00307c3c,FUN_00307c3c,56,2,unknown,,unknown,0,0
0x00307c74,FUN_00307c74,84,1,unknown,,unknown,0,0
0x00307cc8,FUN_00307cc8,292,1,unknown,,unknown,0,0
0x00307dec,FUN_00307dec,96,6,unknown,,unknown,0,0
0x00307f28,FUN_00307f28,140,1,unknown,,unknown,0,0
0x00308184,FUN_00308184,48,4,unknown,,unknown,0,0
0x003084bc,FUN_003084bc,308,1,unknown,,unknown,0,0
0x003086a4,FUN_003086a4,352,4,unknown,,unknown,0,0
0x00308804,FUN_00308804,192,2,unknown,,unknown,0,0
0x00309580,FUN_00309580,36,5,unknown,,unknown,0,0
0x0030962c,FUN_0030962c,492,4,unknown,,unknown,0,0
0x00309818,FUN_00309818,728,2,unknown,,unknown,0,0
0x00309af0,FUN_00309af0,480,1,unknown,,unknown,0,0
0x0030bf10,FUN_0030bf10,160,1,unknown,,unknown,0,0
0x0030c0b0,FUN_0030c0b0,208,2,unknown,,unknown,0,0
0x0030c1b8,FUN_0030c1b8,176,1,unknown,,unknown,0,0
0x0030c40c,FUN_0030c40c,920,2,unknown,,unknown,0,0
0x0030c7a4,FUN_0030c7a4,492,1,unknown,,unknown,0,0
0x0030c9f4,FUN_0030c9f4,216,3,unknown,,unknown,0,0
0x0030cacc,FUN_0030cacc,208,3,unknown,,unknown,0,0
0x0030cb9c,FUN_0030cb9c,84,4,unknown,,unknown,0,0
0x0030cbf0,FUN_0030cbf0,84,7,unknown,,unknown,0,0
0x0030cc44,FUN_0030cc44,452,1,unknown,,unknown,0,0
0x0030ce08,FUN_0030ce08,472,1,unknown,,unknown,0,0
0x0030cfe0,FUN_0030cfe0,700,3,unknown,,unknown,0,0
0x0030d29c,FUN_0030d29c,360,1,unknown,,unknown,0,0
0x0030d404,FUN_0030d404,188,1,unknown,,unknown,0,0
0x0030d51c,FUN_0030d51c,256,1,unknown,,unknown,0,0
0x0030ebd0,FUN_0030ebd0,720,1,unknown,,unknown,0,0
0x0030fdc4,FUN_0030fdc4,252,2,unknown,,unknown,0,0
0x0030fec0,FUN_0030fec0,292,5,unknown,,unknown,0,0
0x0030ffe4,FUN_0030ffe4,1704,1,unknown,,unknown,0,0
0x00310d08,FUN_00310d08,48,4,unknown,,unknown,0,0
0x00310d58,FUN_00310d58,32,5,unknown,,unknown,0,0
0x00310d78,FUN_00310d78,20,6,unknown,,unknown,0,0
0x00310dd4,FUN_00310dd4,608,2,unknown,,unknown,0,0
0x00311034,FUN_00311034,256,2,unknown,,unknown,0,0
0x00311134,FUN_00311134,140,1,unknown,,unknown,0,0
0x003111c0,FUN_003111c0,116,1,unknown,,unknown,0,0
0x00311234,FUN_00311234,84,5,unknown,,unknown,0,0
0x00311288,FUN_00311288,272,1,unknown,,unknown,0,0
0x00311398,FUN_00311398,176,2,unknown,,unknown,0,0
0x00311448,FUN_00311448,184,1,unknown,,unknown,0,0
0x00311500,FUN_00311500,328,2,unknown,,unknown,0,0
0x00311648,FUN_00311648,328,2,unknown,,unknown,0,0
0x00311790,FUN_00311790,144,8,unknown,,unknown,0,0
0x00311994,FUN_00311994,336,1,unknown,,unknown,0,0
0x00311ae4,FUN_00311ae4,32,2,unknown,,unknown,0,0
0x00311d4c,FUN_00311d4c,184,3,unknown,,unknown,0,0
0x00311e04,FUN_00311e04,188,1,unknown,,unknown,0,0
0x00311fa0,FUN_00311fa0,272,1,unknown,,unknown,0,0
0x003120b0,FUN_003120b0,368,1,unknown,,unknown,0,0
0x00312220,FUN_00312220,300,1,unknown,,unknown,0,0
0x003124a4,FUN_003124a4,600,1,unknown,,unknown,0,0
0x003126fc,FUN_003126fc,472,1,unknown,,unknown,0,0
0x003128d4,FUN_003128d4,256,1,unknown,,unknown,0,0
0x003129d4,FUN_003129d4,176,1,unknown,,unknown,0,0
0x00312c48,FUN_00312c48,168,1,unknown,,unknown,0,0
0x00312cf0,FUN_00312cf0,180,1,unknown,,unknown,0,0
0x00312da4,FUN_00312da4,1180,1,unknown,,unknown,0,0
0x00313240,FUN_00313240,1008,1,unknown,,unknown,0,0
0x00313630,FUN_00313630,996,1,unknown,,unknown,0,0
0x00313a14,FUN_00313a14,880,1,unknown,,unknown,0,0
0x00313d84,FUN_00313d84,408,1,unknown,,unknown,0,0
0x00313f1c,FUN_00313f1c,696,1,unknown,,unknown,0,0
0x003141d4,FUN_003141d4,280,1,unknown,,unknown,0,0
0x003144e0,FUN_003144e0,300,1,unknown,,unknown,0,0
0x0031460c,FUN_0031460c,448,3,unknown,,unknown,0,0
0x003147cc,FUN_003147cc,260,1,unknown,,unknown,0,0
0x00314dbc,FUN_00314dbc,48,1,unknown,,unknown,0,0
0x00314dec,FUN_00314dec,200,1,unknown,,unknown,0,0
0x00314f0c,FUN_00314f0c,16,2,unknown,,unknown,0,0
0x00314f1c,FUN_00314f1c,204,1,unknown,,unknown,0,0
0x00314ffc,FUN_00314ffc,224,1,unknown,,unknown,0,0
0x003150dc,FUN_003150dc,620,1,unknown,,unknown,0,0
0x003155c0,FUN_003155c0,152,1,unknown,,unknown,0,0
0x003157d4,FUN_003157d4,240,1,unknown,,unknown,0,0
0x00315f88,FUN_00315f88,764,1,unknown,,unknown,0,0
0x00316284,FUN_00316284,12,2,unknown,,unknown,0,0
0x00316290,FUN_00316290,484,4,unknown,,unknown,0,0
0x00316474,FUN_00316474,276,2,unknown,,unknown,0,0
0x00316588,FUN_00316588,332,1,unknown,,unknown,0,0
0x003166d4,FUN_003166d4,348,1,unknown,,unknown,0,0
0x00316c68,FUN_00316c68,300,2,unknown,,unknown,0,0
0x00316d94,FUN_00316d94,304,2,unknown,,unknown,0,0
0x003172b0,FUN_003172b0,444,1,unknown,,unknown,0,0
0x003174d4,FUN_003174d4,332,1,unknown,,unknown,0,0
0x00317620,FUN_00317620,96,3,unknown,,unknown,0,0
0x00317680,FUN_00317680,64,4,unknown,,unknown,0,0
0x003176c0,FUN_003176c0,12,1,unknown,,unknown,0,0
0x003176cc,FUN_003176cc,12,1,unknown,,unknown,0,0
0x003176d8,FUN_003176d8,16,1,unknown,,unknown,0,0
0x003176e8,FUN_003176e8,28,2,unknown,,unknown,0,0
0x00317704,FUN_00317704,28,1,unknown,,unknown,0,0
0x00317720,FUN_00317720,96,2,unknown,,unknown,0,0
0x00317780,FUN_00317780,24,7,unknown,,unknown,0,0
0x00317798,FUN_00317798,28,1,unknown,,unknown,0,0
0x003177b4,FUN_003177b4,120,3,unknown,,unknown,0,0
0x0031785c,FUN_0031785c,40,3,unknown,,unknown,0,0
0x003179f0,FUN_003179f0,196,1,unknown,,unknown,0,0
0x00317ab4,FUN_00317ab4,172,4,unknown,,unknown,0,0
0x00317b60,FUN_00317b60,136,3,unknown,,unknown,0,0
0x00317be8,FUN_00317be8,176,4,unknown,,unknown,0,0
0x00317c98,FUN_00317c98,160,2,unknown,,unknown,0,0
0x00317ea0,FUN_00317ea0,36,10,unknown,,unknown,0,0
0x00317ec4,FUN_00317ec4,92,4,unknown,,unknown,0,0
0x00317f20,FUN_00317f20,40,17,unknown,,unknown,0,0
0x00317f48,FUN_00317f48,104,3,unknown,,unknown,0,0
0x00317fb0,FUN_00317fb0,24,6,unknown,,unknown,0,0
0x00318030,FUN_00318030,188,1,unknown,,unknown,0,0
0x00318124,FUN_00318124,56,10,unknown,,unknown,0,0
0x0031815c,FUN_0031815c,56,14,unknown,,unknown,0,0
0x0031820c,FUN_0031820c,76,4,unknown,,unknown,0,0
0x00318258,FUN_00318258,84,1,unknown,,unknown,0,0
0x003182ac,FUN_003182ac,480,2,unknown,,unknown,0,0
0x0031848c,FUN_0031848c,136,5,unknown,,unknown,0,0
0x00318514,FUN_00318514,212,1,unknown,,unknown,0,0
0x00318694,FUN_00318694,16,1,unknown,,unknown,0,0
0x003186a4,FUN_003186a4,52,2,unknown,,unknown,0,0
0x00318718,FUN_00318718,32,17,unknown,,unknown,0,0
0x00318738,FUN_00318738,48,1,unknown,,unknown,0,0
0x00318768,FUN_00318768,96,1,unknown,,unknown,0,0
0x003187c8,FUN_003187c8,28,1,unknown,,unknown,0,0
0x003187e4,FUN_003187e4,584,4,unknown,,unknown,0,0
0x00318a2c,FUN_00318a2c,1344,2,unknown,,unknown,0,0
0x00318f6c,FUN_00318f6c,152,2,unknown,,unknown,0,0
0x00319004,FUN_00319004,604,1,unknown,,unknown,0,0
0x00319260,FUN_00319260,444,1,unknown,,unknown,0,0
0x0031941c,FUN_0031941c,752,4,unknown,,unknown,0,0
0x0031970c,FUN_0031970c,280,4,unknown,,unknown,0,0
0x0031988c,FUN_0031988c,216,1,unknown,,unknown,0,0
0x00319964,FUN_00319964,116,1,unknown,,unknown,0,0
0x003199d8,FUN_003199d8,116,2,unknown,,unknown,0,0
0x00319c6c,FUN_00319c6c,460,5,unknown,,unknown,0,0
0x00319e38,FUN_00319e38,264,2,unknown,,unknown,0,0
0x0031a048,FUN_0031a048,40,7,unknown,,unknown,0,0
0x0031a070,FUN_0031a070,192,1,unknown,,unknown,0,0
0x0031a130,FUN_0031a130,140,2,unknown,,unknown,0,0
0x0031a1bc,FUN_0031a1bc,76,3,unknown,,unknown,0,0
0x0031a208,FUN_0031a208,64,3,unknown,,unknown,0,0
0x0031a2fc,FUN_0031a2fc,248,2,unknown,,unknown,0,0
0x0031a3f4,FUN_0031a3f4,116,7,unknown,,unknown,0,0
0x0031a578,FUN_0031a578,144,3,unknown,,unknown,0,0
0x0031a608,FUN_0031a608,80,1,unknown,,unknown,0,0
0x0031a658,FUN_0031a658,100,1,unknown,,unknown,0,0
0x0031a6bc,FUN_0031a6bc,100,1,unknown,,unknown,0,0
0x0031a720,FUN_0031a720,92,2,unknown,,unknown,0,0
0x0031aa98,FUN_0031aa98,264,1,unknown,,unknown,0,0
0x0031aba0,FUN_0031aba0,360,1,unknown,,unknown,0,0
0x0031b0a4,FUN_0031b0a4,508,1,unknown,,unknown,0,0
0x0031b3ac,FUN_0031b3ac,244,1,unknown,,unknown,0,0
0x0031b6a8,FUN_0031b6a8,812,2,unknown,,unknown,0,0
0x0031b9d4,FUN_0031b9d4,432,8,unknown,,unknown,0,0
0x0031bb84,FUN_0031bb84,332,3,unknown,,unknown,0,0
0x0031bcd0,FUN_0031bcd0,196,1,unknown,,unknown,0,0
0x0031c2e4,FUN_0031c2e4,144,1,unknown,,unknown,0,0
0x0031c374,FUN_0031c374,328,1,unknown,,unknown,0,0
0x0031c4bc,FUN_0031c4bc,300,1,unknown,,unknown,0,0
0x0031c5e8,FUN_0031c5e8,252,1,unknown,,unknown,0,0
0x0031c6e4,FUN_0031c6e4,188,1,unknown,,unknown,0,0
0x0031cb58,FUN_0031cb58,364,1,unknown,,unknown,0,0
0x0031d1f0,FUN_0031d1f0,2172,1,unknown,,unknown,0,0
0x0031da6c,FUN_0031da6c,2168,1,unknown,,unknown,0,0
0x0031e2e4,FUN_0031e2e4,1036,1,unknown,,unknown,0,0
0x0031e6f0,FUN_0031e6f0,340,1,unknown,,unknown,0,0
0x0031e844,FUN_0031e844,1092,1,unknown,,unknown,0,0
0x0031ec88,FUN_0031ec88,388,1,unknown,,unknown,0,0
0x00320050,FUN_00320050,184,1,unknown,,unknown,0,0
0x00320108,FUN_00320108,360,1,unknown,,unknown,0,0
0x00320270,FUN_00320270,656,1,unknown,,unknown,0,0
0x00320500,FUN_00320500,84,1,unknown,,unknown,0,0
0x00320554,FUN_00320554,32,1,unknown,,unknown,0,0
0x00320574,FUN_00320574,796,1,unknown,,unknown,0,0
0x00320890,FUN_00320890,272,2,unknown,,unknown,0,0
0x00320a18,FUN_00320a18,120,2,unknown,,unknown,0,0
0x00320a90,FUN_00320a90,408,3,unknown,,unknown,0,0
0x00320c28,FUN_00320c28,140,1,unknown,,unknown,0,0
0x00320d50,FUN_00320d50,760,1,unknown,,unknown,0,0
0x00321048,FUN_00321048,632,1,unknown,,unknown,0,0
0x00321584,FUN_00321584,200,1,unknown,,unknown,0,0
0x0032164c,FUN_0032164c,20,1,unknown,,unknown,0,0
0x00321660,FUN_00321660,24,1,unknown,,unknown,0,0
0x00321678,FUN_00321678,144,1,unknown,,unknown,0,0
0x00321708,FUN_00321708,80,1,unknown,,unknown,0,0
0x00321758,FUN_00321758,188,1,unknown,,unknown,0,0
0x00321814,FUN_00321814,296,1,unknown,,unknown,0,0
0x0032193c,FUN_0032193c,652,1,unknown,,unknown,0,0
0x00321bc8,FUN_00321bc8,452,2,unknown,,unknown,0,0
0x00321d8c,FUN_00321d8c,372,6,unknown,,unknown,0,0
0x00322040,FUN_00322040,720,5,unknown,,unknown,0,0
0x003223a0,FUN_003223a0,100,4,unknown,,unknown,0,0
0x00322d4c,FUN_00322d4c,2180,1,unknown,,unknown,0,0
0x003235d0,FUN_003235d0,1320,7,unknown,,unknown,0,0
0x00323af8,FUN_00323af8,288,1,unknown,,unknown,0,0
0x00323fc4,FUN_00323fc4,336,10,unknown,,unknown,0,0
0x00324114,FUN_00324114,1492,2,unknown,,unknown,0,0
0x003246e8,FUN_003246e8,520,1,unknown,,unknown,0,0
0x003248f0,FUN_003248f0,64,1,unknown,,unknown,0,0
0x00324930,FUN_00324930,56,1,unknown,,unknown,0,0
0x00326234,FUN_00326234,1080,2,unknown,,unknown,0,0
0x00326ae8,FUN_00326ae8,204,1,unknown,,unknown,0,0
0x00326c90,FUN_00326c90,88,1,unknown,,unknown,0,0
0x00326ce8,FUN_00326ce8,160,2,unknown,,unknown,0,0
0x00326d88,FUN_00326d88,96,1,unknown,,unknown,0,0
0x00326de8,FUN_00326de8,196,2,unknown,,unknown,0,0
0x00326f60,FUN_00326f60,28,1,unknown,,unknown,0,0
0x00326f7c,FUN_00326f7c,104,7,unknown,,unknown,0,0
0x00326fe4,FUN_00326fe4,500,5,unknown,,unknown,0,0
0x003271d8,FUN_003271d8,168,15,unknown,,unknown,0,0
0x00327454,FUN_00327454,148,1,unknown,,unknown,0,0
0x003274e8,FUN_003274e8,144,6,unknown,,unknown,0,0
0x00327678,FUN_00327678,164,4,unknown,,unknown,0,0
0x00327828,FUN_00327828,60,1,unknown,,unknown,0,0
0x00327864,FUN_00327864,60,1,unknown,,unknown,0,0
0x003278a0,FUN_003278a0,40,1,unknown,,unknown,0,0
0x003278c8,FUN_003278c8,40,5,unknown,,unknown,0,0
0x003278f0,FUN_003278f0,32,19,unknown,,unknown,0,0
0x00327910,FUN_00327910,44,17,unknown,,unknown,0,0
0x0032793c,FUN_0032793c,204,313,unknown,,unknown,0,0
0x00327a08,FUN_00327a08,904,1,unknown,,unknown,0,0
0x0032883c,FUN_0032883c,400,1,unknown,,unknown,0,0
0x003289cc,FUN_003289cc,528,2,unknown,,unknown,0,0
0x00328bdc,FUN_00328bdc,272,2,unknown,,unknown,0,0
0x00328cec,FUN_00328cec,372,4,unknown,,unknown,0,0
0x00328e60,FUN_00328e60,128,1,unknown,,unknown,0,0
0x00328ee0,FUN_00328ee0,336,1,unknown,,unknown,0,0
0x00329030,FUN_00329030,100,1,unknown,,unknown,0,0
0x00329094,FUN_00329094,156,9,unknown,,unknown,0,0
0x00329130,FUN_00329130,608,1,unknown,,unknown,0,0
0x00329390,FUN_00329390,24,1,unknown,,unknown,0,0
0x003293a8,FUN_003293a8,160,1,unknown,,unknown,0,0
0x00329448,FUN_00329448,24,1,unknown,,unknown,0,0
0x00329460,FUN_00329460,112,1,unknown,,unknown,0,0
0x003294d0,FUN_003294d0,160,1,unknown,,unknown,0,0
0x00329570,FUN_00329570,24,1,unknown,,unknown,0,0
0x00329588,FUN_00329588,244,1,unknown,,unknown,0,0
0x0032967c,FUN_0032967c,84,1,unknown,,unknown,0,0
0x003296d0,FUN_003296d0,660,1,unknown,,unknown,0,0
0x00329964,FUN_00329964,224,1,unknown,,unknown,0,0
0x00329a44,FUN_00329a44,484,1,unknown,,unknown,0,0
0x00329c28,FUN_00329c28,128,1,unknown,,unknown,0,0
0x00329ca8,FUN_00329ca8,484,1,unknown,,unknown,0,0
0x00329e8c,FUN_00329e8c,152,1,unknown,,unknown,0,0
0x00329f24,FUN_00329f24,220,1,unknown,,unknown,0,0
0x0032a000,FUN_0032a000,24,1,unknown,,unknown,0,0
0x0032a018,FUN_0032a018,20,1,unknown,,unknown,0,0
0x0032a02c,FUN_0032a02c,20,1,unknown,,unknown,0,0
0x0032a040,FUN_0032a040,148,1,unknown,,unknown,0,0
0x0032a0d4,FUN_0032a0d4,308,1,unknown,,unknown,0,0
0x0032a208,FUN_0032a208,236,1,unknown,,unknown,0,0
0x0032a2f4,FUN_0032a2f4,244,1,unknown,,unknown,0,0
0x0032a3e8,FUN_0032a3e8,160,1,unknown,,unknown,0,0
0x0032a488,FUN_0032a488,236,1,unknown,,unknown,0,0
0x0032a574,FUN_0032a574,172,1,unknown,,unknown,0,0
0x0032a620,FUN_0032a620,168,1,unknown,,unknown,0,0
0x0032a6c8,FUN_0032a6c8,396,1,unknown,,unknown,0,0
0x0032a854,FUN_0032a854,300,1,unknown,,unknown,0,0
0x0032a980,FUN_0032a980,572,1,unknown,,unknown,0,0
0x0032abbc,FUN_0032abbc,192,1,unknown,,unknown,0,0
0x0032ac7c,FUN_0032ac7c,288,1,unknown,,unknown,0,0
0x0032ad9c,FUN_0032ad9c,784,1,unknown,,unknown,0,0
0x0032b0ac,FUN_0032b0ac,252,1,unknown,,unknown,0,0
0x0032b1a8,FUN_0032b1a8,428,1,unknown,,unknown,0,0
0x0032b354,FUN_0032b354,1080,3,unknown,,unknown,0,0
0x0032b78c,FUN_0032b78c,840,1,unknown,,unknown,0,0
0x0032bad4,FUN_0032bad4,1056,1,unknown,,unknown,0,0
0x0032bef4,FUN_0032bef4,464,1,unknown,,unknown,0,0
0x0032c35c,FUN_0032c35c,520,2,unknown,,unknown,0,0
0x0032c714,FUN_0032c714,1224,1,unknown,,unknown,0,0
0x0032cbdc,FUN_0032cbdc,104,2,unknown,,unknown,0,0
0x0032cc44,FUN_0032cc44,172,7,unknown,,unknown,0,0
0x0032ccf0,FUN_0032ccf0,260,3,unknown,,unknown,0,0
0x0032cdf4,FUN_0032cdf4,72,1,unknown,,unknown,0,0
0x0032ce3c,FUN_0032ce3c,56,4,unknown,,unknown,0,0
0x0032ce74,FUN_0032ce74,56,5,unknown,,unknown,0,0
0x0032ceac,FUN_0032ceac,40,8,unknown,,unknown,0,0
0x0032ced4,FUN_0032ced4,240,2,unknown,,unknown,0,0
0x0032cfc4,FUN_0032cfc4,336,1,unknown,,unknown,0,0
0x0032d114,FUN_0032d114,712,2,unknown,,unknown,0,0
0x0032d3dc,FUN_0032d3dc,684,1,unknown,,unknown,0,0
0x0032d688,FUN_0032d688,992,1,unknown,,unknown,0,0
0x0032da68,FUN_0032da68,540,1,unknown,,unknown,0,0
0x0032dc84,FUN_0032dc84,32,3,unknown,,unknown,0,0
0x0032dca4,FUN_0032dca4,332,4,unknown,,unknown,0,0
0x0032ddf0,FUN_0032ddf0,444,1,unknown,,unknown,0,0
0x0032dfac,FUN_0032dfac,388,2,unknown,,unknown,0,0
0x0032e130,FUN_0032e130,84,1,unknown,,unknown,0,0
0x0032e184,FUN_0032e184,260,3,unknown,,unknown,0,0
0x0032e288,FUN_0032e288,388,1,unknown,,unknown,0,0
0x0032e40c,FUN_0032e40c,348,1,unknown,,unknown,0,0
0x0032e568,FUN_0032e568,456,1,unknown,,unknown,0,0
0x0032e730,FUN_0032e730,300,2,unknown,,unknown,0,0
0x0032e85c,FUN_0032e85c,900,1,unknown,,unknown,0,0
0x0032ebe0,FUN_0032ebe0,952,2,unknown,,unknown,0,0
0x0032ef98,FUN_0032ef98,228,1,unknown,,unknown,0,0
0x0032f07c,FUN_0032f07c,916,3,openssl,,callgraph,2,0
0x0032f410,FUN_0032f410,920,6,openssl,,callgraph,2,0
0x0032f7a8,FUN_0032f7a8,460,4,openssl,,callgraph,2,0
0x0032f974,FUN_0032f974,1824,1,unknown,,unknown,0,0
0x00330094,FUN_00330094,3908,2,openssl,,string-flavor,2,0
0x00330fd8,FUN_00330fd8,3660,1,openssl,,string-flavor,2,0
0x00331e24,FUN_00331e24,2004,1,unknown,,unknown,0,0
0x003325f8,FUN_003325f8,5104,1,openssl,,string-flavor,2,0
0x003339e8,FUN_003339e8,1680,1,openssl,,string-flavor,2,0
0x00334078,FUN_00334078,232,1,unknown,,unknown,0,0
0x00334160,FUN_00334160,104,1,unknown,,unknown,0,0
0x00334334,FUN_00334334,208,1,unknown,,unknown,0,0
0x00334404,FUN_00334404,876,1,unknown,,unknown,0,0
0x00334770,FUN_00334770,140,3,unknown,,unknown,0,0
0x003347fc,FUN_003347fc,504,1,unknown,,unknown,0,0
0x003349f4,FUN_003349f4,108,7,unknown,,unknown,0,0
0x00334a60,FUN_00334a60,356,7,unknown,,unknown,0,0
0x00334bc4,FUN_00334bc4,572,1,unknown,,unknown,0,0
0x00334e00,FUN_00334e00,272,2,unknown,,unknown,0,0
0x00334f10,FUN_00334f10,128,2,unknown,,unknown,0,0
0x00334f90,FUN_00334f90,260,5,unknown,,unknown,0,0
0x00335094,FUN_00335094,244,1,unknown,,unknown,0,0
0x00335188,FUN_00335188,244,5,unknown,,unknown,0,0
0x0033527c,FUN_0033527c,212,1,openssl,,string-flavor,2,0
0x00335350,FUN_00335350,200,1,unknown,,unknown,0,0
0x00335418,FUN_00335418,444,2,unknown,,unknown,0,0
0x003355d4,FUN_003355d4,2524,1,unknown,,unknown,0,0
0x00335fb0,FUN_00335fb0,84,2,unknown,,unknown,0,0
0x00336004,FUN_00336004,264,6,unknown,,unknown,0,0
0x0033610c,FUN_0033610c,404,3,unknown,,unknown,0,0
0x003362a0,FUN_003362a0,224,3,unknown,,unknown,0,0
0x00336380,FUN_00336380,212,21,unknown,,unknown,0,0
0x00336454,FUN_00336454,32,2,unknown,,unknown,0,0
0x00336474,FUN_00336474,108,1,unknown,,unknown,0,0
0x003364e0,FUN_003364e0,152,2,unknown,,unknown,0,0
0x00336578,FUN_00336578,88,4,unknown,,unknown,0,0
0x003365d0,FUN_003365d0,68,2,unknown,,unknown,0,0
0x00336614,FUN_00336614,116,2,unknown,,unknown,0,0
0x00336688,FUN_00336688,484,3,unknown,,unknown,0,0
0x0033686c,FUN_0033686c,200,2,unknown,,unknown,0,0
0x00336934,FUN_00336934,184,2,unknown,,unknown,0,0
0x003369ec,FUN_003369ec,1320,5,unknown,,unknown,0,0
0x00336f14,FUN_00336f14,56,2,unknown,,unknown,0,0
0x00336f4c,FUN_00336f4c,104,13,unknown,,unknown,0,0
0x00336fb4,FUN_00336fb4,40,1,unknown,,unknown,0,0
0x00336fdc,FUN_00336fdc,404,2,unknown,,unknown,0,0
0x00337170,FUN_00337170,80,4,unknown,,unknown,0,0
0x003371c0,FUN_003371c0,60,1,unknown,,unknown,0,0
0x003371fc,FUN_003371fc,604,1,unknown,,unknown,0,0
0x00337458,FUN_00337458,64,1,unknown,,unknown,0,0
0x00337498,FUN_00337498,300,7,unknown,,unknown,0,0
0x003375c4,FUN_003375c4,332,7,unknown,,unknown,0,0
0x00337710,FUN_00337710,388,3,unknown,,unknown,0,0
0x00337894,FUN_00337894,96,4,unknown,,unknown,0,0
0x00337f5c,FUN_00337f5c,116,6,unknown,,unknown,0,0
0x00337fd0,FUN_00337fd0,104,22,unknown,,unknown,0,0
0x00338038,FUN_00338038,80,9,unknown,,unknown,0,0
0x00338088,FUN_00338088,44,1,unknown,,unknown,0,0
0x003380b4,FUN_003380b4,188,14,unknown,,unknown,0,0
0x00338170,FUN_00338170,84,2,unknown,,unknown,0,0
0x003381c4,FUN_003381c4,152,2,unknown,,unknown,0,0
0x0033825c,FUN_0033825c,92,1,unknown,,unknown,0,0
0x003382b8,FUN_003382b8,196,4,unknown,,unknown,0,0
0x0033837c,FUN_0033837c,388,2,unknown,,unknown,0,0
0x00338500,FUN_00338500,500,2,unknown,,unknown,0,0
0x003386f4,FUN_003386f4,16,2,unknown,,unknown,0,0
0x00338704,FUN_00338704,144,1,unknown,,unknown,0,0
0x00338794,FUN_00338794,420,3,unknown,,unknown,0,0
0x00338938,FUN_00338938,4556,1,unknown,,unknown,0,0
0x00339b04,FUN_00339b04,2956,1,unknown,,unknown,0,0
0x0033a690,FUN_0033a690,700,2,unknown,,unknown,0,0
0x0033b180,FUN_0033b180,56,6,openssl,,callgraph,2,0
0x0033b1b8,FUN_0033b1b8,788,2,unknown,,unknown,0,0
0x0033b4cc,FUN_0033b4cc,124,1,unknown,,unknown,0,0
0x0033b548,FUN_0033b548,508,1,unknown,,unknown,0,0
0x0033b744,FUN_0033b744,224,1,unknown,,unknown,0,0
0x0033b824,FUN_0033b824,248,1,unknown,,unknown,0,0
0x0033ba7c,FUN_0033ba7c,156,1,unknown,,unknown,0,0
0x0033bb18,FUN_0033bb18,940,1,unknown,,unknown,0,0
0x0033cce0,FUN_0033cce0,164,1,unknown,,unknown,0,0
0x0033cd84,FUN_0033cd84,232,5,unknown,,unknown,0,0
0x0033ce6c,FUN_0033ce6c,244,4,unknown,,unknown,0,0
0x0033cf60,FUN_0033cf60,164,4,unknown,,unknown,0,0
0x0033d004,FUN_0033d004,620,1,unknown,,unknown,0,0
0x0033d270,FUN_0033d270,188,1,unknown,,unknown,0,0
0x0033d32c,FUN_0033d32c,204,1,unknown,,unknown,0,0
0x0033d3f8,FUN_0033d3f8,212,1,unknown,,unknown,0,0
0x0033d4cc,FUN_0033d4cc,272,1,unknown,,unknown,0,0
0x0033dbe8,FUN_0033dbe8,184,9,unknown,,unknown,0,0
0x0033dca0,FUN_0033dca0,156,8,unknown,,unknown,0,0
0x0033dd3c,FUN_0033dd3c,124,1,unknown,,unknown,0,0
0x0033ddb8,FUN_0033ddb8,124,1,unknown,,unknown,0,0
0x0033de34,FUN_0033de34,136,2,unknown,,unknown,0,0
0x0033debc,FUN_0033debc,124,1,unknown,,unknown,0,0
0x0033df38,FUN_0033df38,304,1,unknown,,unknown,0,0
0x0033e068,FUN_0033e068,144,2,unknown,,unknown,0,0
0x0033e0f8,FUN_0033e0f8,116,1,unknown,,unknown,0,0
0x0033e1e8,FUN_0033e1e8,304,1,unknown,,unknown,0,0
0x0033e318,FUN_0033e318,156,3,unknown,,unknown,0,0
0x0033e3b4,FUN_0033e3b4,240,3,unknown,,unknown,0,0
0x0033e4a4,FUN_0033e4a4,156,3,unknown,,unknown,0,0
0x0033e540,FUN_0033e540,124,1,unknown,,unknown,0,0
0x0033e5bc,FUN_0033e5bc,248,1,unknown,,unknown,0,0
0x0033e6b4,FUN_0033e6b4,132,3,unknown,,unknown,0,0
0x0033e738,FUN_0033e738,132,13,unknown,,unknown,0,0
0x0033e7bc,FUN_0033e7bc,132,4,unknown,,unknown,0,0
0x0033e840,FUN_0033e840,160,1,unknown,,unknown,0,0
0x0033e8e0,FUN_0033e8e0,464,4,unknown,,unknown,0,0
0x0033eab0,FUN_0033eab0,512,6,unknown,,unknown,0,0
0x0033ecb0,FUN_0033ecb0,304,1,unknown,,unknown,0,0
0x0033ede0,FUN_0033ede0,284,1,unknown,,unknown,0,0
0x0033eefc,FUN_0033eefc,408,1,unknown,,unknown,0,0
0x00340418,FUN_00340418,148,1,unknown,,unknown,0,0
0x003404ac,FUN_003404ac,664,1,unknown,,unknown,0,0
0x00341124,FUN_00341124,148,1,unknown,,unknown,0,0
0x003411b8,FUN_003411b8,408,1,unknown,,unknown,0,0
0x00342678,FUN_00342678,144,1,unknown,,unknown,0,0
0x00342708,FUN_00342708,200,1,unknown,,unknown,0,0
0x00342904,FUN_00342904,16,1,unknown,,unknown,0,0
0x00342914,FUN_00342914,140,1,unknown,,unknown,0,0
0x003429a0,FUN_003429a0,92,1,unknown,,unknown,0,0
0x003429fc,FUN_003429fc,44,1,unknown,,unknown,0,0
0x00342a28,FUN_00342a28,248,1,unknown,,unknown,0,0
0x003431e4,FUN_003431e4,368,1,unknown,,unknown,0,0
0x00343354,FUN_00343354,148,1,unknown,,unknown,0,0
0x003433e8,FUN_003433e8,148,1,unknown,,unknown,0,0
0x003434e8,FUN_003434e8,448,2,unknown,,unknown,0,0
0x00343d40,FUN_00343d40,388,1,unknown,,unknown,0,0
0x00343f74,FUN_00343f74,224,2,unknown,,unknown,0,0
0x0034409c,FUN_0034409c,208,2,unknown,,unknown,0,0
0x0034416c,FUN_0034416c,88,1,unknown,,unknown,0,0
0x003441c4,FUN_003441c4,104,1,unknown,,unknown,0,0
0x0034422c,FUN_0034422c,220,2,unknown,,unknown,0,0
0x00345b98,FUN_00345b98,384,1,unknown,,unknown,0,0
0x00345d18,FUN_00345d18,148,1,unknown,,unknown,0,0
0x00346728,FUN_00346728,188,1,unknown,,unknown,0,0
0x003467e4,FUN_003467e4,780,2,unknown,,unknown,0,0
0x0034792c,FUN_0034792c,304,1,unknown,,unknown,0,0
0x00347a5c,FUN_00347a5c,212,4,unknown,,unknown,0,0
0x00347b30,FUN_00347b30,1552,1,unknown,,unknown,0,0
0x00348140,FUN_00348140,136,1,unknown,,unknown,0,0
0x003481c8,FUN_003481c8,28,1,unknown,,unknown,0,0
0x003481e4,FUN_003481e4,20,1,unknown,,unknown,0,0
0x00348254,FUN_00348254,132,2,unknown,,unknown,0,0
0x003482d8,FUN_003482d8,172,2,unknown,,unknown,0,0
0x003484ec,FUN_003484ec,16,1,unknown,,unknown,0,0
0x0034850c,FUN_0034850c,440,1,unknown,,unknown,0,0
0x003486c4,FUN_003486c4,2100,1,unknown,,unknown,0,0
0x00348ef8,FUN_00348ef8,128,2,unknown,,unknown,0,0
0x00348f78,FUN_00348f78,288,1,unknown,,unknown,0,0
0x00349098,FUN_00349098,196,1,unknown,,unknown,0,0
0x00349554,FUN_00349554,336,1,unknown,,unknown,0,0
0x00349c20,FUN_00349c20,352,1,unknown,,unknown,0,0
0x0034a010,FUN_0034a010,304,1,unknown,,unknown,0,0
0x0034a3d4,FUN_0034a3d4,288,2,unknown,,unknown,0,0
0x0034a4f4,FUN_0034a4f4,76,111,unknown,,unknown,0,0
0x0034a540,FUN_0034a540,564,2,unknown,,unknown,0,0
0x0034a774,FUN_0034a774,116,1,unknown,,unknown,0,0
0x0034a7e8,FUN_0034a7e8,112,1,unknown,,unknown,0,0
0x0034a858,FUN_0034a858,48,1,unknown,,unknown,0,0
0x0034a888,FUN_0034a888,52,1,unknown,,unknown,0,0
0x0034a8bc,FUN_0034a8bc,108,1,unknown,,unknown,0,0
0x0034a928,FUN_0034a928,60,1,unknown,,unknown,0,0
0x0034a964,FUN_0034a964,108,2,unknown,,unknown,0,0
0x0034a9d0,FUN_0034a9d0,1464,1,unknown,,unknown,0,0
0x0034af88,FUN_0034af88,68,2,unknown,,unknown,0,0
0x0034afcc,FUN_0034afcc,2512,1,unknown,,unknown,0,0
0x0034b99c,FUN_0034b99c,408,1,unknown,,unknown,0,0
0x0034bb34,FUN_0034bb34,64,1,unknown,,unknown,0,0
0x0034bb74,FUN_0034bb74,24,1,unknown,,unknown,0,0
0x0034bb8c,FUN_0034bb8c,88,1,unknown,,unknown,0,0
0x0034bbe4,FUN_0034bbe4,48,1,unknown,,unknown,0,0
0x0034bc14,FUN_0034bc14,112,1,unknown,,unknown,0,0
0x0034bc84,FUN_0034bc84,276,1,unknown,,unknown,0,0
0x0034bd98,FUN_0034bd98,44,1,unknown,,unknown,0,0
0x0034bdc4,FUN_0034bdc4,120,1,unknown,,unknown,0,0
0x0034be3c,FUN_0034be3c,92,1,unknown,,unknown,0,0
0x0034be98,FUN_0034be98,152,2,unknown,,unknown,0,0
0x0034bf30,FUN_0034bf30,84,1,unknown,,unknown,0,0
0x0034bf84,FUN_0034bf84,40,1,unknown,,unknown,0,0
0x0034bfac,FUN_0034bfac,88,4,unknown,,unknown,0,0
0x0034c004,FUN_0034c004,168,117,unknown,,unknown,0,0
0x0034c1ac,FUN_0034c1ac,256,11,unknown,,unknown,0,0
0x0034c2ac,FUN_0034c2ac,148,1,unknown,,unknown,0,0
0x0034c340,FUN_0034c340,320,1,unknown,,unknown,0,0
0x0034c74c,FUN_0034c74c,40,1,unknown,,unknown,0,0
0x0034c774,FUN_0034c774,40,5,unknown,,unknown,0,0
0x0034cb78,FUN_0034cb78,184,5,unknown,,unknown,0,0
0x0034cc30,FUN_0034cc30,112,17,unknown,,unknown,0,0
0x0034cca0,FUN_0034cca0,1116,2,unknown,,unknown,0,0
0x0034d0fc,FUN_0034d0fc,96,7,unknown,,unknown,0,0
0x0034d15c,FUN_0034d15c,476,3,unknown,,unknown,0,0
0x0034d338,FUN_0034d338,652,3,unknown,,unknown,0,0
0x0034d5c4,FUN_0034d5c4,852,1,unknown,,unknown,0,0
0x0034ef40,FUN_0034ef40,1440,1,unknown,,unknown,0,0
0x0034f4e0,FUN_0034f4e0,44,17,unknown,,unknown,0,0
0x0034f50c,FUN_0034f50c,660,1,unknown,,unknown,0,0
0x0034f7a0,FUN_0034f7a0,1716,9,unknown,,unknown,0,0
0x0034fe54,FUN_0034fe54,52,2,unknown,,unknown,0,0
0x0034fe88,FUN_0034fe88,380,5,unknown,,unknown,0,0
0x00350004,FUN_00350004,184,1,unknown,,unknown,0,0
0x003500bc,FUN_003500bc,176,5,unknown,,unknown,0,0
0x0035016c,FUN_0035016c,116,2,unknown,,unknown,0,0
0x003501e0,FUN_003501e0,332,3,unknown,,unknown,0,0
0x0035032c,FUN_0035032c,36,2,unknown,,unknown,0,0
0x00350350,FUN_00350350,408,2,unknown,,unknown,0,0
0x003504e8,FUN_003504e8,148,3,unknown,,unknown,0,0
0x0035057c,FUN_0035057c,124,2,unknown,,unknown,0,0
0x003505f8,FUN_003505f8,68,5,unknown,,unknown,0,0
0x0035063c,FUN_0035063c,80,2,unknown,,unknown,0,0
0x0035068c,FUN_0035068c,232,2,unknown,,unknown,0,0
0x00350774,FUN_00350774,60,4,unknown,,unknown,0,0
0x00350b38,FUN_00350b38,336,2,unknown,,unknown,0,0
0x00350c88,FUN_00350c88,340,16,unknown,,unknown,0,0
0x00350ddc,FUN_00350ddc,88,5,unknown,,unknown,0,0
0x00350e34,FUN_00350e34,72,4,unknown,,unknown,0,0
0x00350e7c,FUN_00350e7c,72,1,unknown,,unknown,0,0
0x00350ec4,FUN_00350ec4,1268,2,unknown,,unknown,0,0
0x003513b8,FUN_003513b8,148,1,unknown,,unknown,0,0
0x0035144c,FUN_0035144c,244,1,unknown,,unknown,0,0
0x003517a4,FUN_003517a4,172,3,unknown,,unknown,0,0
0x00351850,FUN_00351850,292,6,unknown,,unknown,0,0
0x00351974,FUN_00351974,40,1,unknown,,unknown,0,0
0x0035199c,FUN_0035199c,208,1,unknown,,unknown,0,0
0x00351a6c,FUN_00351a6c,92,1,unknown,,unknown,0,0
0x00351ac8,FUN_00351ac8,16,1,unknown,,unknown,0,0
0x00351ad8,FUN_00351ad8,24,3,unknown,,unknown,0,0
0x00351af0,FUN_00351af0,420,1,unknown,,unknown,0,0
0x00351c94,FUN_00351c94,420,1,unknown,,unknown,0,0
0x00351e38,FUN_00351e38,672,1,unknown,,unknown,0,0
0x003520d8,FUN_003520d8,240,1,unknown,,unknown,0,0
0x003521c8,FUN_003521c8,16,1,unknown,,unknown,0,0
0x003521d8,FUN_003521d8,36,1,unknown,,unknown,0,0
0x003522c0,FUN_003522c0,148,1,unknown,,unknown,0,0
0x00352354,FUN_00352354,476,1,unknown,,unknown,0,0
0x00352844,FUN_00352844,188,4,unknown,,unknown,0,0
0x00353284,FUN_00353284,148,1,unknown,,unknown,0,0
0x00353318,FUN_00353318,256,1,unknown,,unknown,0,0
0x00353580,FUN_00353580,16,5,unknown,,unknown,0,0
0x00353590,FUN_00353590,116,4,unknown,,unknown,0,0
0x00353604,FUN_00353604,388,2,unknown,,unknown,0,0
0x0035384c,FUN_0035384c,356,2,unknown,,unknown,0,0
0x00353fbc,FUN_00353fbc,244,1,unknown,,unknown,0,0
0x003540b0,FUN_003540b0,44,2,unknown,,unknown,0,0
0x00354610,FUN_00354610,76,1,unknown,,unknown,0,0
0x003547c0,FUN_003547c0,300,37,unknown,,unknown,0,0
0x003548ec,FUN_003548ec,48,2,unknown,,unknown,0,0
0x0035491c,FUN_0035491c,84,25,unknown,,unknown,0,0
0x00354970,FUN_00354970,240,6,unknown,,unknown,0,0
0x00354a60,FUN_00354a60,300,1,unknown,,unknown,0,0
0x00354b8c,FUN_00354b8c,260,1,unknown,,unknown,0,0
0x00354d18,FUN_00354d18,228,1,unknown,,unknown,0,0
0x00354dfc,FUN_00354dfc,748,3,unknown,,unknown,0,0
0x003550e8,FUN_003550e8,252,1,unknown,,unknown,0,0
0x00355294,FUN_00355294,224,4,unknown,,unknown,0,0
0x00355464,FUN_00355464,316,1,unknown,,unknown,0,0
0x003555a0,FUN_003555a0,508,2,unknown,,unknown,0,0
0x0035579c,FUN_0035579c,96,2,unknown,,unknown,0,0
0x003557fc,FUN_003557fc,380,3,unknown,,unknown,0,0
0x00355978,FUN_00355978,32,1,unknown,,unknown,0,0
0x00355998,FUN_00355998,112,2,unknown,,unknown,0,0
0x00355b10,FUN_00355b10,84,2,unknown,,unknown,0,0
0x00355b64,FUN_00355b64,140,2,unknown,,unknown,0,0
0x00355bf0,FUN_00355bf0,1200,5,unknown,,unknown,0,0
0x003560a0,FUN_003560a0,48,1,unknown,,unknown,0,0
0x003560d0,FUN_003560d0,40,2,unknown,,unknown,0,0
0x003560f8,FUN_003560f8,88,1,unknown,,unknown,0,0
0x00356150,FUN_00356150,112,1,unknown,,unknown,0,0
0x003561fc,FUN_003561fc,220,2,unknown,,unknown,0,0
0x003562d8,FUN_003562d8,172,1,unknown,,unknown,0,0
0x00356384,FUN_00356384,516,1,unknown,,unknown,0,0
0x00356588,FUN_00356588,528,1,unknown,,unknown,0,0
0x00356798,FUN_00356798,488,4,unknown,,unknown,0,0
0x00356d9c,FUN_00356d9c,148,1,unknown,,unknown,0,0
0x00356e30,FUN_00356e30,456,1,unknown,,unknown,0,0
0x00356ff8,FUN_00356ff8,340,1,unknown,,unknown,0,0
0x0035714c,FUN_0035714c,312,1,unknown,,unknown,0,0
0x003575d0,FUN_003575d0,88,1,unknown,,unknown,0,0
0x00357628,FUN_00357628,92,5,unknown,,unknown,0,0
0x00357684,FUN_00357684,100,1,unknown,,unknown,0,0
0x003576e8,FUN_003576e8,100,1,unknown,,unknown,0,0
0x0035774c,FUN_0035774c,100,1,unknown,,unknown,0,0
0x0035785c,FUN_0035785c,68,1,unknown,,unknown,0,0
0x00357ae8,FUN_00357ae8,100,1,unknown,,unknown,0,0
0x00357b88,FUN_00357b88,92,1,unknown,,unknown,0,0
0x00357be4,FUN_00357be4,260,1,unknown,,unknown,0,0
0x003585e0,FUN_003585e0,424,1,unknown,,unknown,0,0
0x00358788,FUN_00358788,148,1,unknown,,unknown,0,0
0x00358ae8,FUN_00358ae8,88,2,unknown,,unknown,0,0
0x00358b40,FUN_00358b40,88,5,unknown,,unknown,0,0
0x00358b98,FUN_00358b98,16,1,unknown,,unknown,0,0
0x00358c18,FUN_00358c18,228,3,unknown,,unknown,0,0
0x00358eac,FUN_00358eac,60,2,unknown,,unknown,0,0
0x00358ee8,FUN_00358ee8,256,3,unknown,,unknown,0,0
0x00358fe8,FUN_00358fe8,116,2,unknown,,unknown,0,0
0x00359470,FUN_00359470,220,1,unknown,,unknown,0,0
0x0035954c,FUN_0035954c,292,1,unknown,,unknown,0,0
0x00359680,FUN_00359680,172,1,unknown,,unknown,0,0
0x0035980c,FUN_0035980c,240,2,unknown,,unknown,0,0
0x003598fc,FUN_003598fc,344,1,unknown,,unknown,0,0
0x00359a54,FUN_00359a54,548,1,unknown,,unknown,0,0
0x00359c78,FUN_00359c78,508,4,unknown,,unknown,0,0
0x0035ab0c,FUN_0035ab0c,148,1,unknown,,unknown,0,0
0x0035aba0,FUN_0035aba0,208,1,unknown,,unknown,0,0
0x0035ac70,FUN_0035ac70,168,84,unknown,,unknown,0,0
0x0035ad18,FUN_0035ad18,96,175,unknown,,unknown,0,0
0x0035adac,FUN_0035adac,660,1,unknown,,unknown,0,0
0x0035b244,FUN_0035b244,316,1,unknown,,unknown,0,0
0x0035b380,FUN_0035b380,20,2,unknown,,unknown,0,0
0x0035b394,FUN_0035b394,132,4,unknown,,unknown,0,0
0x0035bb58,FUN_0035bb58,80,3,unknown,,unknown,0,0
0x0035bba8,FUN_0035bba8,324,1,unknown,,unknown,0,0
0x0035bcec,FUN_0035bcec,116,2,unknown,,unknown,0,0
0x0035bd60,FUN_0035bd60,268,1,unknown,,unknown,0,0
0x0035c598,FUN_0035c598,260,5,unknown,,unknown,0,0
0x0035c69c,FUN_0035c69c,2232,13,unknown,,unknown,0,0
0x0035cf54,FUN_0035cf54,348,10,unknown,,unknown,0,0
0x0035d0b0,FUN_0035d0b0,128,11,unknown,,unknown,0,0
0x0035d130,FUN_0035d130,72,2,unknown,,unknown,0,0
0x0035d178,FUN_0035d178,400,4,unknown,,unknown,0,0
0x0035d308,FUN_0035d308,284,4,unknown,,unknown,0,0
0x0035d424,FUN_0035d424,380,1,openssl,,string-flavor,2,0
0x0035d5a0,FUN_0035d5a0,116,2,unknown,,unknown,0,0
0x0035d614,FUN_0035d614,104,2,unknown,,unknown,0,0
0x0035de60,FUN_0035de60,508,3,openssl,,string-flavor,2,0
0x0035e05c,FUN_0035e05c,512,2,openssl,,string-flavor,2,0
0x0035e25c,FUN_0035e25c,544,2,unknown,,unknown,0,0
0x0035e47c,FUN_0035e47c,1276,3,openssl,,string-flavor,2,0
0x0035ea20,FUN_0035ea20,1504,1,unknown,,unknown,0,0
0x0035f510,FUN_0035f510,304,1,unknown,,unknown,0,0
0x0035f640,FUN_0035f640,328,1,unknown,,unknown,0,0
0x0035f788,FUN_0035f788,88,1,unknown,,unknown,0,0
0x0035f7e0,FUN_0035f7e0,156,1,unknown,,unknown,0,0
0x00360a8c,FUN_00360a8c,132,2,unknown,,unknown,0,0
0x00360b10,FUN_00360b10,372,3,unknown,,unknown,0,0
0x00360c84,FUN_00360c84,228,1,unknown,,unknown,0,0
0x00360df0,FUN_00360df0,56,6,openssl,,callgraph,2,0
0x00360e28,FUN_00360e28,940,1,unknown,,unknown,0,0
0x003611d4,FUN_003611d4,960,1,openssl,,string-flavor,2,0
0x003616fc,FUN_003616fc,2300,1,openssl,,source-path,3,0
0x00361ff8,FUN_00361ff8,888,1,openssl,,string-flavor,2,0
0x00362370,FUN_00362370,456,1,openssl,,string-flavor,2,0
0x00362538,FUN_00362538,448,1,openssl,,string-flavor,2,0
0x003626f8,FUN_003626f8,424,1,unknown,,unknown,0,0
0x003628e0,FUN_003628e0,1008,1,unknown,,unknown,0,0
0x00362cd0,FUN_00362cd0,480,1,unknown,,unknown,0,0
0x00362eb0,FUN_00362eb0,364,1,unknown,,unknown,0,0
0x0036301c,FUN_0036301c,312,1,unknown,,unknown,0,0
0x003648c0,FUN_003648c0,148,1,unknown,,unknown,0,0
0x00364954,FUN_00364954,216,1,unknown,,unknown,0,0
0x00364b94,FUN_00364b94,16,1,unknown,,unknown,0,0
0x00364ba4,FUN_00364ba4,200,1,unknown,,unknown,0,0
0x00364c6c,FUN_00364c6c,80,1,unknown,,unknown,0,0
0x00364cbc,FUN_00364cbc,64,1,unknown,,unknown,0,0
0x00364cfc,FUN_00364cfc,1172,1,unknown,,unknown,0,0
0x00365190,FUN_00365190,872,1,unknown,,unknown,0,0
0x003654f8,FUN_003654f8,1120,1,openssl,,string-flavor,2,0
0x00365958,FUN_00365958,1520,1,openssl,,string-flavor,2,0
0x00365f48,FUN_00365f48,176,1,unknown,,unknown,0,0
0x00365ff8,FUN_00365ff8,160,3,unknown,,unknown,0,0
0x003660c8,FUN_003660c8,32,10,unknown,,unknown,0,0
0x003660e8,FUN_003660e8,32,10,unknown,,unknown,0,0
0x00367030,FUN_00367030,12,1,unknown,,unknown,0,0
0x0036703c,FUN_0036703c,236,1,unknown,,unknown,0,0
0x0036722c,FUN_0036722c,20,2,unknown,,unknown,0,0
0x00367240,FUN_00367240,256,1,unknown,,unknown,0,0
0x00367340,FUN_00367340,164,4,unknown,,unknown,0,0
0x003673e4,FUN_003673e4,52,12,unknown,,unknown,0,0
0x00367418,FUN_00367418,52,7,unknown,,unknown,0,0
0x0036744c,FUN_0036744c,52,3,unknown,,unknown,0,0
0x00367480,FUN_00367480,572,3,unknown,,unknown,0,0
0x0036777c,FUN_0036777c,16,2,unknown,,unknown,0,0
0x00367858,FUN_00367858,84,1,unknown,,unknown,0,0
0x003678ac,FUN_003678ac,52,1,unknown,,unknown,0,0
0x00367bec,FUN_00367bec,56,2,unknown,,unknown,0,0
0x00367c70,FUN_00367c70,740,1,unknown,,unknown,0,0
0x00367f54,FUN_00367f54,912,1,unknown,,unknown,0,0
0x003682e4,FUN_003682e4,40,3,unknown,,unknown,0,0
0x0036830c,FUN_0036830c,124,1,unknown,,unknown,0,0
0x0036842c,FUN_0036842c,92,247,unknown,,unknown,0,0
0x00368488,FUN_00368488,32,163,unknown,,unknown,0,0
0x003684a8,FUN_003684a8,56,1,unknown,,unknown,0,0
0x003684f8,FUN_003684f8,264,4,unknown,,unknown,0,0
0x00368600,FUN_00368600,12,1,unknown,,unknown,0,0
0x0036860c,FUN_0036860c,200,1,unknown,,unknown,0,0
0x003686d4,FUN_003686d4,120,1,unknown,,unknown,0,0
0x00368a6c,FUN_00368a6c,124,1,unknown,,unknown,0,0
0x00368ae8,FUN_00368ae8,256,3,unknown,,unknown,0,0
0x00368c14,FUN_00368c14,112,1,unknown,,unknown,0,0
0x00368c84,FUN_00368c84,172,1,unknown,,unknown,0,0
0x00368d30,FUN_00368d30,240,1,unknown,,unknown,0,0
0x00368e20,FUN_00368e20,136,1,unknown,,unknown,0,0
0x00368ea8,FUN_00368ea8,248,1,unknown,,unknown,0,0
0x00368fa0,FUN_00368fa0,40,1,unknown,,unknown,0,0
0x00368fc8,FUN_00368fc8,36,1,unknown,,unknown,0,0
0x00368fec,FUN_00368fec,160,1,unknown,,unknown,0,0
0x003692dc,FUN_003692dc,40,1,unknown,,unknown,0,0
0x00369304,FUN_00369304,40,1,unknown,,unknown,0,0
0x0036932c,FUN_0036932c,52,1,unknown,,unknown,0,0
0x0036936c,FUN_0036936c,84,1,unknown,,unknown,0,0
0x003693c0,FUN_003693c0,484,1,unknown,,unknown,0,0
0x003695a4,FUN_003695a4,60,1,unknown,,unknown,0,0
0x003695e0,FUN_003695e0,48,1,unknown,,unknown,0,0
0x00369610,FUN_00369610,64,1,unknown,,unknown,0,0
0x00369650,FUN_00369650,36,1,unknown,,unknown,0,0
0x00369674,FUN_00369674,392,1,unknown,,unknown,0,0
0x003697fc,FUN_003697fc,124,1,unknown,,unknown,0,0
0x00369878,FUN_00369878,280,1,unknown,,unknown,0,0
0x00369990,FUN_00369990,36,1,unknown,,unknown,0,0
0x003699b4,FUN_003699b4,128,1,unknown,,unknown,0,0
0x00369a34,FUN_00369a34,32,1,unknown,,unknown,0,0
0x00369a54,FUN_00369a54,88,1,unknown,,unknown,0,0
0x00369aac,FUN_00369aac,152,1,unknown,,unknown,0,0
0x00369b44,FUN_00369b44,248,1,unknown,,unknown,0,0
0x00369c3c,FUN_00369c3c,296,1,unknown,,unknown,0,0
0x00369d64,FUN_00369d64,488,1,unknown,,unknown,0,0
0x00369f4c,FUN_00369f4c,260,2,openssl,,source-path,3,0
0x0036a050,FUN_0036a050,848,1,openssl,,string-flavor,2,0
0x0036a3a0,FUN_0036a3a0,508,1,unknown,,unknown,0,0
0x0036a59c,FUN_0036a59c,112,2,unknown,,unknown,0,0
0x0036a60c,FUN_0036a60c,84,1,unknown,,unknown,0,0
0x0036a660,FUN_0036a660,652,1,unknown,,unknown,0,0
0x0036a8ec,FUN_0036a8ec,80,1,unknown,,unknown,0,0
0x0036a93c,FUN_0036a93c,32,1,unknown,,unknown,0,0
0x0036a95c,FUN_0036a95c,164,1,unknown,,unknown,0,0
0x0036aa00,FUN_0036aa00,12,1,unknown,,unknown,0,0
0x0036aa3c,FUN_0036aa3c,84,2,unknown,,unknown,0,0
0x0036aa90,FUN_0036aa90,160,1,unknown,,unknown,0,0
0x0036ab30,FUN_0036ab30,40,1,unknown,,unknown,0,0
0x0036ab58,FUN_0036ab58,24,1,unknown,,unknown,0,0
0x0036ab70,FUN_0036ab70,64,1,unknown,,unknown,0,0
0x0036abb0,FUN_0036abb0,76,1,unknown,,unknown,0,0
0x0036abfc,FUN_0036abfc,96,1,unknown,,unknown,0,0
0x0036ac5c,FUN_0036ac5c,168,1,unknown,,unknown,0,0
0x0036ad04,FUN_0036ad04,44,1,unknown,,unknown,0,0
0x0036ad30,FUN_0036ad30,476,1,unknown,,unknown,0,0
0x0036af0c,FUN_0036af0c,48,1,unknown,,unknown,0,0
0x0036af3c,FUN_0036af3c,12,2,unknown,,unknown,0,0
0x0036b3dc,FUN_0036b3dc,488,1,unknown,,unknown,0,0
0x0036b5c4,FUN_0036b5c4,156,1,unknown,,unknown,0,0
0x0036b790,FUN_0036b790,76,1,unknown,,unknown,0,0
0x0036b7e8,FUN_0036b7e8,244,1,unknown,,unknown,0,0
0x0036b8dc,FUN_0036b8dc,32,1,unknown,,unknown,0,0
0x0036b8fc,FUN_0036b8fc,160,3,unknown,,unknown,0,0
0x0036b9a8,FUN_0036b9a8,48,2,unknown,,unknown,0,0
0x0036b9d8,FUN_0036b9d8,260,1,unknown,,unknown,0,0
0x0036badc,FUN_0036badc,72,1,unknown,,unknown,0,0
0x0036bb24,FUN_0036bb24,32,17,unknown,,unknown,0,0
0x0036bb44,FUN_0036bb44,120,1,unknown,,unknown,0,0
0x0036bc04,FUN_0036bc04,244,5,unknown,,unknown,0,0
0x0036bcf8,FUN_0036bcf8,344,1,unknown,,unknown,0,0
0x0036be50,FUN_0036be50,420,5,unknown,,unknown,0,0
0x0036bff4,FUN_0036bff4,12,1,unknown,,unknown,0,0
0x0036c000,FUN_0036c000,208,2,unknown,,unknown,0,0
0x0036c110,FUN_0036c110,36,1,unknown,,unknown,0,0
0x0036c134,FUN_0036c134,200,16,unknown,,unknown,0,0
0x0036c1fc,FUN_0036c1fc,212,1,unknown,,unknown,0,0
0x0036c2d0,FUN_0036c2d0,128,1,unknown,,unknown,0,0
0x0036c350,main_boot_init,240,1,unknown,,unknown,0,0
0x0036c8ac,FUN_0036c8ac,436,271,unknown,,unknown,0,0
0x0036cad0,FUN_0036cad0,116,26,unknown,,unknown,0,0
0x0036cb6c,FUN_0036cb6c,408,1,unknown,,unknown,0,0
0x0036cd04,FUN_0036cd04,72,3,unknown,,unknown,0,0
0x0036d004,FUN_0036d004,48,1,unknown,,unknown,0,0
0x0036d034,FUN_0036d034,92,2,unknown,,unknown,0,0
0x0036d21c,FUN_0036d21c,4,1,unknown,,unknown,0,0
0x0036d220,FUN_0036d220,92,3,unknown,,unknown,0,0
0x0036d27c,FUN_0036d27c,80,1,unknown,,unknown,0,0
0x0036d2cc,FUN_0036d2cc,92,3,unknown,,unknown,0,0
0x0036d328,FUN_0036d328,172,3,unknown,,unknown,0,0
0x0036d3e4,FUN_0036d3e4,12,1,unknown,,unknown,0,0
0x0036d48c,FUN_0036d48c,124,1,unknown,,unknown,0,0
0x0036d508,FUN_0036d508,1156,1,unknown,,unknown,0,0
0x0036d9a4,FUN_0036d9a4,208,6,unknown,,unknown,0,0
0x0036da74,FUN_0036da74,128,4,unknown,,unknown,0,0
0x0036daf4,FUN_0036daf4,560,5,unknown,,unknown,0,0
0x0036dd2c,FUN_0036dd2c,120,1,unknown,,unknown,0,0
0x0036ddac,FUN_0036ddac,68,2,unknown,,unknown,0,0
0x0036ddf0,FUN_0036ddf0,888,1,unknown,,unknown,0,0
0x0036e168,FUN_0036e168,340,1,unknown,,unknown,0,0
0x0036e3dc,FUN_0036e3dc,40,2,unknown,,unknown,0,0
0x0036e404,FUN_0036e404,96,10,unknown,,unknown,0,0
0x0036e464,FUN_0036e464,660,1,unknown,,unknown,0,0
0x0036f8f0,FUN_0036f8f0,68,1,unknown,,unknown,0,0
0x0036f934,FUN_0036f934,68,2,unknown,,unknown,0,0
0x0036f9f8,FUN_0036f9f8,132,1,unknown,,unknown,0,0
0x0036fa7c,FUN_0036fa7c,72,3,unknown,,unknown,0,0
0x0036fb08,FUN_0036fb08,68,20,unknown,,unknown,0,0
0x0036fb4c,FUN_0036fb4c,68,13,unknown,,unknown,0,0
0x0036fb90,FUN_0036fb90,4,1,unknown,,unknown,0,0
0x0036fb9c,FUN_0036fb9c,28,2,unknown,,unknown,0,0
0x0036fbb8,FUN_0036fbb8,40,1,unknown,,unknown,0,0
0x0036fd0c,FUN_0036fd0c,24,277,unknown,,unknown,0,0
0x0036fd24,FUN_0036fd24,28,402,unknown,,unknown,0,0
0x0036fd40,FUN_0036fd40,84,1,unknown,,unknown,0,0
0x0036fde0,FUN_0036fde0,76,12,unknown,,unknown,0,0
0x0036fe2c,FUN_0036fe2c,192,10,unknown,,unknown,0,0
0x00370600,FUN_00370600,140,3,vxworks,,region,1,0
0x00370a44,FUN_00370a44,360,1,vxworks,,region,1,0
0x00370bac,FUN_00370bac,376,1,vxworks,,region,1,0
0x00370db4,FUN_00370db4,788,1,vxworks,,region,1,0
0x003710c8,FUN_003710c8,600,1,vxworks,,region,1,0
0x003715b8,FUN_003715b8,8,7,vxworks,,region,1,0
0x003715c0,FUN_003715c0,8,6,vxworks,,region,1,0
0x003715dc,FUN_003715dc,8,1,vxworks,,region,1,0
0x003715e4,FUN_003715e4,8,1,vxworks,,region,1,0
0x003715fc,FUN_003715fc,64,1,vxworks,,region,1,0
0x00371874,FUN_00371874,52,2,vxworks,,region,1,0
0x003718a8,FUN_003718a8,64,5,vxworks,,region,1,0
0x003718e8,FUN_003718e8,68,2,vxworks,,region,1,0
0x0037192c,FUN_0037192c,16,1,vxworks,,region,1,0
0x0037193c,FUN_0037193c,8,1,vxworks,,region,1,0
0x0037194c,FUN_0037194c,100,1,vxworks,,region,1,0
0x003719b0,FUN_003719b0,52,2,vxworks,,region,1,0
0x003719e4,FUN_003719e4,52,2,vxworks,,region,1,0
0x00371a18,FUN_00371a18,60,1,vxworks,,region,1,0
0x00371a54,FUN_00371a54,116,8,vxworks,,region,1,0
0x00371ac8,FUN_00371ac8,36,1,vxworks,,region,1,0
0x00371bac,FUN_00371bac,96,2,vxworks,,region,1,0
0x00371c0c,FUN_00371c0c,8,13,vxworks,,region,1,0
0x00371c14,FUN_00371c14,28,2,vxworks,,region,1,0
0x00371c74,FUN_00371c74,92,2,vxworks,,region,1,0
0x00371cd0,FUN_00371cd0,252,2,vxworks,,region,1,0
0x00371e98,FUN_00371e98,48,13,vxworks,,region,1,0
0x00371ec8,FUN_00371ec8,8,11,vxworks,,region,1,0
0x00371ed0,FUN_00371ed0,12,6,vxworks,,region,1,0
0x00371efc,FUN_00371efc,8,7,vxworks,,region,1,0
0x00371f30,FUN_00371f30,8,1,vxworks,,region,1,0
0x00371f5c,FUN_00371f5c,32,4,vxworks,,region,1,0
0x00371f7c,FUN_00371f7c,8,3,vxworks,,region,1,0
0x00371f84,FUN_00371f84,8,2,vxworks,,region,1,0
0x00371fa8,FUN_00371fa8,12,1,vxworks,,region,1,0
0x00371fb4,FUN_00371fb4,12,1,vxworks,,region,1,0
0x0037200c,FUN_0037200c,8,1,vxworks,,region,1,0
0x0037201c,FUN_0037201c,8,9,vxworks,,region,1,0
0x00372024,FUN_00372024,8,9,vxworks,,region,1,0
0x0037202c,FUN_0037202c,8,7,vxworks,,region,1,0
0x00372034,FUN_00372034,8,7,vxworks,,region,1,0
0x0037203c,FUN_0037203c,8,1,vxworks,,region,1,0
0x00372054,FUN_00372054,8,2,vxworks,,region,1,0
0x003720cc,FUN_003720cc,136,1,vxworks,,region,1,0
0x003721c8,FUN_003721c8,360,1,vxworks,,region,1,0
0x00372330,FUN_00372330,68,24,vxworks,,region,1,0
0x003723c0,FUN_003723c0,372,2,vxworks,,region,1,0
0x00372534,FUN_00372534,436,86,vxworks,,region,1,0
0x003726e8,FUN_003726e8,304,1,vxworks,,region,1,0
0x0037283c,FUN_0037283c,48,1,vxworks,,region,1,0
0x00372a14,FUN_00372a14,636,1,vxworks,,region,1,0
0x00372d54,FUN_00372d54,692,2,vxworks,,region,1,0
0x00373288,FUN_00373288,200,5,unknown,,unknown,0,0
0x0037336c,FUN_0037336c,4,133,unknown,,unknown,0,0
0x00373370,FUN_00373370,916,442,unknown,,unknown,0,0
0x00373704,FUN_00373704,700,461,unknown,,unknown,0,0
0x003739c0,FUN_003739c0,1040,349,unknown,,unknown,0,0
0x00373dd0,FUN_00373dd0,116,328,unknown,,unknown,0,0
0x00373e44,FUN_00373e44,88,5,unknown,,unknown,0,0
0x00373e9c,FUN_00373e9c,148,382,unknown,,unknown,0,0
0x00373f30,FUN_00373f30,224,123,unknown,,unknown,0,0
0x00374010,FUN_00374010,144,132,unknown,,unknown,0,0
0x003740a0,FUN_003740a0,140,174,unknown,,unknown,0,0
0x0037412c,FUN_0037412c,24,8,unknown,,unknown,0,0
0x00374144,FUN_00374144,32,1,unknown,,unknown,0,0
0x0037425c,FUN_0037425c,248,17,unknown,,unknown,0,0
0x00374354,FUN_00374354,232,2,unknown,,unknown,0,0
0x0037443c,FUN_0037443c,232,44,unknown,,unknown,0,0
0x00374524,FUN_00374524,232,3,unknown,,unknown,0,0
0x0037460c,FUN_0037460c,232,2,unknown,,unknown,0,0
0x003746f4,FUN_003746f4,248,9,unknown,,unknown,0,0
0x00374854,FUN_00374854,344,1,unknown,,unknown,0,0
0x00374afc,FUN_00374afc,216,19,unknown,,unknown,0,0
0x00374be4,FUN_00374be4,4,239,unknown,,unknown,0,0
0x00374be8,FUN_00374be8,536,450,unknown,,unknown,0,0
0x00374e00,FUN_00374e00,396,642,unknown,,unknown,0,0
0x00374f8c,FUN_00374f8c,496,251,unknown,,unknown,0,0
0x0037517c,FUN_0037517c,100,331,unknown,,unknown,0,0
0x00375230,FUN_00375230,128,35,unknown,,unknown,0,0
0x003752b0,FUN_003752b0,124,70,unknown,,unknown,0,0
0x003753e4,FUN_003753e4,136,1,unknown,,unknown,0,0
0x0037546c,FUN_0037546c,136,2,unknown,,unknown,0,0
0x003754f4,FUN_003754f4,136,79,unknown,,unknown,0,0
0x0037557c,FUN_0037557c,136,1,unknown,,unknown,0,0
0x00375604,FUN_00375604,136,2,unknown,,unknown,0,0
0x0037568c,FUN_0037568c,136,28,unknown,,unknown,0,0
0x00375714,FUN_00375714,236,7,unknown,,unknown,0,0
0x00375800,FUN_00375800,144,15,unknown,,unknown,0,0
0x00375890,FUN_00375890,180,3,unknown,,unknown,0,0
0x00375944,FUN_00375944,148,2,unknown,,unknown,0,0
0x003759d8,FUN_003759d8,484,5,unknown,,unknown,0,0
0x00376340,FUN_00376340,776,3,unknown,,unknown,0,0
0x00376648,FUN_00376648,324,141,unknown,,unknown,0,0
0x0037678c,FUN_0037678c,348,5,unknown,,unknown,0,0
0x003768e8,FUN_003768e8,560,4,unknown,,unknown,0,0
0x00376b24,FUN_00376b24,136,1,unknown,,unknown,0,0
0x00376d58,FUN_00376d58,316,8,unknown,,unknown,0,0
0x00376e94,FUN_00376e94,1220,70,unknown,,unknown,0,0
0x00377358,FUN_00377358,572,1,unknown,,unknown,0,0
0x00377594,FUN_00377594,636,16,unknown,,unknown,0,0
0x00377908,FUN_00377908,268,2,unknown,,unknown,0,0
0x00377a14,FUN_00377a14,392,10,unknown,,unknown,0,0
0x00377b9c,FUN_00377b9c,428,6,unknown,,unknown,0,0
0x00377ed4,FUN_00377ed4,48,19,unknown,,unknown,0,0
0x00377f04,FUN_00377f04,40,10,unknown,,unknown,0,0
0x00377f2c,FUN_00377f2c,44,13,unknown,,unknown,0,0
0x00377f58,FUN_00377f58,36,19,unknown,,unknown,0,0
0x00377f7c,FUN_00377f7c,44,52,unknown,,unknown,0,0
0x00377fa8,FUN_00377fa8,36,92,unknown,,unknown,0,0
0x00377fcc,FUN_00377fcc,44,7,unknown,,unknown,0,0
0x00377ff8,FUN_00377ff8,80,14,unknown,,unknown,0,0
0x00378050,FUN_00378050,164,1,unknown,,unknown,0,0
0x003780f4,FUN_003780f4,184,2,unknown,,unknown,0,0
0x003782d4,FUN_003782d4,12,6,unknown,,unknown,0,0
0x00378964,FUN_00378964,156,1,unknown,,unknown,0,0
0x00378a48,FUN_00378a48,548,1,openssl,,source-path,3,0
0x00378e24,FUN_00378e24,416,1,unknown,,unknown,0,0
0x00379070,FUN_00379070,340,3,unknown,,unknown,0,0
0x003791c4,FUN_003791c4,888,1,openssl,,source-path,3,0
0x0037953c,FUN_0037953c,388,3,unknown,,unknown,0,0
0x00379a14,FUN_00379a14,164,3,unknown,,unknown,0,0
0x00379bdc,FUN_00379bdc,628,2,unknown,,unknown,0,0
0x0037a468,FUN_0037a468,372,4,openssl,,source-path,3,0
0x0037a5dc,FUN_0037a5dc,576,5,unknown,,unknown,0,0
0x0037ac3c,FUN_0037ac3c,220,2,unknown,,unknown,0,0
0x0037ad18,FUN_0037ad18,492,2,unknown,,unknown,0,0
0x0037af04,FUN_0037af04,212,2,unknown,,unknown,0,0
0x0037afd8,FUN_0037afd8,204,8,unknown,,unknown,0,0
0x0037b0a4,FUN_0037b0a4,320,2,unknown,,unknown,0,0
0x0037b1e4,FUN_0037b1e4,780,2,unknown,,unknown,0,0
0x0037b4f0,FUN_0037b4f0,296,5,unknown,,unknown,0,0
0x0037b618,FUN_0037b618,180,3,unknown,,unknown,0,0
0x0037b740,FUN_0037b740,512,1,unknown,,unknown,0,0
0x0037ba08,FUN_0037ba08,268,5,unknown,,unknown,0,0
0x0037bb14,FUN_0037bb14,752,3,unknown,,unknown,0,0
0x0037c538,FUN_0037c538,444,1,unknown,,unknown,0,0
0x0037c964,FUN_0037c964,68,5,unknown,,unknown,0,0
0x0037d2ac,FUN_0037d2ac,104,2,unknown,,unknown,0,0
0x0037d660,FUN_0037d660,68,4,unknown,,unknown,0,0
0x0037d6a4,FUN_0037d6a4,280,2,unknown,,unknown,0,0
0x0037d7bc,FUN_0037d7bc,192,4,unknown,,unknown,0,0
0x0037d87c,FUN_0037d87c,160,4,unknown,,unknown,0,0
0x0037d91c,FUN_0037d91c,136,5,unknown,,unknown,0,0
0x0037d9a4,FUN_0037d9a4,264,2,unknown,,unknown,0,0
0x0037daac,FUN_0037daac,296,3,unknown,,unknown,0,0
0x0037dbd4,FUN_0037dbd4,1012,2,unknown,,unknown,0,0
0x0037dfc8,FUN_0037dfc8,224,1,unknown,,unknown,0,0
0x0037e4fc,FUN_0037e4fc,44,1,unknown,,unknown,0,0
0x0037e528,FUN_0037e528,100,1,unknown,,unknown,0,0
0x0037e60c,FUN_0037e60c,36,1,unknown,,unknown,0,0
0x0037e648,FUN_0037e648,24,4,unknown,,unknown,0,0
0x0037e660,FUN_0037e660,64,5,unknown,,unknown,0,0
0x0037e74c,FUN_0037e74c,100,1,unknown,,unknown,0,0
0x0037e928,FUN_0037e928,112,2,unknown,,unknown,0,0
0x0037eb38,FUN_0037eb38,204,2,unknown,,unknown,0,0
0x0037ec04,FUN_0037ec04,140,1,unknown,,unknown,0,0
0x0037ee18,FUN_0037ee18,72,4,unknown,,unknown,0,0
0x0037ee60,FUN_0037ee60,92,1,unknown,,unknown,0,0
0x0037eebc,FUN_0037eebc,100,4,unknown,,unknown,0,0
0x0037ef6c,FUN_0037ef6c,60,1,unknown,,unknown,0,0
0x0037efbc,FUN_0037efbc,12,4,unknown,,unknown,0,0
0x0037efc8,FUN_0037efc8,128,22,unknown,,unknown,0,0
0x0037f048,FUN_0037f048,180,1,unknown,,unknown,0,0
0x0037f0fc,FUN_0037f0fc,176,5,unknown,,unknown,0,0
0x0037f1ac,FUN_0037f1ac,316,3,unknown,,unknown,0,0
0x0037f2e8,FUN_0037f2e8,132,3,unknown,,unknown,0,0
0x0037f36c,FUN_0037f36c,396,2,unknown,,unknown,0,0
0x0037f524,FUN_0037f524,176,3,unknown,,unknown,0,0
0x0037f5d4,FUN_0037f5d4,104,2,unknown,,unknown,0,0
0x0037f63c,FUN_0037f63c,128,2,unknown,,unknown,0,0
0x0037f7dc,FUN_0037f7dc,24,1,unknown,,unknown,0,0
0x0037f92c,FUN_0037f92c,576,2,unknown,,unknown,0,0
0x0037fb6c,FUN_0037fb6c,596,1,openssl,,source-path,3,0
0x0037fdc0,FUN_0037fdc0,328,2,unknown,,unknown,0,0
0x00380154,FUN_00380154,12,1,openssl,,region-openssl,3,0
0x00380160,FUN_00380160,52,1,openssl,,region-openssl,3,0
0x00380194,FUN_00380194,56,2,openssl,,region-openssl,3,0
0x003801cc,FUN_003801cc,112,70,openssl,,region-openssl,3,0
0x0038023c,FUN_0038023c,96,88,openssl,,region-openssl,3,0
0x0038029c,FUN_0038029c,56,46,openssl,,region-openssl,3,0
0x003802d4,FUN_003802d4,68,78,openssl,,region-openssl,3,0
0x00380318,FUN_00380318,92,9,openssl,,region-openssl,3,0
0x00380374,FUN_00380374,24,15,openssl,,region-openssl,3,0
0x0038038c,FUN_0038038c,260,5,openssl,,region-openssl,3,0
0x00380490,FUN_00380490,176,5,openssl,,region-openssl,3,0
0x00380540,FUN_00380540,120,5,openssl,,region-openssl,3,0
0x003805b8,FUN_003805b8,188,2,openssl,,region-openssl,3,0
0x00380674,FUN_00380674,48,2,openssl,,region-openssl,3,0
0x003806a4,FUN_003806a4,244,3,openssl,,region-openssl,3,0
0x00380798,FUN_00380798,1676,2,openssl,,source-path,3,0
0x00380e24,FUN_00380e24,48,3,openssl,,region-openssl,3,0
0x00380e54,FUN_00380e54,80,3,openssl,,region-openssl,3,0
0x00380ea4,FUN_00380ea4,44,22,openssl,,region-openssl,3,0
0x00380ed0,FUN_00380ed0,280,3,openssl,,region-openssl,3,0
0x00380fe8,FUN_00380fe8,32,2,openssl,,region-openssl,3,0
0x00381008,FUN_00381008,672,2,openssl,,region-openssl,3,0
0x003812a8,FUN_003812a8,1140,2,openssl,,region-openssl,3,0
0x0038171c,FUN_0038171c,264,2,openssl,,region-openssl,3,0
0x00381824,FUN_00381824,532,3,openssl,,region-openssl,3,0
0x00381a38,FUN_00381a38,84,2,openssl,,region-openssl,3,0
0x00381a8c,FUN_00381a8c,340,13,openssl,,region-openssl,3,0
0x00381be0,FUN_00381be0,136,3,openssl,,region-openssl,3,0
0x0038232c,FUN_0038232c,100,11,openssl,,region-openssl,3,0
0x00382390,FUN_00382390,652,2,openssl,,region-openssl,3,0
0x0038261c,FUN_0038261c,1488,6,openssl,,source-path,3,0
0x00382bec,FUN_00382bec,660,3,openssl,,region-openssl,3,0
0x00382e80,FUN_00382e80,1604,6,red,lib/libstorage,source-path,3,1
0x003834c4,FUN_003834c4,312,2,openssl,,region-openssl,3,0
0x00383db0,FUN_00383db0,44,1,openssl,,region-openssl,3,0
0x00383ddc,FUN_00383ddc,32,3,openssl,,region-openssl,3,0
0x00383dfc,FUN_00383dfc,188,6,openssl,,region-openssl,3,0
0x00383eb8,FUN_00383eb8,108,6,openssl,,region-openssl,3,0
0x00383f24,FUN_00383f24,188,3,openssl,,region-openssl,3,0
0x00383fe0,FUN_00383fe0,112,3,openssl,,region-openssl,3,0
0x00384050,FUN_00384050,308,4,openssl,,source-path,3,0
0x00384184,FUN_00384184,32,2,openssl,,region-openssl,3,0
0x0038469c,FUN_0038469c,504,2,openssl,,source-path,3,0
0x00384894,FUN_00384894,96,2,unknown,,unknown,0,0
0x003848f4,FUN_003848f4,344,2,openssl,,source-path,3,0
0x00384d58,FUN_00384d58,436,1,unknown,,unknown,0,0
0x00384f0c,FUN_00384f0c,2224,2,unknown,,unknown,0,0
0x0038504c,FUN_0038504c,792,5,unknown,,unknown,0,0
0x003858c0,FUN_003858c0,756,4,unknown,,unknown,0,0
0x00385ca8,FUN_00385ca8,700,3,unknown,,unknown,0,0
0x00385f64,FUN_00385f64,108,15,unknown,,unknown,0,0
0x00385fd0,FUN_00385fd0,308,3,unknown,,unknown,0,0
0x00386104,FUN_00386104,136,1,unknown,,unknown,0,0
0x0038618c,FUN_0038618c,1004,2,unknown,,unknown,0,0
0x00386578,FUN_00386578,328,5,unknown,,unknown,0,0
0x003866c0,FUN_003866c0,1116,7,openssl,,source-path,3,0
0x00386b1c,FUN_00386b1c,248,4,unknown,,unknown,0,0
0x00386c14,FUN_00386c14,756,1,unknown,,unknown,0,0
0x003872e4,FUN_003872e4,628,24,unknown,,unknown,0,0
0x00387834,FUN_00387834,1436,6,unknown,,unknown,0,0
0x00387dd0,FUN_00387dd0,1316,6,unknown,,unknown,0,0
0x003888c0,FUN_003888c0,2924,8,unknown,,unknown,0,0
0x003896fc,FUN_003896fc,744,5,unknown,,unknown,0,0
0x0038caec,FUN_0038caec,176,2,unknown,,unknown,0,0
0x0038d3a8,FUN_0038d3a8,380,3,unknown,,unknown,0,0
0x0038d8b4,FUN_0038d8b4,528,3,unknown,,unknown,0,0
0x00390218,FUN_00390218,3768,1,unknown,,unknown,0,0
0x003914dc,FUN_003914dc,176,1,unknown,,unknown,0,0
0x00391bec,FUN_00391bec,100,6,unknown,,unknown,0,0
0x003923e4,FUN_003923e4,460,1,unknown,,unknown,0,0
0x00392920,FUN_00392920,408,2,unknown,,unknown,0,0
0x00392e00,FUN_00392e00,428,2,unknown,,unknown,0,0
0x003932d4,FUN_003932d4,416,1,unknown,,unknown,0,0
0x003937c4,FUN_003937c4,112,1,unknown,,unknown,0,0
0x003938b0,FUN_003938b0,24,21,unknown,,unknown,0,0
0x0039393c,FUN_0039393c,40,4,unknown,,unknown,0,0
0x00393964,FUN_00393964,1328,1,unknown,,unknown,0,0
0x00393e94,FUN_00393e94,292,4,unknown,,unknown,0,0
0x00393fb8,FUN_00393fb8,160,1,unknown,,unknown,0,0
0x00394068,FUN_00394068,140,22,unknown,,unknown,0,0
0x003940f4,FUN_003940f4,272,4,unknown,,unknown,0,0
0x00394388,FUN_00394388,344,2,unknown,,unknown,0,0
0x003944e0,FUN_003944e0,892,3,unknown,,unknown,0,0
0x0039485c,FUN_0039485c,32,1,unknown,,unknown,0,0
0x0039487c,FUN_0039487c,112,3,unknown,,unknown,0,0
0x003948ec,FUN_003948ec,112,7,unknown,,unknown,0,0
0x0039495c,FUN_0039495c,300,2,unknown,,unknown,0,0
0x00394ef4,FUN_00394ef4,440,1,unknown,,unknown,0,0
0x003950ac,FUN_003950ac,1256,1,unknown,,unknown,0,0
0x003962b0,FUN_003962b0,256,1,unknown,,unknown,0,0
0x00396884,FUN_00396884,48,63,unknown,,unknown,0,0
0x003968b8,FUN_003968b8,20,2,unknown,,unknown,0,0
0x003968cc,FUN_003968cc,20,1,unknown,,unknown,0,0
0x003968e0,FUN_003968e0,20,1,unknown,,unknown,0,0
0x003968f4,FUN_003968f4,20,3,unknown,,unknown,0,0
0x0039691c,FUN_0039691c,20,1,unknown,,unknown,0,0
0x00396930,FUN_00396930,20,2,unknown,,unknown,0,0
0x00396944,FUN_00396944,20,1,unknown,,unknown,0,0
0x00396958,FUN_00396958,20,11,unknown,,unknown,0,0
0x0039696c,FUN_0039696c,20,1,unknown,,unknown,0,0
0x00396980,FUN_00396980,20,1,unknown,,unknown,0,0
0x00396994,FUN_00396994,16,4,unknown,,unknown,0,0
0x003969a4,FUN_003969a4,16,3,unknown,,unknown,0,0
0x003969c4,FUN_003969c4,112,13,unknown,,unknown,0,0
0x00396a64,FUN_00396a64,260,76,unknown,,unknown,0,0
0x00396b68,FUN_00396b68,152,2,unknown,,unknown,0,0
0x00396c70,FUN_00396c70,204,8,unknown,,unknown,0,0
0x00396d3c,FUN_00396d3c,112,47,unknown,,unknown,0,0
0x00396dac,FUN_00396dac,112,11,unknown,,unknown,0,0
0x00396e1c,FUN_00396e1c,96,2,unknown,,unknown,0,0
0x00396e7c,FUN_00396e7c,308,19,unknown,,unknown,0,0
0x00396fdc,FUN_00396fdc,268,3,unknown,,unknown,0,0
0x003970e8,FUN_003970e8,184,29,unknown,,unknown,0,0
0x003971a0,FUN_003971a0,188,9,unknown,,unknown,0,0
0x0039725c,FUN_0039725c,120,17,unknown,,unknown,0,0
0x003972d4,FUN_003972d4,264,14,unknown,,unknown,0,0
0x003975c4,FUN_003975c4,956,15,unknown,,unknown,0,0
0x00397980,FUN_00397980,12,1,unknown,,unknown,0,0
0x0039798c,FUN_0039798c,192,5,unknown,,unknown,0,0
0x00397a4c,FUN_00397a4c,884,3,unknown,,unknown,0,0
0x00397dc0,FUN_00397dc0,152,29,unknown,,unknown,0,0
0x00397f90,FUN_00397f90,224,1,unknown,,unknown,0,0
0x003980b8,FUN_003980b8,324,3,unknown,,unknown,0,0
0x003981fc,FUN_003981fc,120,74,unknown,,unknown,0,0
0x0039833c,FUN_0039833c,292,43,unknown,,unknown,0,0
0x003984ac,FUN_003984ac,132,195,unknown,,unknown,0,0
0x00398534,FUN_00398534,56,1,unknown,,unknown,0,0
0x0039856c,FUN_0039856c,372,4,unknown,,unknown,0,0
0x00398758,FUN_00398758,88,4,unknown,,unknown,0,0
0x003987b0,FUN_003987b0,84,2,unknown,,unknown,0,0
0x003988b0,FUN_003988b0,308,9,unknown,,unknown,0,0
0x003989e4,FUN_003989e4,100,1,unknown,,unknown,0,0
0x00398a48,FUN_00398a48,100,4,unknown,,unknown,0,0
0x00398aac,FUN_00398aac,84,6,unknown,,unknown,0,0
0x00398b00,FUN_00398b00,88,4,unknown,,unknown,0,0
0x00398b58,FUN_00398b58,64,2,unknown,,unknown,0,0
0x00398b98,FUN_00398b98,168,3,unknown,,unknown,0,0
0x00398c40,FUN_00398c40,92,3,unknown,,unknown,0,0
0x00398ce8,FUN_00398ce8,268,4,unknown,,unknown,0,0
0x00398df4,FUN_00398df4,76,104,unknown,,unknown,0,0
0x00398e40,FUN_00398e40,76,712,unknown,,unknown,0,0
0x00398e8c,FUN_00398e8c,76,384,unknown,,unknown,0,0
0x00398f3c,FUN_00398f3c,48,1,unknown,,unknown,0,0
0x0039920c,FUN_0039920c,160,2,unknown,,unknown,0,0
0x003992b8,FUN_003992b8,204,1,unknown,,unknown,0,0
0x00399384,FUN_00399384,388,4,unknown,,unknown,0,0
0x00399508,FUN_00399508,248,37,unknown,,unknown,0,0
0x00399600,FUN_00399600,240,3,unknown,,unknown,0,0
0x003996f0,FUN_003996f0,408,5,unknown,,unknown,0,0
0x0039995c,FUN_0039995c,144,642,unknown,,unknown,0,0
0x003999ec,FUN_003999ec,224,6,unknown,,unknown,0,0
0x00399b80,FUN_00399b80,40,32,unknown,,unknown,0,0
0x00399ba8,FUN_00399ba8,20,12,unknown,,unknown,0,0
0x00399bbc,FUN_00399bbc,8,14,unknown,,unknown,0,0
0x00399bc4,FUN_00399bc4,8,4,unknown,,unknown,0,0
0x00399bcc,FUN_00399bcc,12,44,unknown,,unknown,0,0
0x00399bd8,FUN_00399bd8,12,13,unknown,,unknown,0,0
0x00399c6c,FUN_00399c6c,56,1,unknown,,unknown,0,0
0x00399cec,FUN_00399cec,56,2,unknown,,unknown,0,0
0x00399ef0,FUN_00399ef0,208,4,unknown,,unknown,0,0
0x00399fc0,FUN_00399fc0,1052,3,unknown,,unknown,0,0
0x0039a3dc,FUN_0039a3dc,56,6,unknown,,unknown,0,0
0x0039a414,FUN_0039a414,40,25,unknown,,unknown,0,0
0x0039a43c,FUN_0039a43c,16,7,unknown,,unknown,0,0
0x0039a44c,FUN_0039a44c,452,11,unknown,,unknown,0,0
0x0039a610,FUN_0039a610,416,29,unknown,,unknown,0,0
0x0039a7b8,FUN_0039a7b8,100,1,unknown,,unknown,0,0
0x0039a81c,FUN_0039a81c,140,5,unknown,,unknown,0,0
0x0039a8a8,FUN_0039a8a8,224,1,unknown,,unknown,0,0
0x0039a988,FUN_0039a988,624,2,unknown,,unknown,0,0
0x0039abf8,FUN_0039abf8,52,36,unknown,,unknown,0,0
0x0039ac2c,FUN_0039ac2c,72,591,unknown,,unknown,0,0
0x0039ac74,FUN_0039ac74,60,1821,unknown,,unknown,0,0
0x0039acb0,FUN_0039acb0,60,860,unknown,,unknown,0,0
0x0039acec,FUN_0039acec,60,625,unknown,,unknown,0,0
0x0039ad28,FUN_0039ad28,60,52,unknown,,unknown,0,0
0x0039ad64,FUN_0039ad64,52,1078,unknown,,unknown,0,0
0x0039ad98,FUN_0039ad98,148,2,unknown,,unknown,0,0
0x0039af30,FUN_0039af30,44,179,unknown,,unknown,0,0
0x0039af5c,FUN_0039af5c,76,1,unknown,,unknown,0,0
0x0039afa8,FUN_0039afa8,252,2,unknown,,unknown,0,0
0x0039b0a8,FUN_0039b0a8,56,18,unknown,,unknown,0,0
0x0039b0f0,FUN_0039b0f0,40,1541,unknown,,unknown,0,0
0x0039b118,FUN_0039b118,112,9,unknown,,unknown,0,0
0x0039b188,FUN_0039b188,76,159,unknown,,unknown,0,0
0x0039b1d4,FUN_0039b1d4,84,170,unknown,,unknown,0,0
0x0039b228,FUN_0039b228,72,11,unknown,,unknown,0,0
0x0039b270,FUN_0039b270,76,2,unknown,,unknown,0,0
0x0039b2bc,FUN_0039b2bc,108,16,unknown,,unknown,0,0
0x0039b328,FUN_0039b328,12,2,unknown,,unknown,0,0
0x0039b334,FUN_0039b334,156,15,unknown,,unknown,0,0
0x0039b3d0,FUN_0039b3d0,280,3,unknown,,unknown,0,0
0x0039b5c8,FUN_0039b5c8,108,4,unknown,,unknown,0,0
0x0039b634,FUN_0039b634,56,2,unknown,,unknown,0,0
0x0039b66c,FUN_0039b66c,68,1,unknown,,unknown,0,0
0x0039b6c8,FUN_0039b6c8,8,4,unknown,,unknown,0,0
0x0039b6d0,FUN_0039b6d0,72,1,unknown,,unknown,0,0
0x0039b718,FUN_0039b718,52,5,unknown,,unknown,0,0
0x0039b74c,FUN_0039b74c,52,3,unknown,,unknown,0,0
0x0039b780,FUN_0039b780,116,9,unknown,,unknown,0,0
0x0039b7f4,FUN_0039b7f4,360,4,unknown,,unknown,0,0
0x0039b95c,FUN_0039b95c,8,4,unknown,,unknown,0,0
0x0039b964,FUN_0039b964,60,2,unknown,,unknown,0,0
0x0039b9a0,FUN_0039b9a0,164,21,unknown,,unknown,0,0
0x0039ba44,FUN_0039ba44,56,6,unknown,,unknown,0,0
0x0039ba7c,FUN_0039ba7c,84,4,unknown,,unknown,0,0
0x0039bad0,FUN_0039bad0,340,2,unknown,,unknown,0,0
0x0039bc24,FUN_0039bc24,244,8,unknown,,unknown,0,0
0x0039be54,FUN_0039be54,716,2,unknown,,unknown,0,0
0x0039c120,FUN_0039c120,308,3,unknown,,unknown,0,0
0x0039c6b4,FUN_0039c6b4,340,2,unknown,,unknown,0,0
0x0039c808,FUN_0039c808,12,5,unknown,,unknown,0,0
0x0039c824,FUN_0039c824,88,74,unknown,,unknown,0,0
0x0039c9cc,FUN_0039c9cc,152,1,unknown,,unknown,0,0
0x0039ca64,FUN_0039ca64,152,1,unknown,,unknown,0,0
0x0039cafc,FUN_0039cafc,164,1,unknown,,unknown,0,0
0x0039cba0,FUN_0039cba0,364,1,unknown,,unknown,0,0
0x0039cd0c,FUN_0039cd0c,76,17,unknown,,unknown,0,0
0x0039cd58,FUN_0039cd58,576,5,unknown,,unknown,0,0
0x0039cf98,FUN_0039cf98,268,1,unknown,,unknown,0,0
0x0039d0a4,FUN_0039d0a4,116,1,unknown,,unknown,0,0
0x0039d118,FUN_0039d118,332,4,unknown,,unknown,0,0
0x0039d7fc,FUN_0039d7fc,96,1,unknown,,unknown,0,0
0x0039dba0,FUN_0039dba0,236,1,unknown,,unknown,0,0
0x0039dc8c,FUN_0039dc8c,136,1,unknown,,unknown,0,0
0x0039dd14,FUN_0039dd14,264,1,unknown,,unknown,0,0
0x0039de1c,FUN_0039de1c,208,1,unknown,,unknown,0,0
0x0039deec,FUN_0039deec,212,1,unknown,,unknown,0,0
0x0039dfc0,FUN_0039dfc0,84,1,unknown,,unknown,0,0
0x0039e014,FUN_0039e014,168,3,unknown,,unknown,0,0
0x0039e0bc,FUN_0039e0bc,140,23,unknown,,unknown,0,0
0x0039e164,FUN_0039e164,1220,1,unknown,,unknown,0,0
0x0039e64c,FUN_0039e64c,44,4,unknown,,unknown,0,0
0x0039e678,FUN_0039e678,208,1,unknown,,unknown,0,0
0x0039e748,FUN_0039e748,196,1,unknown,,unknown,0,0
0x0039ea34,FUN_0039ea34,8,10,unknown,,unknown,0,0
0x0039ea3c,FUN_0039ea3c,348,6,unknown,,unknown,0,0
0x0039eb98,FUN_0039eb98,184,7,unknown,,unknown,0,0
0x0039ec50,FUN_0039ec50,204,12,unknown,,unknown,0,0
0x0039ed1c,FUN_0039ed1c,212,8,unknown,,unknown,0,0
0x0039edf0,FUN_0039edf0,500,1,unknown,,unknown,0,0
0x0039efe4,FUN_0039efe4,172,17,unknown,,unknown,0,0
0x0039f108,FUN_0039f108,112,15,unknown,,unknown,0,0
0x0039f1b4,FUN_0039f1b4,176,54,unknown,,unknown,0,0
0x0039f264,FUN_0039f264,144,2,unknown,,unknown,0,0
0x0039f2f4,FUN_0039f2f4,136,68,unknown,,unknown,0,0
0x0039f3b0,FUN_0039f3b0,28,1,unknown,,unknown,0,0
0x0039f3cc,FUN_0039f3cc,52,1,unknown,,unknown,0,0
0x0039f66c,FUN_0039f66c,132,2,unknown,,unknown,0,0
0x0039f834,FUN_0039f834,8,1,unknown,,unknown,0,0
0x0039f8b0,FUN_0039f8b0,1000,3,unknown,,unknown,0,0
0x0039fed0,FUN_0039fed0,1072,2,xilinx,xplbarb.c,source-path,3,0
0x003a1498,FUN_003a1498,12,3,unknown,,unknown,0,0
0x003a14a4,FUN_003a14a4,40,6,unknown,,unknown,0,0
0x003a15d4,FUN_003a15d4,488,1,unknown,,unknown,0,0
0x003a17bc,FUN_003a17bc,480,1,unknown,,unknown,0,0
0x003a1b38,FUN_003a1b38,220,1,unknown,,unknown,0,0
0x003a1c14,FUN_003a1c14,352,1,unknown,,unknown,0,0
0x003a1d74,FUN_003a1d74,224,1,unknown,,unknown,0,0
0x003a20d8,FUN_003a20d8,5316,10,unknown,,unknown,0,0
0x003a359c,FUN_003a359c,560,1,unknown,,unknown,0,0
0x003a37cc,FUN_003a37cc,5048,6,unknown,,unknown,0,0
0x003a4b84,FUN_003a4b84,396,6,unknown,,unknown,0,0
0x003a4d10,FUN_003a4d10,580,1,unknown,,unknown,0,0
0x003a4f54,FUN_003a4f54,400,3,unknown,,unknown,0,0
0x003a5abc,FUN_003a5abc,228,1,unknown,,unknown,0,0
0x003a5ba0,FUN_003a5ba0,220,1,unknown,,unknown,0,0
0x003a5c7c,FUN_003a5c7c,444,1,unknown,,unknown,0,0
0x003a5e38,FUN_003a5e38,444,1,unknown,,unknown,0,0
0x003a5ff4,FUN_003a5ff4,56,1,unknown,,unknown,0,0
0x003a602c,FUN_003a602c,104,1,unknown,,unknown,0,0
0x003a6094,FUN_003a6094,720,5,unknown,,unknown,0,0
0x003a69f4,FUN_003a69f4,508,2,unknown,,unknown,0,0
0x003a6bf0,FUN_003a6bf0,352,1,unknown,,unknown,0,0
0x003a6d50,FUN_003a6d50,96,1,unknown,,unknown,0,0
0x003a72e8,FUN_003a72e8,148,1,unknown,,unknown,0,0
0x003a737c,FUN_003a737c,136,1,unknown,,unknown,0,0
0x003a759c,FUN_003a759c,288,1,unknown,,unknown,0,0
0x003a790c,FUN_003a790c,64,6,unknown,,unknown,0,0
0x003a794c,FUN_003a794c,3168,2,unknown,,unknown,0,0
0x003a85ac,FUN_003a85ac,244,18,unknown,,unknown,0,0
0x003a86a0,FUN_003a86a0,280,6,unknown,,unknown,0,0
0x003a92c0,FUN_003a92c0,196,1,unknown,,unknown,0,0
0x003a9454,FUN_003a9454,44,3,unknown,,unknown,0,0
0x003a9480,FUN_003a9480,100,1,unknown,,unknown,0,0
0x003a94e4,FUN_003a94e4,420,2,unknown,,unknown,0,0
0x003a9688,FUN_003a9688,328,2,unknown,,unknown,0,0
0x003a97d0,FUN_003a97d0,88,1,unknown,,unknown,0,0
0x003a9828,FUN_003a9828,76,2,unknown,,unknown,0,0
0x003a9874,FUN_003a9874,100,2,unknown,,unknown,0,0
0x003a98d8,FUN_003a98d8,144,2,unknown,,unknown,0,0
0x003aa034,FUN_003aa034,100,1,unknown,,unknown,0,0
0x003aa098,FUN_003aa098,112,1,unknown,,unknown,0,0
0x003aa108,FUN_003aa108,264,4,unknown,,unknown,0,0
0x003aa210,FUN_003aa210,288,2,openssl,,string-flavor,2,0
0x003aa330,FUN_003aa330,540,1,unknown,,unknown,0,0
0x003aa54c,FUN_003aa54c,560,1,unknown,,unknown,0,0
0x003aa77c,FUN_003aa77c,52,1,unknown,,unknown,0,0
0x003aa7b0,FUN_003aa7b0,88,2,unknown,,unknown,0,0
0x003aa808,FUN_003aa808,220,1,unknown,,unknown,0,0
0x003aa8e4,FUN_003aa8e4,196,1,unknown,,unknown,0,0
0x003aa9a8,FUN_003aa9a8,208,1,unknown,,unknown,0,0
0x003aaa78,FUN_003aaa78,260,1,unknown,,unknown,0,0
0x003aab7c,FUN_003aab7c,804,1,openssl,,string-flavor,2,0
0x003aaea0,FUN_003aaea0,272,2,unknown,,unknown,0,0
0x003aafb0,FUN_003aafb0,224,1,unknown,,unknown,0,0
0x003ab090,FUN_003ab090,204,1,unknown,,unknown,0,0
0x003ab15c,FUN_003ab15c,216,1,unknown,,unknown,0,0
0x003ab234,FUN_003ab234,220,1,unknown,,unknown,0,0
0x003ab310,FUN_003ab310,236,4,unknown,,unknown,0,0
0x003ab3fc,FUN_003ab3fc,248,1,unknown,,unknown,0,0
0x003ab4f4,FUN_003ab4f4,72,1,unknown,,unknown,0,0
0x003ab53c,FUN_003ab53c,740,1,unknown,,unknown,0,0
0x003ab820,FUN_003ab820,1140,1,unknown,,unknown,0,0
0x003abc94,FUN_003abc94,520,1,unknown,,unknown,0,0
0x003abe9c,FUN_003abe9c,348,1,unknown,,unknown,0,0
0x003abff8,FUN_003abff8,240,1,unknown,,unknown,0,0
0x003ac0e8,FUN_003ac0e8,136,1,unknown,,unknown,0,0
0x003ac170,FUN_003ac170,104,1,unknown,,unknown,0,0
0x003ac1d8,FUN_003ac1d8,72,1,unknown,,unknown,0,0
0x003ac220,FUN_003ac220,256,1,unknown,,unknown,0,0
0x003ac320,FUN_003ac320,356,1,unknown,,unknown,0,0
0x003ac484,FUN_003ac484,272,1,unknown,,unknown,0,0
0x003ac594,FUN_003ac594,352,6,unknown,,unknown,0,0
0x003adb88,FUN_003adb88,304,7,unknown,,unknown,0,0
0x003adcb8,FUN_003adcb8,480,11,unknown,,unknown,0,0
0x003ade98,FUN_003ade98,192,12,unknown,,unknown,0,0
0x003adf58,FUN_003adf58,300,14,unknown,,unknown,0,0
0x003ae084,FUN_003ae084,580,10,unknown,,unknown,0,0
0x003ae2c8,FUN_003ae2c8,488,6,unknown,,unknown,0,0
0x003ae4b0,FUN_003ae4b0,292,1,unknown,,unknown,0,0
0x003ae5d8,FUN_003ae5d8,304,2,unknown,,unknown,0,0
0x003ae708,FUN_003ae708,268,24,unknown,,unknown,0,0
0x003ae814,FUN_003ae814,236,19,unknown,,unknown,0,0
0x003ae900,FUN_003ae900,7976,9,unknown,,unknown,0,0
0x003b0830,FUN_003b0830,2040,3,unknown,,unknown,0,0
0x003b1030,FUN_003b1030,5528,2,unknown,,unknown,0,0
0x003b25d0,FUN_003b25d0,1408,2,unknown,,unknown,0,0
0x003b2b58,FUN_003b2b58,20,1,unknown,,unknown,0,0
0x003b2b6c,FUN_003b2b6c,48,1,unknown,,unknown,0,0
0x003b2b9c,FUN_003b2b9c,208,1,unknown,,unknown,0,0
0x003b2c6c,FUN_003b2c6c,120,35,unknown,,unknown,0,0
0x003b2ce4,FUN_003b2ce4,28,1,unknown,,unknown,0,0
0x003b2d00,FUN_003b2d00,28,1,unknown,,unknown,0,0
0x003b2d1c,FUN_003b2d1c,124,11,unknown,,unknown,0,0
0x003b2d98,FUN_003b2d98,132,1,unknown,,unknown,0,0
0x003b2e1c,FUN_003b2e1c,72,11,unknown,,unknown,0,0
0x003b2e64,FUN_003b2e64,120,1,unknown,,unknown,0,0
0x003b2edc,FUN_003b2edc,64,1,unknown,,unknown,0,0
0x003b2f1c,FUN_003b2f1c,276,1,unknown,,unknown,0,0
0x003b3030,FUN_003b3030,160,86,unknown,,unknown,0,0
0x003b30d0,FUN_003b30d0,76,1,unknown,,unknown,0,0
0x003b311c,FUN_003b311c,108,37,unknown,,unknown,0,0
0x003b3198,FUN_003b3198,188,1,unknown,,unknown,0,0
0x003b3254,FUN_003b3254,60,2,unknown,,unknown,0,0
0x003b3290,FUN_003b3290,64,1,unknown,,unknown,0,0
0x003b32d0,FUN_003b32d0,1200,17,unknown,,unknown,0,0
0x003b3780,FUN_003b3780,396,2,unknown,,unknown,0,0
0x003b390c,FUN_003b390c,908,2,unknown,,unknown,0,0
0x003b3c98,FUN_003b3c98,272,3,unknown,,unknown,0,0
0x003b3da8,FUN_003b3da8,220,1,unknown,,unknown,0,0
0x003b3e84,FUN_003b3e84,1068,4,unknown,,unknown,0,0
0x003b42b0,FUN_003b42b0,1048,3,unknown,,unknown,0,0
0x003b46c8,FUN_003b46c8,976,2,unknown,,unknown,0,0
0x003b4a98,FUN_003b4a98,128,7,unknown,,unknown,0,0
0x003b4b18,FUN_003b4b18,804,1,unknown,,unknown,0,0
0x003b4e4c,FUN_003b4e4c,352,1,unknown,,unknown,0,0
0x003b4fac,FUN_003b4fac,244,2,unknown,,unknown,0,0
0x003b50a0,FUN_003b50a0,1684,4,unknown,,unknown,0,0
0x003b5734,FUN_003b5734,204,1,openssl,,string-flavor,2,0
0x003b5800,FUN_003b5800,88,1,unknown,,unknown,0,0
0x003b5858,FUN_003b5858,12,5,unknown,,unknown,0,0
0x003b5864,FUN_003b5864,108,1,unknown,,unknown,0,0
0x003b58d0,FUN_003b58d0,96,7,unknown,,unknown,0,0
0x003b5930,FUN_003b5930,80,49,unknown,,unknown,0,0
0x003b5980,FUN_003b5980,140,3,unknown,,unknown,0,0
0x003b5a0c,FUN_003b5a0c,120,22,unknown,,unknown,0,0
0x003b5a84,FUN_003b5a84,12,6,unknown,,unknown,0,0
0x003b5a90,FUN_003b5a90,116,17,unknown,,unknown,0,0
0x003b5b04,FUN_003b5b04,292,2,unknown,,unknown,0,0
0x003b5c28,FUN_003b5c28,112,36,unknown,,unknown,0,0
0x003b5c98,FUN_003b5c98,260,40,unknown,,unknown,0,0
0x003b5d9c,FUN_003b5d9c,112,7,unknown,,unknown,0,0
0x003b5e0c,FUN_003b5e0c,144,1,unknown,,unknown,0,0
0x003b5e9c,FUN_003b5e9c,132,1,unknown,,unknown,0,0
0x003b5f20,FUN_003b5f20,84,4,unknown,,unknown,0,0
0x003b5f74,FUN_003b5f74,52,1,unknown,,unknown,0,0
0x003b5fa8,FUN_003b5fa8,124,57,unknown,,unknown,0,0
0x003b6024,FUN_003b6024,328,3,unknown,,unknown,0,0
0x003b616c,FUN_003b616c,128,3,unknown,,unknown,0,0
0x003b61ec,FUN_003b61ec,100,20,unknown,,unknown,0,0
0x003b6250,FUN_003b6250,236,13,unknown,,unknown,0,0
0x003b633c,FUN_003b633c,228,8,unknown,,unknown,0,0
0x003b6420,FUN_003b6420,160,3,unknown,,unknown,0,0
0x003b64c0,FUN_003b64c0,96,36,unknown,,unknown,0,0
0x003b6520,FUN_003b6520,192,2,unknown,,unknown,0,0
0x003b65e0,FUN_003b65e0,40,2,unknown,,unknown,0,0
0x003b6608,FUN_003b6608,120,4,unknown,,unknown,0,0
0x003b6680,FUN_003b6680,128,4,unknown,,unknown,0,0
0x003b6748,FUN_003b6748,156,14,unknown,,unknown,0,0
0x003b67e4,FUN_003b67e4,88,1,unknown,,unknown,0,0
0x003b683c,FUN_003b683c,116,1,unknown,,unknown,0,0
0x003b68b0,FUN_003b68b0,88,1,unknown,,unknown,0,0
0x003b6908,FUN_003b6908,108,1,unknown,,unknown,0,0
0x003b6974,FUN_003b6974,184,20,unknown,,unknown,0,0
0x003b6a2c,FUN_003b6a2c,96,6,unknown,,unknown,0,0
0x003b6a8c,FUN_003b6a8c,88,1,unknown,,unknown,0,0
0x003b6ae4,FUN_003b6ae4,116,2,unknown,,unknown,0,0
0x003b6b58,FUN_003b6b58,284,2,unknown,,unknown,0,0
0x003b6c74,FUN_003b6c74,176,1,unknown,,unknown,0,0
0x003b6d24,FUN_003b6d24,772,6,unknown,,unknown,0,0
0x003b7028,FUN_003b7028,184,27,unknown,,unknown,0,0
0x003b70e0,FUN_003b70e0,84,2,unknown,,unknown,0,0
0x003b7134,FUN_003b7134,92,7,unknown,,unknown,0,0
0x003b7190,FUN_003b7190,92,7,unknown,,unknown,0,0
0x003b71ec,FUN_003b71ec,468,7,unknown,,unknown,0,0
0x003b73c0,FUN_003b73c0,164,1,unknown,,unknown,0,0
0x003b7464,FUN_003b7464,124,4,unknown,,unknown,0,0
0x003b7a34,FUN_003b7a34,276,5,unknown,,unknown,0,0
0x003b8894,FUN_003b8894,732,9,unknown,,unknown,0,0
0x003b8b70,FUN_003b8b70,188,2,unknown,,unknown,0,0
0x003b8c2c,FUN_003b8c2c,284,2,unknown,,unknown,0,0
0x003b8d48,FUN_003b8d48,164,11,unknown,,unknown,0,0
0x003b8dec,FUN_003b8dec,264,1,unknown,,unknown,0,0
0x003b8ef4,FUN_003b8ef4,1004,7,unknown,,unknown,0,0
0x003b92e0,FUN_003b92e0,12,6,unknown,,unknown,0,0
0x003b92ec,FUN_003b92ec,224,1,unknown,,unknown,0,0
0x003b93cc,FUN_003b93cc,320,1,unknown,,unknown,0,0
0x003b950c,FUN_003b950c,468,1,unknown,,unknown,0,0
0x003b96e0,FUN_003b96e0,636,4,unknown,,unknown,0,0
0x003b995c,FUN_003b995c,284,1,unknown,,unknown,0,0
0x003b9a78,FUN_003b9a78,528,1,unknown,,unknown,0,0
0x003b9c88,FUN_003b9c88,540,2,unknown,,unknown,0,0
0x003b9ea4,FUN_003b9ea4,512,2,unknown,,unknown,0,0
0x003ba0d0,FUN_003ba0d0,548,3,unknown,,unknown,0,0
0x003ba2f4,FUN_003ba2f4,24,6,unknown,,unknown,0,0
0x003ba30c,FUN_003ba30c,24,2,unknown,,unknown,0,0
0x003ba324,FUN_003ba324,24,1,unknown,,unknown,0,0
0x003ba33c,FUN_003ba33c,500,2,unknown,,unknown,0,0
0x003ba530,FUN_003ba530,16,3,unknown,,unknown,0,0
0x003ba540,FUN_003ba540,16,2,unknown,,unknown,0,0
0x003ba560,FUN_003ba560,64,3,unknown,,unknown,0,0
0x003ba5a0,FUN_003ba5a0,92,1,unknown,,unknown,0,0
0x003ba5fc,FUN_003ba5fc,80,2,unknown,,unknown,0,0
0x003ba64c,FUN_003ba64c,108,3,unknown,,unknown,0,0
0x003ba6b8,FUN_003ba6b8,148,2,unknown,,unknown,0,0
0x003ba74c,FUN_003ba74c,632,2,unknown,,unknown,0,0
0x003ba9c4,FUN_003ba9c4,196,6,unknown,,unknown,0,0
0x003baa98,FUN_003baa98,296,7,unknown,,unknown,0,0
0x003babc0,FUN_003babc0,296,13,unknown,,unknown,0,0
0x003bace8,FUN_003bace8,416,8,unknown,,unknown,0,0
0x003bae88,FUN_003bae88,400,12,unknown,,unknown,0,0
0x003bb018,FUN_003bb018,236,2,unknown,,unknown,0,0
0x003bb104,FUN_003bb104,448,4,unknown,,unknown,0,0
0x003bb2c4,FUN_003bb2c4,480,6,unknown,,unknown,0,0
0x003bb4a4,FUN_003bb4a4,108,6,unknown,,unknown,0,0
0x003bb510,FUN_003bb510,244,2,unknown,,unknown,0,0
0x003bb604,FUN_003bb604,320,10,unknown,,unknown,0,0
0x003bb744,FUN_003bb744,264,5,unknown,,unknown,0,0
0x003bb84c,FUN_003bb84c,204,6,unknown,,unknown,0,0
0x003bb918,FUN_003bb918,76,1,unknown,,unknown,0,0
0x003bb964,FUN_003bb964,108,3,unknown,,unknown,0,0
0x003bb9d0,FUN_003bb9d0,104,1,unknown,,unknown,0,0
0x003bba38,FUN_003bba38,308,19,unknown,,unknown,0,0
0x003bca5c,FUN_003bca5c,196,1,unknown,,unknown,0,0
0x003bcb8c,FUN_003bcb8c,120,1,unknown,,unknown,0,0
0x003bcc04,FUN_003bcc04,108,3,unknown,,unknown,0,0
0x003bccc8,FUN_003bccc8,4,38,unknown,,unknown,0,0
0x003bcccc,FUN_003bcccc,4,1,unknown,,unknown,0,0
0x003bccd0,FUN_003bccd0,8,1,unknown,,unknown,0,0
0x003bcce4,FUN_003bcce4,136,4,unknown,,unknown,0,0
0x003bcd6c,FUN_003bcd6c,8,1,unknown,,unknown,0,0
0x003bcd74,FUN_003bcd74,8,1,unknown,,unknown,0,0
0x003bcd7c,FUN_003bcd7c,8,2,unknown,,unknown,0,0
0x003bcd84,FUN_003bcd84,64,1,unknown,,unknown,0,0
0x003bcdc4,FUN_003bcdc4,64,2,unknown,,unknown,0,0
0x003bce04,FUN_003bce04,20,1,unknown,,unknown,0,0
0x003bce18,FUN_003bce18,172,24,unknown,,unknown,0,0
0x003bcec4,FUN_003bcec4,108,33,unknown,,unknown,0,0
0x003bcf30,FUN_003bcf30,104,66,unknown,,unknown,0,0
0x003bcf98,FUN_003bcf98,64,2,unknown,,unknown,0,0
0x003bcfd8,FUN_003bcfd8,388,5,unknown,,unknown,0,0
0x003bd15c,FUN_003bd15c,76,6,unknown,,unknown,0,0
0x003bd1a8,FUN_003bd1a8,160,18,unknown,,unknown,0,0
0x003bd248,FUN_003bd248,44,177,unknown,,unknown,0,0
0x003bd274,FUN_003bd274,84,17,unknown,,unknown,0,0
0x003bd2c8,FUN_003bd2c8,84,1,unknown,,unknown,0,0
0x003bd358,FUN_003bd358,196,2,unknown,,unknown,0,0
0x003bd41c,FUN_003bd41c,248,6,unknown,,unknown,0,0
0x003bd514,FUN_003bd514,68,6,unknown,,unknown,0,0
0x003bd558,FUN_003bd558,156,5,unknown,,unknown,0,0
0x003bd5f4,FUN_003bd5f4,136,2,unknown,,unknown,0,0
0x003bd67c,FUN_003bd67c,64,17,unknown,,unknown,0,0
0x003bd6cc,FUN_003bd6cc,168,5,unknown,,unknown,0,0
0x003bd774,FUN_003bd774,156,1,unknown,,unknown,0,0
0x003bd894,FUN_003bd894,140,5,unknown,,unknown,0,0
0x003bd920,FUN_003bd920,124,2,unknown,,unknown,0,0
0x003bd99c,FUN_003bd99c,204,1,unknown,,unknown,0,0
0x003bda68,FUN_003bda68,204,1,unknown,,unknown,0,0
0x003bdb34,FUN_003bdb34,204,3,unknown,,unknown,0,0
0x003bdc00,FUN_003bdc00,204,2,unknown,,unknown,0,0
0x003bdccc,FUN_003bdccc,244,2,unknown,,unknown,0,0
0x003bddc0,FUN_003bddc0,196,1,unknown,,unknown,0,0
0x003be08c,FUN_003be08c,1244,2,unknown,,unknown,0,0
0x003beed0,FUN_003beed0,120,15,unknown,,unknown,0,0
0x003bef48,FUN_003bef48,120,2,unknown,,unknown,0,0
0x003befc0,FUN_003befc0,120,2,unknown,,unknown,0,0
0x003bf038,FUN_003bf038,128,1,unknown,,unknown,0,0
0x003bf0b8,FUN_003bf0b8,140,45,unknown,,unknown,0,0
0x003bf144,FUN_003bf144,88,6,unknown,,unknown,0,0
0x003bf19c,FUN_003bf19c,96,1,unknown,,unknown,0,0
0x003bf31c,FUN_003bf31c,96,23,unknown,,unknown,0,0
0x003bf37c,FUN_003bf37c,136,3,unknown,,unknown,0,0
0x003bf404,FUN_003bf404,136,12,unknown,,unknown,0,0
0x003bf48c,FUN_003bf48c,100,14,unknown,,unknown,0,0
0x003bf4f0,FUN_003bf4f0,96,9,unknown,,unknown,0,0
0x003bf5b4,FUN_003bf5b4,96,3,unknown,,unknown,0,0
0x003bf614,FUN_003bf614,96,2,unknown,,unknown,0,0
0x003bf674,FUN_003bf674,96,2,unknown,,unknown,0,0
0x003bf6d4,FUN_003bf6d4,108,11,unknown,,unknown,0,0
0x003bf740,FUN_003bf740,72,27,unknown,,unknown,0,0
0x003bf7dc,FUN_003bf7dc,84,1,unknown,,unknown,0,0
0x003bf830,FUN_003bf830,84,4,unknown,,unknown,0,0
0x003bf91c,FUN_003bf91c,96,1,unknown,,unknown,0,0
0x003bf9d0,FUN_003bf9d0,96,6,unknown,,unknown,0,0
0x003bfa84,FUN_003bfa84,100,10,unknown,,unknown,0,0
0x003bfb38,FUN_003bfb38,96,4,unknown,,unknown,0,0
0x003bfb98,FUN_003bfb98,100,6,unknown,,unknown,0,0
0x003bfdd8,FUN_003bfdd8,100,4,unknown,,unknown,0,0
0x003bfe9c,FUN_003bfe9c,96,1,unknown,,unknown,0,0
0x003bfefc,FUN_003bfefc,100,8,unknown,,unknown,0,0
0x003bff60,FUN_003bff60,76,6,unknown,,unknown,0,0
0x003bffac,FUN_003bffac,96,2,unknown,,unknown,0,0
0x003c000c,FUN_003c000c,96,4,unknown,,unknown,0,0
0x003c02b8,FUN_003c02b8,288,2,unknown,,unknown,0,0
0x003c03d8,FUN_003c03d8,68,1,unknown,,unknown,0,0
0x003c041c,FUN_003c041c,192,3,unknown,,unknown,0,0
0x003c04dc,FUN_003c04dc,116,1,unknown,,unknown,0,0
0x003c0774,FUN_003c0774,64,1,unknown,,unknown,0,0
0x003c07b4,FUN_003c07b4,92,2,unknown,,unknown,0,0
0x003c0810,FUN_003c0810,88,1,unknown,,unknown,0,0
0x003c0868,FUN_003c0868,36,2,unknown,,unknown,0,0
0x003c088c,FUN_003c088c,28,2,unknown,,unknown,0,0
0x003c08a8,FUN_003c08a8,1496,2,unknown,,unknown,0,0
0x003c0e80,FUN_003c0e80,224,3,unknown,,unknown,0,0
0x003c0f60,FUN_003c0f60,164,1,unknown,,unknown,0,0
0x003c118c,FUN_003c118c,64,1,unknown,,unknown,0,0
0x003c11cc,FUN_003c11cc,6340,4,unknown,,unknown,0,0
0x003c2a90,FUN_003c2a90,56,3,unknown,,unknown,0,0
0x003c2ac8,FUN_003c2ac8,228,2,unknown,,unknown,0,0
0x003c2bac,FUN_003c2bac,288,2,unknown,,unknown,0,0
0x003c2ea8,FUN_003c2ea8,7000,2,unknown,,unknown,0,0
0x003c4a00,FUN_003c4a00,112,1,unknown,,unknown,0,0
0x003c4a70,FUN_003c4a70,216,3,unknown,,unknown,0,0
0x003c4b48,FUN_003c4b48,416,1,unknown,,unknown,0,0
0x003c4e70,FUN_003c4e70,148,3,unknown,,unknown,0,0
0x003c4f04,FUN_003c4f04,556,4,unknown,,unknown,0,0
0x003c5130,FUN_003c5130,264,2,unknown,,unknown,0,0
0x003c5238,FUN_003c5238,8,2,unknown,,unknown,0,0
0x003c5240,FUN_003c5240,372,3,unknown,,unknown,0,0
0x003c5540,FUN_003c5540,212,1,unknown,,unknown,0,0
0x003c57ac,FUN_003c57ac,1204,3,unknown,,unknown,0,0
0x003c5c60,FUN_003c5c60,212,1,unknown,,unknown,0,0
0x003c5d34,FUN_003c5d34,152,2,unknown,,unknown,0,0
0x003c5dcc,FUN_003c5dcc,416,2,unknown,,unknown,0,0
0x003c6100,FUN_003c6100,176,7,unknown,,unknown,0,0
0x003c61b0,FUN_003c61b0,104,7,unknown,,unknown,0,0
0x003c62e0,FUN_003c62e0,344,1,unknown,,unknown,0,0
0x003c6370,FUN_003c6370,52,1,unknown,,unknown,0,0
0x003c63a4,FUN_003c63a4,156,1,unknown,,unknown,0,0
0x003c66b8,FUN_003c66b8,380,46,unknown,,unknown,0,0
0x003c6834,FUN_003c6834,240,1,unknown,,unknown,0,0
0x003c6924,FUN_003c6924,148,1,unknown,,unknown,0,0
0x003c69b8,FUN_003c69b8,96,2,unknown,,unknown,0,0
0x003c6a18,FUN_003c6a18,160,1,unknown,,unknown,0,0
0x003c6ab8,FUN_003c6ab8,160,2,unknown,,unknown,0,0
0x003c6b58,FUN_003c6b58,184,2,unknown,,unknown,0,0
0x003c6c10,FUN_003c6c10,60,1,unknown,,unknown,0,0
0x003c6c4c,FUN_003c6c4c,148,1,unknown,,unknown,0,0
0x003c6ce0,FUN_003c6ce0,104,1,unknown,,unknown,0,0
0x003c6d48,FUN_003c6d48,116,10,unknown,,unknown,0,0
0x003c6dbc,FUN_003c6dbc,44,1,unknown,,unknown,0,0
0x003c6de8,FUN_003c6de8,100,10,unknown,,unknown,0,0
0x003c6e4c,FUN_003c6e4c,48,1,unknown,,unknown,0,0
0x003c6e7c,FUN_003c6e7c,104,8,unknown,,unknown,0,0
0x003c6f74,FUN_003c6f74,8,1,unknown,,unknown,0,0
0x003c6f7c,FUN_003c6f7c,8,1,unknown,,unknown,0,0
0x003c6f84,FUN_003c6f84,16,1,unknown,,unknown,0,0
0x003c6f94,FUN_003c6f94,16,2,unknown,,unknown,0,0
0x003c6fa4,FUN_003c6fa4,8,1,unknown,,unknown,0,0
0x003c6fc8,FUN_003c6fc8,124,1,unknown,,unknown,0,0
0x003c735c,FUN_003c735c,176,1,unknown,,unknown,0,0
0x003c740c,FUN_003c740c,104,2,unknown,,unknown,0,0
0x003c7474,FUN_003c7474,92,8,unknown,,unknown,0,0
0x003c74d0,FUN_003c74d0,188,1,unknown,,unknown,0,0
0x003c758c,FUN_003c758c,20,2,unknown,,unknown,0,0
0x003c7898,FUN_003c7898,260,2,unknown,,unknown,0,0
0x003c7b1c,FUN_003c7b1c,204,1,unknown,,unknown,0,0
0x003c80f4,FUN_003c80f4,172,2,unknown,,unknown,0,0
0x003c81a0,FUN_003c81a0,220,7,unknown,,unknown,0,0
0x003c82d4,FUN_003c82d4,48,1,unknown,,unknown,0,0
0x003c8304,FUN_003c8304,228,13,unknown,,unknown,0,0
0x003c83e8,FUN_003c83e8,144,1,unknown,,unknown,0,0
0x003c8478,FUN_003c8478,216,13,unknown,,unknown,0,0
0x003c8550,FUN_003c8550,128,1,unknown,,unknown,0,0
0x003c85d0,FUN_003c85d0,36,2,unknown,,unknown,0,0
0x003c85f4,FUN_003c85f4,384,2,unknown,,unknown,0,0
0x003c886c,FUN_003c886c,624,1,unknown,,unknown,0,0
0x003c8adc,FUN_003c8adc,244,1,unknown,,unknown,0,0
0x003c8bd0,FUN_003c8bd0,180,1,unknown,,unknown,0,0
0x003c8c84,FUN_003c8c84,436,35,unknown,,unknown,0,0
0x003c8e38,FUN_003c8e38,200,1,unknown,,unknown,0,0
0x003c8f6c,FUN_003c8f6c,20,1,unknown,,unknown,0,0
0x003c8fcc,FUN_003c8fcc,128,29,unknown,,unknown,0,0
0x003c905c,FUN_003c905c,28,3,unknown,,unknown,0,0
0x003c9078,FUN_003c9078,72,2,unknown,,unknown,0,0
0x003c90c0,FUN_003c90c0,104,7,unknown,,unknown,0,0
0x003c9128,FUN_003c9128,124,9,unknown,,unknown,0,0
0x003c91a4,FUN_003c91a4,176,14,unknown,,unknown,0,0
0x003c9b64,FUN_003c9b64,840,3,unknown,,unknown,0,0
0x003c9eac,FUN_003c9eac,132,54,unknown,,unknown,0,0
0x003cada0,FUN_003cada0,172,149,unknown,,unknown,0,0
0x003cae4c,FUN_003cae4c,140,163,unknown,,unknown,0,0
0x003caed8,FUN_003caed8,880,3,unknown,,unknown,0,0
0x003cb248,FUN_003cb248,120,261,unknown,,unknown,0,0
0x003cb2c0,FUN_003cb2c0,144,65,unknown,,unknown,0,0
0x003cb350,FUN_003cb350,116,2428,unknown,,unknown,0,0
0x003cb544,FUN_003cb544,36,1,unknown,,unknown,0,0
0x003cb568,FUN_003cb568,336,4,unknown,,unknown,0,0
0x003cb6b8,FUN_003cb6b8,176,1,unknown,,unknown,0,0
0x003cb768,FUN_003cb768,2132,1,unknown,,unknown,0,0
0x003cc48c,FUN_003cc48c,372,2,unknown,,unknown,0,0
0x003cc614,FUN_003cc614,16,1,unknown,,unknown,0,0
0x003cc624,FUN_003cc624,40,3,unknown,,unknown,0,0
0x003cc64c,FUN_003cc64c,16,1,unknown,,unknown,0,0
0x003cc65c,FUN_003cc65c,56,2,unknown,,unknown,0,0
0x003cc694,FUN_003cc694,12,1,unknown,,unknown,0,0
0x003cc6a0,FUN_003cc6a0,12,1,unknown,,unknown,0,0
0x003cc7cc,FUN_003cc7cc,96,9,unknown,,unknown,0,0
0x003cc82c,FUN_003cc82c,96,13,unknown,,unknown,0,0
0x003cc8d4,FUN_003cc8d4,60,9,unknown,,unknown,0,0
0x003cca2c,FUN_003cca2c,1120,50,unknown,,unknown,0,0
0x003ccff8,FUN_003ccff8,192,4,unknown,,unknown,0,0
0x003cd0b8,FUN_003cd0b8,196,2,unknown,,unknown,0,0
0x003cd17c,FUN_003cd17c,232,16,unknown,,unknown,0,0
0x003cd264,FUN_003cd264,328,2,unknown,,unknown,0,0
0x003cd3ac,FUN_003cd3ac,392,1,unknown,,unknown,0,0
0x003cd534,FUN_003cd534,352,1,unknown,,unknown,0,0
0x003cd77c,FUN_003cd77c,96,2,unknown,,unknown,0,0
0x003cd848,FUN_003cd848,1112,4,unknown,,unknown,0,0
0x003cdf48,FUN_003cdf48,584,3,unknown,,unknown,0,0
0x003ce190,FUN_003ce190,320,3,unknown,,unknown,0,0
0x003ce4b4,FUN_003ce4b4,24,1,unknown,,unknown,0,0
0x003ce56c,FUN_003ce56c,1084,32,unknown,,unknown,0,0
0x003cee7c,FUN_003cee7c,1068,9,unknown,,unknown,0,0
0x003cf368,FUN_003cf368,368,4,unknown,,unknown,0,0
0x003cf4d8,FUN_003cf4d8,208,4,unknown,,unknown,0,0
0x003cf5a8,FUN_003cf5a8,56,4,unknown,,unknown,0,0
0x003cf96c,FUN_003cf96c,100,3,unknown,,unknown,0,0
0x003cf9d0,FUN_003cf9d0,56,3,unknown,,unknown,0,0
0x003cfa08,FUN_003cfa08,84,1,unknown,,unknown,0,0
0x003cfc28,FUN_003cfc28,48,4,unknown,,unknown,0,0
0x003cfe50,FUN_003cfe50,308,1,unknown,,unknown,0,0
0x003cff84,FUN_003cff84,12,1,unknown,,unknown,0,0
0x003cffd0,FUN_003cffd0,148,11,unknown,,unknown,0,0
0x003d0064,FUN_003d0064,224,7,unknown,,unknown,0,0
0x003d02ec,FUN_003d02ec,300,2,unknown,,unknown,0,0
0x003d0418,FUN_003d0418,188,2,unknown,,unknown,0,0
0x003d04d4,FUN_003d04d4,352,2,unknown,,unknown,0,0
0x003d0634,FUN_003d0634,372,2,unknown,,unknown,0,0
0x003d07a8,FUN_003d07a8,392,2,unknown,,unknown,0,0
0x003d0930,FUN_003d0930,1680,2,unknown,,unknown,0,0
0x003d11c4,FUN_003d11c4,80,11,unknown,,unknown,0,0
0x003d1214,FUN_003d1214,164,889,unknown,,unknown,0,0
0x003d12b8,FUN_003d12b8,132,958,unknown,,unknown,0,0
0x003d1368,FUN_003d1368,28,4,unknown,,unknown,0,0
0x003d1384,FUN_003d1384,24,2,unknown,,unknown,0,0
0x003d139c,FUN_003d139c,24,2,unknown,,unknown,0,0
0x003d13b4,FUN_003d13b4,20,2,unknown,,unknown,0,0
0x003d13c8,FUN_003d13c8,16,4,unknown,,unknown,0,0
0x003d13e8,FUN_003d13e8,16,2,unknown,,unknown,0,0
0x003d13f8,FUN_003d13f8,16,2,unknown,,unknown,0,0
0x003d1408,FUN_003d1408,208,2,unknown,,unknown,0,0
0x003d14d8,FUN_003d14d8,436,2,unknown,,unknown,0,0
0x003d168c,FUN_003d168c,356,4,unknown,,unknown,0,0
0x003d1934,FUN_003d1934,252,6,red,,callgraph,2,1
0x003d1a30,FUN_003d1a30,276,1,unknown,,unknown,0,0
0x003d1b44,FUN_003d1b44,72,2,unknown,,unknown,0,0
0x003d1ecc,FUN_003d1ecc,144,7,unknown,,unknown,0,0
0x003d2104,FUN_003d2104,264,2,unknown,,unknown,0,0
0x003d22e0,FUN_003d22e0,112,8,unknown,,unknown,0,0
0x003d2350,FUN_003d2350,300,7,unknown,,unknown,0,0
0x003d2488,FUN_003d2488,84,2,unknown,,unknown,0,0
0x003d24dc,FUN_003d24dc,236,1,unknown,,unknown,0,0
0x003d260c,FUN_003d260c,92,1,unknown,,unknown,0,0
0x003d2784,FUN_003d2784,720,127,unknown,,unknown,0,0
0x003d2a54,FUN_003d2a54,88,1,unknown,,unknown,0,0
0x003d2aac,FUN_003d2aac,860,2,unknown,,unknown,0,0
0x003d2e08,FUN_003d2e08,68,8,unknown,,unknown,0,0
0x003d2e4c,FUN_003d2e4c,468,3,unknown,,unknown,0,0
0x003d3020,FUN_003d3020,72,17,unknown,,unknown,0,0
0x003d3068,FUN_003d3068,304,1,unknown,,unknown,0,0
0x003d3198,FUN_003d3198,580,1,unknown,,unknown,0,0
0x003d33dc,FUN_003d33dc,676,1,openssl,,string-flavor,2,0
0x003d3680,FUN_003d3680,260,1,unknown,,unknown,0,0
0x003d3784,FUN_003d3784,20,1,unknown,,unknown,0,0
0x003d3820,FUN_003d3820,40,1,unknown,,unknown,0,0
0x003d3848,FUN_003d3848,748,1,unknown,,unknown,0,0
0x003d3b34,FUN_003d3b34,1448,8,unknown,,unknown,0,0
0x003d422c,FUN_003d422c,84,2,unknown,,unknown,0,0
0x003d4280,FUN_003d4280,828,2,unknown,,unknown,0,0
0x003d45bc,FUN_003d45bc,488,1,unknown,,unknown,0,0
0x003d4f20,FUN_003d4f20,44,1,unknown,,unknown,0,0
0x003d4f4c,FUN_003d4f4c,132,8,unknown,,unknown,0,0
0x003d4fd0,FUN_003d4fd0,300,2,unknown,,unknown,0,0
0x003d50fc,FUN_003d50fc,104,1,unknown,,unknown,0,0
0x003d51d8,FUN_003d51d8,336,2,unknown,,unknown,0,0
0x003d5328,FUN_003d5328,12,1,unknown,,unknown,0,0
0x003d5334,FUN_003d5334,228,4,unknown,,unknown,0,0
0x003d5474,FUN_003d5474,1192,1,unknown,,unknown,0,0
0x003d591c,FUN_003d591c,16,7,unknown,,unknown,0,0
0x003d59cc,FUN_003d59cc,264,1,unknown,,unknown,0,0
0x003d5ad4,FUN_003d5ad4,60,1,unknown,,unknown,0,0
0x003d5b10,FUN_003d5b10,596,2,unknown,,unknown,0,0
0x003d5d64,FUN_003d5d64,284,2,unknown,,unknown,0,0
0x003d5ee0,FUN_003d5ee0,152,2,unknown,,unknown,0,0
0x003d6178,FUN_003d6178,532,2,unknown,,unknown,0,0
0x003d63a0,FUN_003d63a0,816,4,unknown,,unknown,0,0
0x003d6f5c,FUN_003d6f5c,140,3,unknown,,unknown,0,0
0x003d6fe8,FUN_003d6fe8,528,1,unknown,,unknown,0,0
0x003d71f8,FUN_003d71f8,752,1,unknown,,unknown,0,0
0x003d74e8,FUN_003d74e8,296,1,unknown,,unknown,0,0
0x003d7788,FUN_003d7788,180,2,unknown,,unknown,0,0
0x003d78b4,FUN_003d78b4,32,2,unknown,,unknown,0,0
0x003d78d4,FUN_003d78d4,44,1,unknown,,unknown,0,0
0x003d7900,FUN_003d7900,232,1,unknown,,unknown,0,0
0x003d79e8,FUN_003d79e8,240,1,openssl,,string-flavor,2,0
0x003d7ad8,FUN_003d7ad8,172,1,unknown,,unknown,0,0
0x003d7b84,FUN_003d7b84,468,1,unknown,,unknown,0,0
0x003d7db8,FUN_003d7db8,296,1,unknown,,unknown,0,0
0x003d7ee0,FUN_003d7ee0,128,1,unknown,,unknown,0,0
0x003d7f60,FUN_003d7f60,68,6,unknown,,unknown,0,0
0x003d7fa4,FUN_003d7fa4,316,5,unknown,,unknown,0,0
0x003d80e0,FUN_003d80e0,1364,1,unknown,,unknown,0,0
0x003d8634,FUN_003d8634,68,1,unknown,,unknown,0,0
0x003d8678,FUN_003d8678,112,2,unknown,,unknown,0,0
0x003d86e8,FUN_003d86e8,496,1,unknown,,unknown,0,0
0x003d88d8,FUN_003d88d8,96,3,unknown,,unknown,0,0
0x003d8938,FUN_003d8938,248,1,unknown,,unknown,0,0
0x003d8a30,FUN_003d8a30,256,1,unknown,,unknown,0,0
0x003d8b30,FUN_003d8b30,160,1,unknown,,unknown,0,0
0x003d8bd0,FUN_003d8bd0,52,1,unknown,,unknown,0,0
0x003d8d24,FUN_003d8d24,24,1,unknown,,unknown,0,0
0x003d8d3c,FUN_003d8d3c,456,3,unknown,,unknown,0,0
0x003d8f04,FUN_003d8f04,16,1,unknown,,unknown,0,0
0x003d9094,FUN_003d9094,172,2,unknown,,unknown,0,0
0x003d9140,FUN_003d9140,196,2,unknown,,unknown,0,0
0x003d9204,FUN_003d9204,116,12,unknown,,unknown,0,0
0x003d9278,FUN_003d9278,40,2,unknown,,unknown,0,0
0x003d92a0,FUN_003d92a0,660,1,unknown,,unknown,0,0
0x003d9534,FUN_003d9534,88,2,unknown,,unknown,0,0
0x003d958c,FUN_003d958c,216,1,unknown,,unknown,0,0
0x003d972c,FUN_003d972c,148,1,unknown,,unknown,0,0
0x003d97c0,FUN_003d97c0,12,1,unknown,,unknown,0,0
0x003d97cc,FUN_003d97cc,144,4,unknown,,unknown,0,0
0x003d985c,FUN_003d985c,216,1,unknown,,unknown,0,0
0x003d9934,FUN_003d9934,628,5,unknown,,unknown,0,0
0x003d9bd8,FUN_003d9bd8,24,1,unknown,,unknown,0,0
0x003d9bf0,FUN_003d9bf0,24,1,unknown,,unknown,0,0
0x003d9cb0,FUN_003d9cb0,136,1,unknown,,unknown,0,0
0x003d9de0,FUN_003d9de0,356,1,unknown,,unknown,0,0
0x003da570,FUN_003da570,596,18,unknown,,unknown,0,0
0x003da7c4,FUN_003da7c4,84,2,unknown,,unknown,0,0
0x003da818,FUN_003da818,112,1,unknown,,unknown,0,0
0x003daa9c,FUN_003daa9c,76,18,unknown,,unknown,0,0
0x003dab3c,FUN_003dab3c,140,4,unknown,,unknown,0,0
0x003dabc8,FUN_003dabc8,188,5,unknown,,unknown,0,0
0x003daccc,FUN_003daccc,160,1,red,lib/libstorage,source-path,3,1
0x003dadf0,FUN_003dadf0,204,8,unknown,,unknown,0,0
0x003daebc,FUN_003daebc,204,2,unknown,,unknown,0,0
0x003daf88,FUN_003daf88,204,2,unknown,,unknown,0,0
0x003db064,FUN_003db064,16,3,unknown,,unknown,0,0
0x003db074,FUN_003db074,120,6,unknown,,unknown,0,0
0x003db164,FUN_003db164,112,26,unknown,,unknown,0,0
0x003db1d4,FUN_003db1d4,172,2,unknown,,unknown,0,0
0x003db31c,FUN_003db31c,156,17,unknown,,unknown,0,0
0x003db608,FUN_003db608,120,20,unknown,,unknown,0,0
0x003db680,FUN_003db680,220,3,unknown,,unknown,0,0
0x003db75c,FUN_003db75c,276,5,unknown,,unknown,0,0
0x003db870,FUN_003db870,480,8,unknown,,unknown,0,0
0x003dba50,FUN_003dba50,648,1,unknown,,unknown,0,0
0x003dbd48,FUN_003dbd48,64,2,unknown,,unknown,0,0
0x003dbd88,FUN_003dbd88,480,1,unknown,,unknown,0,0
0x003dc1c0,FUN_003dc1c0,140,1,unknown,,unknown,0,0
0x003dc24c,FUN_003dc24c,160,1,unknown,,unknown,0,0
0x003dc33c,FUN_003dc33c,288,3,unknown,,unknown,0,0
0x003dc45c,FUN_003dc45c,384,2,unknown,,unknown,0,0
0x003dc788,FUN_003dc788,1324,1,unknown,,unknown,0,0
0x003dcd38,FUN_003dcd38,400,2,unknown,,unknown,0,0
0x003dcec8,FUN_003dcec8,408,1,unknown,,unknown,0,0
0x003dd060,FUN_003dd060,68,4,unknown,,unknown,0,0
0x003dd0a4,FUN_003dd0a4,88,4,unknown,,unknown,0,0
0x003dd168,FUN_003dd168,284,8,unknown,,unknown,0,0
0x003dd2b0,FUN_003dd2b0,360,16,unknown,,unknown,0,0
0x003dd418,FUN_003dd418,732,12,unknown,,unknown,0,0
0x003dd960,FUN_003dd960,60,2,unknown,,unknown,0,0
0x003ddbd8,FUN_003ddbd8,192,1,unknown,,unknown,0,0
0x003de120,FUN_003de120,72,6,unknown,,unknown,0,0
0x003de378,FUN_003de378,108,2,unknown,,unknown,0,0
0x003de99c,FUN_003de99c,180,2,unknown,,unknown,0,0
0x003dea50,FUN_003dea50,212,1,unknown,,unknown,0,0
0x003deef8,FUN_003deef8,152,6,unknown,,unknown,0,0
0x003df434,FUN_003df434,380,1,unknown,,unknown,0,0
0x003dfe28,FUN_003dfe28,268,1,unknown,,unknown,0,0
0x003dff34,FUN_003dff34,120,4,unknown,,unknown,0,0
0x003e0108,FUN_003e0108,84,2,unknown,,unknown,0,0
0x003e071c,FUN_003e071c,248,2,unknown,,unknown,0,0
0x003e0f20,FUN_003e0f20,60,1,unknown,,unknown,0,0
0x003e1034,FUN_003e1034,156,1,unknown,,unknown,0,0
0x003e10d0,FUN_003e10d0,752,1,unknown,,unknown,0,0
0x003e1634,FUN_003e1634,44,2,unknown,,unknown,0,0
0x003e1660,FUN_003e1660,164,1,unknown,,unknown,0,0
0x003e1704,FUN_003e1704,136,1,unknown,,unknown,0,0
0x003e274c,FUN_003e274c,832,1,unknown,,unknown,0,0
0x003e2a8c,FUN_003e2a8c,188,12,unknown,,unknown,0,0
0x003e2b48,FUN_003e2b48,232,2,unknown,,unknown,0,0
0x003e2cf8,FUN_003e2cf8,144,3,unknown,,unknown,0,0
0x003e2d88,FUN_003e2d88,244,1,unknown,,unknown,0,0
0x003e2ee0,FUN_003e2ee0,100,1,unknown,,unknown,0,0
0x003e2f44,FUN_003e2f44,100,1,unknown,,unknown,0,0
0x003e31e0,FUN_003e31e0,448,1,unknown,,unknown,0,0
0x003e34c4,FUN_003e34c4,136,1,unknown,,unknown,0,0
0x003e3618,FUN_003e3618,264,2,unknown,,unknown,0,0
0x003e3720,FUN_003e3720,16,4,unknown,,unknown,0,0
0x003e38d4,FUN_003e38d4,388,1,unknown,,unknown,0,0
0x003e3a58,FUN_003e3a58,912,20,unknown,,unknown,0,0
0x003e3de8,FUN_003e3de8,372,3,unknown,,unknown,0,0
0x003e3f5c,FUN_003e3f5c,324,4,unknown,,unknown,0,0
0x003e4240,FUN_003e4240,144,1,unknown,,unknown,0,0
0x003e42e4,FUN_003e42e4,16,1,unknown,,unknown,0,0
0x003e4510,FUN_003e4510,192,2,unknown,,unknown,0,0
0x003e45d0,FUN_003e45d0,796,1,unknown,,unknown,0,0
0x003e48ec,FUN_003e48ec,312,1,unknown,,unknown,0,0
0x003e4a24,FUN_003e4a24,360,1,unknown,,unknown,0,0
0x003e4b8c,FUN_003e4b8c,380,2,unknown,,unknown,0,0
0x003e4f14,FUN_003e4f14,120,4,unknown,,unknown,0,0
0x003e5014,FUN_003e5014,16,1,unknown,,unknown,0,0
0x003e5024,FUN_003e5024,124,1,unknown,,unknown,0,0
0x003e50a0,FUN_003e50a0,952,2,unknown,,unknown,0,0
0x003e5458,FUN_003e5458,152,3,unknown,,unknown,0,0
0x003e54f0,FUN_003e54f0,160,1,unknown,,unknown,0,0
0x003e5590,FUN_003e5590,60,1,unknown,,unknown,0,0
0x003e55cc,FUN_003e55cc,352,1,unknown,,unknown,0,0
0x003e57ac,FUN_003e57ac,1176,1,unknown,,unknown,0,0
0x003e5c44,FUN_003e5c44,116,1,unknown,,unknown,0,0
0x003e5cb8,FUN_003e5cb8,524,1,unknown,,unknown,0,0
0x003e60c8,FUN_003e60c8,176,1,unknown,,unknown,0,0
0x003e6178,FUN_003e6178,68,2,unknown,,unknown,0,0
0x003e63e0,FUN_003e63e0,396,26,unknown,,unknown,0,0
0x003e656c,FUN_003e656c,188,20,unknown,,unknown,0,0
0x003e6628,FUN_003e6628,236,2,unknown,,unknown,0,0
0x003e69a4,FUN_003e69a4,96,4,unknown,,unknown,0,0
0x003e6a04,FUN_003e6a04,160,2,unknown,,unknown,0,0
0x003e6aa4,FUN_003e6aa4,272,2,unknown,,unknown,0,0
0x003e6f5c,FUN_003e6f5c,12,1,unknown,,unknown,0,0
0x003e6f98,FUN_003e6f98,84,1,unknown,,unknown,0,0
0x003e72e8,FUN_003e72e8,260,6,unknown,,unknown,0,0
0x003e75ac,FUN_003e75ac,56,3,unknown,,unknown,0,0
0x003e7bfc,FUN_003e7bfc,12,1,unknown,,unknown,0,0
0x003e7d20,FUN_003e7d20,112,1,unknown,,unknown,0,0
0x003e7d90,FUN_003e7d90,52,1,unknown,,unknown,0,0
0x003e8148,FUN_003e8148,12,1,unknown,,unknown,0,0
0x003e8154,FUN_003e8154,92,2,unknown,,unknown,0,0
0x003e81b0,FUN_003e81b0,280,8,unknown,,unknown,0,0
0x003e8a80,FUN_003e8a80,1324,2,unknown,,unknown,0,0
0x003e8fac,FUN_003e8fac,96,5,unknown,,unknown,0,0
0x003e90ac,FUN_003e90ac,248,8,unknown,,unknown,0,0
0x003e91a4,FUN_003e91a4,212,5,unknown,,unknown,0,0
0x003e9278,FUN_003e9278,484,5,unknown,,unknown,0,0
0x003e945c,FUN_003e945c,336,3,unknown,,unknown,0,0
0x003e9688,FUN_003e9688,472,1,unknown,,unknown,0,0
0x003e9860,FUN_003e9860,860,1,unknown,,unknown,0,0
0x003e9bbc,FUN_003e9bbc,444,3,unknown,,unknown,0,0
0x003e9d78,FUN_003e9d78,480,2,unknown,,unknown,0,0
0x003e9f58,FUN_003e9f58,1352,1,unknown,,unknown,0,0
0x003ea4a0,FUN_003ea4a0,420,1,unknown,,unknown,0,0
0x003ea644,FUN_003ea644,368,1,unknown,,unknown,0,0
0x003ea7b4,FUN_003ea7b4,100,3,unknown,,unknown,0,0
0x003ea8b8,FUN_003ea8b8,1036,3,unknown,,unknown,0,0
0x003eacc4,FUN_003eacc4,1524,2,unknown,,unknown,0,0
0x003ec6fc,FUN_003ec6fc,164,2,unknown,,unknown,0,0
0x003ec8b0,FUN_003ec8b0,156,1,red,lib/libstorage,source-path,3,1
0x003ecab4,FUN_003ecab4,240,1,unknown,,unknown,0,0
0x003ecba4,FUN_003ecba4,580,6,unknown,,unknown,0,0
0x003ed1c4,FUN_003ed1c4,612,2,unknown,,unknown,0,0
0x003ed4e0,FUN_003ed4e0,292,1,unknown,,unknown,0,0
0x003ed604,FUN_003ed604,756,5,unknown,,unknown,0,0
0x003ed8f8,FUN_003ed8f8,104,6,unknown,,unknown,0,0
0x003ed960,FUN_003ed960,292,5,unknown,,unknown,0,0
0x003eda84,FUN_003eda84,4928,2,unknown,,unknown,0,0
0x003eedc4,FUN_003eedc4,1632,1,unknown,,unknown,0,0
0x003ef424,FUN_003ef424,436,3,unknown,,unknown,0,0
0x003ef5d8,FUN_003ef5d8,228,2,unknown,,unknown,0,0
0x003ef6bc,FUN_003ef6bc,1728,1,unknown,,unknown,0,0
0x003eff24,FUN_003eff24,184,1,unknown,,unknown,0,0
0x003effdc,FUN_003effdc,2912,1,unknown,,unknown,0,0
0x003f0b48,FUN_003f0b48,56,1,unknown,,unknown,0,0
0x003f0eb8,FUN_003f0eb8,100,1,unknown,,unknown,0,0
0x003f0f68,FUN_003f0f68,584,1,unknown,,unknown,0,0
0x003f11b0,FUN_003f11b0,1264,1,unknown,,unknown,0,0
0x003f16a0,FUN_003f16a0,1540,5,unknown,,unknown,0,0
0x003f1ca4,FUN_003f1ca4,116,1,unknown,,unknown,0,0
0x003f1d18,FUN_003f1d18,328,2,unknown,,unknown,0,0
0x003f2a88,FUN_003f2a88,304,1,unknown,,unknown,0,0
0x003f2ef4,FUN_003f2ef4,156,1,unknown,,unknown,0,0
0x003f30f0,FUN_003f30f0,664,1,red,lib/libstorage,source-path,3,1
0x003f3388,FUN_003f3388,376,1,red,lib/libstorage,source-path,3,1
0x003f3500,FUN_003f3500,356,1,unknown,,unknown,0,0
0x003f36e4,FUN_003f36e4,852,1,openssl,,string-flavor,2,0
0x003f3d20,FUN_003f3d20,468,1,red,lib/libstorage,source-path,3,1
0x003f3f2c,FUN_003f3f2c,40,1,unknown,,unknown,0,0
0x003f3fb4,FUN_003f3fb4,140,3,unknown,,unknown,0,0
0x003f4040,FUN_003f4040,100,2,unknown,,unknown,0,0
0x003f40a4,FUN_003f40a4,84,1,unknown,,unknown,0,0
0x003f40f8,FUN_003f40f8,96,2,unknown,,unknown,0,0
0x003f4158,FUN_003f4158,128,3,unknown,,unknown,0,0
0x003f41d8,FUN_003f41d8,172,5,unknown,,unknown,0,0
0x003f4284,FUN_003f4284,956,1,unknown,,unknown,0,0
0x003f4640,FUN_003f4640,464,4,unknown,,unknown,0,0
0x003f4810,FUN_003f4810,444,4,unknown,,unknown,0,0
0x003f49cc,FUN_003f49cc,1268,2,unknown,,unknown,0,0
0x003f4ec0,FUN_003f4ec0,4400,2,unknown,,unknown,0,0
0x003f5ff0,FUN_003f5ff0,1236,1,unknown,,unknown,0,0
0x003f64c4,FUN_003f64c4,56,4,unknown,,unknown,0,0
0x003f64fc,FUN_003f64fc,424,3,unknown,,unknown,0,0
0x003f66a4,FUN_003f66a4,304,3,unknown,,unknown,0,0
0x003f67d4,FUN_003f67d4,356,2,unknown,,unknown,0,0
0x003f6938,FUN_003f6938,2316,5,unknown,,unknown,0,0
0x003f7244,FUN_003f7244,2160,2,unknown,,unknown,0,0
0x003f7ab4,FUN_003f7ab4,248,6,unknown,,unknown,0,0
0x003f7bac,FUN_003f7bac,124,3,unknown,,unknown,0,0
0x003f7c28,FUN_003f7c28,904,3,unknown,,unknown,0,0
0x003f7fb0,FUN_003f7fb0,260,2,unknown,,unknown,0,0
0x003f80b4,FUN_003f80b4,280,6,unknown,,unknown,0,0
0x003f81cc,FUN_003f81cc,468,3,unknown,,unknown,0,0
0x003f8480,FUN_003f8480,224,1,unknown,,unknown,0,0
0x003f8560,FUN_003f8560,244,2,unknown,,unknown,0,0
0x003f8654,FUN_003f8654,256,2,unknown,,unknown,0,0
0x003f8754,FUN_003f8754,496,1,unknown,,unknown,0,0
0x003f89ac,FUN_003f89ac,476,5,unknown,,unknown,0,0
0x003f8e80,FUN_003f8e80,216,3,unknown,,unknown,0,0
0x003f8f58,FUN_003f8f58,272,4,unknown,,unknown,0,0
0x003f9068,FUN_003f9068,20,1,unknown,,unknown,0,0
0x003f9100,FUN_003f9100,204,2,unknown,,unknown,0,0
0x003f91cc,FUN_003f91cc,1660,1,openssl,,string-flavor,2,0
0x003f9848,FUN_003f9848,392,4,unknown,,unknown,0,0
0x003f99d0,FUN_003f99d0,252,1,unknown,,unknown,0,0
0x003f9acc,FUN_003f9acc,232,2,unknown,,unknown,0,0
0x003f9bb4,FUN_003f9bb4,136,1,unknown,,unknown,0,0
0x003fadbc,FUN_003fadbc,2268,1,unknown,,unknown,0,0
0x003fc450,FUN_003fc450,372,1,unknown,,unknown,0,0
0x003fc5c4,FUN_003fc5c4,228,1,unknown,,unknown,0,0
0x003fc8d0,FUN_003fc8d0,64,1,unknown,,unknown,0,0
0x003fc920,FUN_003fc920,412,1,unknown,,unknown,0,0
0x003fcabc,FUN_003fcabc,104,1,unknown,,unknown,0,0
0x003fcc4c,FUN_003fcc4c,160,2,unknown,,unknown,0,0
0x003fcd38,FUN_003fcd38,92,2,unknown,,unknown,0,0
0x003fcd94,FUN_003fcd94,88,2,unknown,,unknown,0,0
0x003fceb0,FUN_003fceb0,592,1,unknown,,unknown,0,0
0x003fd100,FUN_003fd100,96,1,unknown,,unknown,0,0
0x003fd160,FUN_003fd160,192,2,unknown,,unknown,0,0
0x003fd220,FUN_003fd220,152,2,unknown,,unknown,0,0
0x003fd4b8,FUN_003fd4b8,864,1,unknown,,unknown,0,0
0x003fd818,FUN_003fd818,40,1,unknown,,unknown,0,0
0x003fd840,FUN_003fd840,696,1,unknown,,unknown,0,0
0x003fde28,FUN_003fde28,1080,1,openssl,,string-flavor,2,0
0x003fe260,FUN_003fe260,704,1,red,lib/libstorage,source-path,3,1
0x003fe520,FUN_003fe520,276,1,unknown,,unknown,0,0
0x003fe634,FUN_003fe634,436,1,unknown,,unknown,0,0
0x003fe8b8,FUN_003fe8b8,752,1,unknown,,unknown,0,0
0x003fed90,FUN_003fed90,372,1,unknown,,unknown,0,0
0x003ff4bc,FUN_003ff4bc,16,1,unknown,,unknown,0,0
0x003ff4cc,FUN_003ff4cc,312,1,unknown,,unknown,0,0
0x003ff604,FUN_003ff604,328,9,unknown,,unknown,0,0
0x003ff870,FUN_003ff870,204,2,unknown,,unknown,0,0
0x003ff93c,FUN_003ff93c,760,2,unknown,,unknown,0,0
0x003ffc34,FUN_003ffc34,108,1,unknown,,unknown,0,0
0x003ffca0,FUN_003ffca0,2296,13,unknown,,unknown,0,0
0x00400598,FUN_00400598,1944,11,unknown,,unknown,0,0
0x004011fc,FUN_004011fc,184,3,unknown,,unknown,0,0
0x004012b4,FUN_004012b4,172,3,unknown,,unknown,0,0
0x00401360,FUN_00401360,168,4,unknown,,unknown,0,0
0x00401408,FUN_00401408,900,5,unknown,,unknown,0,0
0x0040178c,FUN_0040178c,224,1,unknown,,unknown,0,0
0x0040186c,FUN_0040186c,140,4,unknown,,unknown,0,0
0x004026a8,FUN_004026a8,552,3,unknown,,unknown,0,0
0x00404bf8,FUN_00404bf8,308,1,unknown,,unknown,0,0
0x00404d2c,FUN_00404d2c,160,1,unknown,,unknown,0,0
0x00404dcc,FUN_00404dcc,544,2,unknown,,unknown,0,0
0x00404fec,FUN_00404fec,120,1,unknown,,unknown,0,0
0x00405064,FUN_00405064,944,12,unknown,,unknown,0,0
0x00405414,FUN_00405414,96,3,unknown,,unknown,0,0
0x004054b0,FUN_004054b0,988,40,unknown,,unknown,0,0
0x0040588c,FUN_0040588c,128,5,unknown,,unknown,0,0
0x0040590c,FUN_0040590c,656,4,unknown,,unknown,0,0
0x00405b9c,FUN_00405b9c,812,1,unknown,,unknown,0,0
0x00405ec8,FUN_00405ec8,296,2,unknown,,unknown,0,0
0x004067c8,FUN_004067c8,392,1,unknown,,unknown,0,0
0x00406950,FUN_00406950,672,5,unknown,,unknown,0,0
0x00406bf0,FUN_00406bf0,904,9,unknown,,unknown,0,0
0x00406f78,FUN_00406f78,776,3,unknown,,unknown,0,0
0x00407280,FUN_00407280,2248,1,unknown,,unknown,0,0
0x00407bc8,FUN_00407bc8,180,3,unknown,,unknown,0,0
0x00407d34,FUN_00407d34,336,1,unknown,,unknown,0,0
0x00407e84,FUN_00407e84,16,3,unknown,,unknown,0,0
0x00407e94,FUN_00407e94,200,1,unknown,,unknown,0,0
0x0040806c,FUN_0040806c,8668,5,unknown,,unknown,0,0
0x0040a6d0,FUN_0040a6d0,184,1,unknown,,unknown,0,0
0x0040abdc,FUN_0040abdc,436,1,unknown,,unknown,0,0
0x0040ad90,FUN_0040ad90,68,1,unknown,,unknown,0,0
0x0040b124,FUN_0040b124,516,5,unknown,,unknown,0,0
0x0040b328,FUN_0040b328,80,4,unknown,,unknown,0,0
0x0040b780,FUN_0040b780,16,1,unknown,,unknown,0,0
0x0040b790,FUN_0040b790,136,1,unknown,,unknown,0,0
0x0040b818,FUN_0040b818,1244,1,unknown,,unknown,0,0
0x0040bcf4,FUN_0040bcf4,1720,1,unknown,,unknown,0,0
0x0040c47c,FUN_0040c47c,248,2,unknown,,unknown,0,0
0x0040c9e4,FUN_0040c9e4,720,2,unknown,,unknown,0,0
0x0040d404,FUN_0040d404,148,1,unknown,,unknown,0,0
0x0040d498,FUN_0040d498,196,2,unknown,,unknown,0,0
0x0040da88,FUN_0040da88,432,2,unknown,,unknown,0,0
0x0040e71c,FUN_0040e71c,220,2,unknown,,unknown,0,0
0x0040f344,FUN_0040f344,204,1,unknown,,unknown,0,0
0x0040f410,FUN_0040f410,192,2,unknown,,unknown,0,0
0x0040f4d0,FUN_0040f4d0,208,22,unknown,,unknown,0,0
0x0040f5a0,FUN_0040f5a0,216,10,unknown,,unknown,0,0
0x0040f678,FUN_0040f678,136,9,unknown,,unknown,0,0
0x0040f700,FUN_0040f700,304,9,unknown,,unknown,0,0
0x0040f830,FUN_0040f830,164,8,unknown,,unknown,0,0
0x0040f98c,FUN_0040f98c,268,2,unknown,,unknown,0,0
0x0040fa98,FUN_0040fa98,204,10,unknown,,unknown,0,0
0x0040fc08,FUN_0040fc08,296,2,unknown,,unknown,0,0
0x0040fd30,FUN_0040fd30,204,5,unknown,,unknown,0,0
0x0040fe98,FUN_0040fe98,232,20,unknown,,unknown,0,0
0x0040ff80,FUN_0040ff80,224,1,unknown,,unknown,0,0
0x00410060,FUN_00410060,184,7,unknown,,unknown,0,0
0x00410118,FUN_00410118,184,1,unknown,,unknown,0,0
0x004101d0,FUN_004101d0,148,21,unknown,,unknown,0,0
0x00410348,FUN_00410348,40,1,unknown,,unknown,0,0
0x00410370,FUN_00410370,284,1,unknown,,unknown,0,0
0x0041048c,FUN_0041048c,100,1,unknown,,unknown,0,0
0x004104f0,FUN_004104f0,348,1,unknown,,unknown,0,0
0x0041064c,FUN_0041064c,76,2,unknown,,unknown,0,0
0x00410698,FUN_00410698,472,2,unknown,,unknown,0,0
0x00410870,FUN_00410870,616,1,unknown,,unknown,0,0
0x00410ad8,FUN_00410ad8,796,1,unknown,,unknown,0,0
0x00410e24,FUN_00410e24,2976,5,unknown,,unknown,0,0
0x004119c4,FUN_004119c4,3948,4,unknown,,unknown,0,0
0x00412930,FUN_00412930,304,2,unknown,,unknown,0,0
0x00412a60,FUN_00412a60,544,1,unknown,,unknown,0,0
0x00412c80,FUN_00412c80,560,8,unknown,,unknown,0,0
0x00412eb0,FUN_00412eb0,316,5,unknown,,unknown,0,0
0x00412fec,FUN_00412fec,1020,1,unknown,,unknown,0,0
0x004133e8,FUN_004133e8,328,2,unknown,,unknown,0,0
0x00413530,FUN_00413530,908,1,unknown,,unknown,0,0
0x004138bc,FUN_004138bc,120,8,unknown,,unknown,0,0
0x00413934,FUN_00413934,1004,2,unknown,,unknown,0,0
0x00413d20,FUN_00413d20,116,7,unknown,,unknown,0,0
0x00413d94,FUN_00413d94,636,1,unknown,,unknown,0,0
0x00414358,FUN_00414358,68,1,unknown,,unknown,0,0
0x004144d4,FUN_004144d4,340,3,unknown,,unknown,0,0
0x00414628,FUN_00414628,96,1,unknown,,unknown,0,0
0x00414688,FUN_00414688,36,1,unknown,,unknown,0,0
0x004147b4,FUN_004147b4,84,2,unknown,,unknown,0,0
0x00414808,FUN_00414808,84,2,unknown,,unknown,0,0
0x0041485c,FUN_0041485c,280,3,unknown,,unknown,0,0
0x00414974,FUN_00414974,108,3,unknown,,unknown,0,0
0x004149e0,FUN_004149e0,592,1,unknown,,unknown,0,0
0x00414c30,FUN_00414c30,112,23,unknown,,unknown,0,0
0x00414ca0,FUN_00414ca0,52,2,unknown,,unknown,0,0
0x00414cd4,FUN_00414cd4,52,5,unknown,,unknown,0,0
0x00414d08,FUN_00414d08,148,8,unknown,,unknown,0,0
0x00414d9c,FUN_00414d9c,148,1,unknown,,unknown,0,0
0x00414e30,FUN_00414e30,324,5,unknown,,unknown,0,0
0x00414f74,FUN_00414f74,220,5,unknown,,unknown,0,0
0x00415050,FUN_00415050,684,8,unknown,,unknown,0,0
0x004158e8,FUN_004158e8,804,5,unknown,,unknown,0,0
0x00415954,FUN_00415954,648,4,unknown,,unknown,0,0
0x00415bdc,FUN_00415bdc,592,2,unknown,,unknown,0,0
0x00415e2c,FUN_00415e2c,52,4,unknown,,unknown,0,0
0x00415e60,FUN_00415e60,224,5,unknown,,unknown,0,0
0x00415f40,FUN_00415f40,452,1,unknown,,unknown,0,0
0x00416104,FUN_00416104,16,1,unknown,,unknown,0,0
0x00416114,FUN_00416114,144,1,unknown,,unknown,0,0
0x004161a4,FUN_004161a4,188,3,unknown,,unknown,0,0
0x004162e8,FUN_004162e8,112,2,unknown,,unknown,0,0
0x00416358,FUN_00416358,88,1,unknown,,unknown,0,0
0x004163b0,FUN_004163b0,68,2,unknown,,unknown,0,0
0x004163f4,FUN_004163f4,204,3,unknown,,unknown,0,0
0x004164c0,FUN_004164c0,568,1,unknown,,unknown,0,0
0x004166f8,FUN_004166f8,356,1,unknown,,unknown,0,0
0x0041685c,FUN_0041685c,252,1,unknown,,unknown,0,0
0x00416db4,FUN_00416db4,152,1,unknown,,unknown,0,0
0x00416fa8,FUN_00416fa8,164,1,unknown,,unknown,0,0
0x0041704c,FUN_0041704c,280,1,unknown,,unknown,0,0
0x00417164,FUN_00417164,16,1,unknown,,unknown,0,0
0x00417174,FUN_00417174,396,2,unknown,,unknown,0,0
0x00417300,FUN_00417300,340,2,unknown,,unknown,0,0
0x00417454,FUN_00417454,204,6,unknown,,unknown,0,0
0x00417520,FUN_00417520,852,2,unknown,,unknown,0,0
0x00417ad4,FUN_00417ad4,292,2,unknown,,unknown,0,0
0x00417bf8,FUN_00417bf8,580,2,unknown,,unknown,0,0
0x00417e3c,FUN_00417e3c,392,6,unknown,,unknown,0,0
0x00417fc4,FUN_00417fc4,908,1,unknown,,unknown,0,0
0x00418350,FUN_00418350,500,3,unknown,,unknown,0,0
0x004185e4,FUN_004185e4,148,3,unknown,,unknown,0,0
0x00419114,FUN_00419114,868,2,unknown,,unknown,0,0
0x00419de0,FUN_00419de0,196,35,unknown,,unknown,0,0
0x00419f08,FUN_00419f08,216,1,unknown,,unknown,0,0
0x0041a000,FUN_0041a000,456,7,unknown,,unknown,0,0
0x0041a2b8,FUN_0041a2b8,96,4,unknown,,unknown,0,0
0x0041a318,FUN_0041a318,80,1,unknown,,unknown,0,0
0x0041a4a8,FUN_0041a4a8,256,1,unknown,,unknown,0,0
0x0041a5f8,FUN_0041a5f8,56,5,unknown,,unknown,0,0
0x0041a630,FUN_0041a630,64,4,unknown,,unknown,0,0
0x0041a670,FUN_0041a670,16,2,unknown,,unknown,0,0
0x0041a7ac,FUN_0041a7ac,188,2,unknown,,unknown,0,0
0x0041a868,FUN_0041a868,188,3,unknown,,unknown,0,0
0x0041a924,FUN_0041a924,84,3,unknown,,unknown,0,0
0x0041ab38,FUN_0041ab38,16,2,unknown,,unknown,0,0
0x0041ab48,FUN_0041ab48,3872,1,unknown,,unknown,0,0
0x0041ba68,FUN_0041ba68,1372,2,unknown,,unknown,0,0
0x0041c314,FUN_0041c314,320,1,unknown,,unknown,0,0
0x0041c454,FUN_0041c454,748,1,unknown,,unknown,0,0
0x0041c740,FUN_0041c740,12,1,unknown,,unknown,0,0
0x0041c74c,FUN_0041c74c,272,2,unknown,,unknown,0,0
0x0041c85c,FUN_0041c85c,172,1,unknown,,unknown,0,0
0x0041c908,FUN_0041c908,388,1,unknown,,unknown,0,0
0x0041ca8c,FUN_0041ca8c,108,1,unknown,,unknown,0,0
0x0041caf8,FUN_0041caf8,520,2,unknown,,unknown,0,0
0x0041d110,FUN_0041d110,1012,2,unknown,,unknown,0,0
0x0041d544,FUN_0041d544,252,1,unknown,,unknown,0,0
0x0041d640,FUN_0041d640,68,3,unknown,,unknown,0,0
0x0041d684,FUN_0041d684,64,10,unknown,,unknown,0,0
0x0041d7e8,FUN_0041d7e8,180,8,unknown,,unknown,0,0
0x0041d9dc,FUN_0041d9dc,48,6,unknown,,unknown,0,0
0x0041da0c,FUN_0041da0c,1548,1,unknown,,unknown,0,0
0x0041e01c,FUN_0041e01c,32,1,unknown,,unknown,0,0
0x0041e03c,FUN_0041e03c,36,1,unknown,,unknown,0,0
0x0041e060,FUN_0041e060,364,1,unknown,,unknown,0,0
0x0041e1cc,FUN_0041e1cc,316,2,unknown,,unknown,0,0
0x0041e308,FUN_0041e308,36,2,unknown,,unknown,0,0
0x0041e418,FUN_0041e418,1432,8,unknown,,unknown,0,0
0x0041ece0,FUN_0041ece0,40,1,unknown,,unknown,0,0
0x0041ed08,FUN_0041ed08,164,1,unknown,,unknown,0,0
0x0041edac,FUN_0041edac,1692,2,unknown,,unknown,0,0
0x0041f448,FUN_0041f448,464,3,unknown,,unknown,0,0
0x0041f618,FUN_0041f618,404,3,unknown,,unknown,0,0
0x0041f7ac,FUN_0041f7ac,516,1,unknown,,unknown,0,0
0x0041f9b0,FUN_0041f9b0,996,4,unknown,,unknown,0,0
0x004220e8,FUN_004220e8,84,1,unknown,,unknown,0,0
0x0042213c,FUN_0042213c,28,1,unknown,,unknown,0,0
0x00422158,FUN_00422158,464,3,unknown,,unknown,0,0
0x00422328,FUN_00422328,3600,17,unknown,,unknown,0,0
0x00423138,FUN_00423138,132,1,unknown,,unknown,0,0
0x004234a0,FUN_004234a0,364,3,unknown,,unknown,0,0
0x0042360c,FUN_0042360c,104,1,unknown,,unknown,0,0
0x00423674,FUN_00423674,1252,3,unknown,,unknown,0,0
0x00423b58,FUN_00423b58,316,1,unknown,,unknown,0,0
0x00423c94,FUN_00423c94,1068,8,unknown,,unknown,0,0
0x004240c0,FUN_004240c0,524,8,unknown,,unknown,0,0
0x004247fc,FUN_004247fc,316,1,unknown,,unknown,0,0
0x00424938,FUN_00424938,32,1,unknown,,unknown,0,0
0x00424984,FUN_00424984,152,5,unknown,,unknown,0,0
0x00424a60,FUN_00424a60,532,2,unknown,,unknown,0,0
0x00424c74,FUN_00424c74,196,3,unknown,,unknown,0,0
0x00424d38,FUN_00424d38,348,1,unknown,,unknown,0,0
0x00424e94,FUN_00424e94,200,5,unknown,,unknown,0,0
0x00424f5c,FUN_00424f5c,392,1,unknown,,unknown,0,0
0x004250e4,FUN_004250e4,484,7,unknown,,unknown,0,0
0x004252c8,FUN_004252c8,232,5,unknown,,unknown,0,0
0x004253b0,FUN_004253b0,120,1,unknown,,unknown,0,0
0x00425428,FUN_00425428,72,1,unknown,,unknown,0,0
0x00425470,FUN_00425470,176,1,unknown,,unknown,0,0
0x00425520,FUN_00425520,808,4,unknown,,unknown,0,0
0x00425ae0,FUN_00425ae0,1864,1,unknown,,unknown,0,0
0x00426228,FUN_00426228,1660,1,unknown,,unknown,0,0
0x004268a4,FUN_004268a4,40,1,unknown,,unknown,0,0
0x004269a8,FUN_004269a8,100,1,unknown,,unknown,0,0
0x00426a0c,FUN_00426a0c,60,5,unknown,,unknown,0,0
0x00427f2c,FUN_00427f2c,772,1,unknown,,unknown,0,0
0x004284d0,FUN_004284d0,492,2,unknown,,unknown,0,0
0x00428844,FUN_00428844,852,3,unknown,,unknown,0,0
0x0042902c,FUN_0042902c,88,1,unknown,,unknown,0,0
0x004291d0,FUN_004291d0,356,2,unknown,,unknown,0,0
0x0042b230,FUN_0042b230,72,4,unknown,,unknown,0,0
0x0042b278,FUN_0042b278,84,1,unknown,,unknown,0,0
0x0042b2cc,FUN_0042b2cc,196,2,unknown,,unknown,0,0
0x0042b390,FUN_0042b390,592,2,unknown,,unknown,0,0
0x0042b5e0,FUN_0042b5e0,92,2,unknown,,unknown,0,0
0x0042b63c,FUN_0042b63c,420,1,unknown,,unknown,0,0
0x0042b7e0,FUN_0042b7e0,972,3,unknown,,unknown,0,0
0x0042c378,FUN_0042c378,2296,1,unknown,,unknown,0,0
0x0042ce3c,FUN_0042ce3c,276,1,unknown,,unknown,0,0
0x0042cf50,FUN_0042cf50,388,2,unknown,,unknown,0,0
0x0042d0d4,FUN_0042d0d4,912,1,unknown,,unknown,0,0
0x0042d4a4,FUN_0042d4a4,108,1,unknown,,unknown,0,0
0x0042da74,FUN_0042da74,96,2,unknown,,unknown,0,0
0x0042dad4,FUN_0042dad4,72,4,unknown,,unknown,0,0
0x0042db1c,FUN_0042db1c,2576,6,unknown,,unknown,0,0
0x0042e52c,FUN_0042e52c,332,18,unknown,,unknown,0,0
0x0042e678,FUN_0042e678,124,1,unknown,,unknown,0,0
0x0042e6f4,FUN_0042e6f4,88,4,unknown,,unknown,0,0
0x0042e7d8,FUN_0042e7d8,84,1,unknown,,unknown,0,0
0x0042e82c,FUN_0042e82c,112,4,unknown,,unknown,0,0
0x0042e89c,FUN_0042e89c,100,27,unknown,,unknown,0,0
0x0042e900,FUN_0042e900,192,1,unknown,,unknown,0,0
0x0042ebc0,FUN_0042ebc0,112,3,unknown,,unknown,0,0
0x0042ecc8,FUN_0042ecc8,96,2,unknown,,unknown,0,0
0x0042ed28,FUN_0042ed28,160,14,unknown,,unknown,0,0
0x0042eee8,FUN_0042eee8,96,6,unknown,,unknown,0,0
0x0042f030,FUN_0042f030,120,5,unknown,,unknown,0,0
0x0042f0a8,FUN_0042f0a8,304,2,unknown,,unknown,0,0
0x0042f1d8,FUN_0042f1d8,44,2,unknown,,unknown,0,0
0x0042f204,FUN_0042f204,356,4,unknown,,unknown,0,0
0x0042f370,FUN_0042f370,200,3,unknown,,unknown,0,0
0x0042f438,FUN_0042f438,528,10,unknown,,unknown,0,0
0x0042f648,FUN_0042f648,1352,2,unknown,,unknown,0,0
0x0043034c,FUN_0043034c,524,1,unknown,,unknown,0,0
0x00431210,FUN_00431210,132,1,unknown,,unknown,0,0
0x00431320,FUN_00431320,164,10,unknown,,unknown,0,0
0x004313c4,FUN_004313c4,72,2,unknown,,unknown,0,0
0x0043140c,FUN_0043140c,124,9,unknown,,unknown,0,0
0x00431488,FUN_00431488,256,1,unknown,,unknown,0,0
0x00431588,FUN_00431588,176,1,unknown,,unknown,0,0
0x00431638,FUN_00431638,196,1,unknown,,unknown,0,0
0x00431a64,FUN_00431a64,72,4,unknown,,unknown,0,0
0x00431b64,FUN_00431b64,292,6,unknown,,unknown,0,0
0x00431c88,FUN_00431c88,180,7,unknown,,unknown,0,0
0x00431ee0,FUN_00431ee0,388,2,unknown,,unknown,0,0
0x00432064,FUN_00432064,72,13,unknown,,unknown,0,0
0x004320c4,FUN_004320c4,212,9,unknown,,unknown,0,0
0x004321e0,FUN_004321e0,444,1,unknown,,unknown,0,0
0x0043239c,FUN_0043239c,92,2,unknown,,unknown,0,0
0x004323f8,FUN_004323f8,404,13,unknown,,unknown,0,0
0x0043258c,FUN_0043258c,392,2,unknown,,unknown,0,0
0x00432714,FUN_00432714,112,1,unknown,,unknown,0,0
0x00432784,FUN_00432784,20,1,unknown,,unknown,0,0
0x00432798,FUN_00432798,104,2,unknown,,unknown,0,0
0x00432800,FUN_00432800,120,2,unknown,,unknown,0,0
0x00432878,FUN_00432878,444,1,unknown,,unknown,0,0
0x00432a34,FUN_00432a34,156,8,unknown,,unknown,0,0
0x00432ad0,FUN_00432ad0,392,1,unknown,,unknown,0,0
0x00432c58,FUN_00432c58,176,1,unknown,,unknown,0,0
0x00432d08,FUN_00432d08,232,7,unknown,,unknown,0,0
0x00432df0,FUN_00432df0,572,2,unknown,,unknown,0,0
0x0043302c,FUN_0043302c,304,1,unknown,,unknown,0,0
0x0043315c,FUN_0043315c,196,1,unknown,,unknown,0,0
0x00433220,FUN_00433220,676,2,unknown,,unknown,0,0
0x004334c4,FUN_004334c4,940,2,unknown,,unknown,0,0
0x00433870,FUN_00433870,420,1,unknown,,unknown,0,0
0x00433a14,FUN_00433a14,480,1,unknown,,unknown,0,0
0x00434564,FUN_00434564,456,5,unknown,,unknown,0,0
0x0043472c,FUN_0043472c,132,2,unknown,,unknown,0,0
0x004347b0,FUN_004347b0,368,1,unknown,,unknown,0,0
0x00434920,FUN_00434920,268,3,unknown,,unknown,0,0
0x00434a2c,FUN_00434a2c,440,2,unknown,,unknown,0,0
0x00434be4,FUN_00434be4,420,4,unknown,,unknown,0,0
0x00434d88,FUN_00434d88,420,7,unknown,,unknown,0,0
0x00434f2c,FUN_00434f2c,60,2,unknown,,unknown,0,0
0x00434f68,FUN_00434f68,412,1,unknown,,unknown,0,0
0x00435104,FUN_00435104,188,4,unknown,,unknown,0,0
0x004351c0,FUN_004351c0,460,1,unknown,,unknown,0,0
0x0043538c,FUN_0043538c,1184,1,unknown,,unknown,0,0
0x0043582c,FUN_0043582c,224,1,unknown,,unknown,0,0
0x0043648c,FUN_0043648c,72,1,unknown,,unknown,0,0
0x004366b8,FUN_004366b8,496,5,unknown,,unknown,0,0
0x004368a8,FUN_004368a8,132,2,unknown,,unknown,0,0
0x0043692c,FUN_0043692c,368,1,unknown,,unknown,0,0
0x00436a9c,FUN_00436a9c,48,2,unknown,,unknown,0,0
0x00436acc,FUN_00436acc,268,3,unknown,,unknown,0,0
0x00436bd8,FUN_00436bd8,444,2,unknown,,unknown,0,0
0x00436d94,FUN_00436d94,288,2,unknown,,unknown,0,0
0x00436eb4,FUN_00436eb4,92,2,unknown,,unknown,0,0
0x00436f10,FUN_00436f10,156,1,unknown,,unknown,0,0
0x00436fac,FUN_00436fac,184,2,unknown,,unknown,0,0
0x00437064,FUN_00437064,524,1,unknown,,unknown,0,0
0x00437270,FUN_00437270,188,1,unknown,,unknown,0,0
0x0043732c,FUN_0043732c,380,1,unknown,,unknown,0,0
0x004374a8,FUN_004374a8,312,1,unknown,,unknown,0,0
0x004375e0,FUN_004375e0,552,2,unknown,,unknown,0,0
0x00437808,FUN_00437808,236,3,unknown,,unknown,0,0
0x004378f4,FUN_004378f4,216,2,unknown,,unknown,0,0
0x004379cc,FUN_004379cc,416,6,unknown,,unknown,0,0
0x00437b6c,FUN_00437b6c,276,5,unknown,,unknown,0,0
0x00437c80,FUN_00437c80,372,3,unknown,,unknown,0,0
0x00437df4,FUN_00437df4,172,1,unknown,,unknown,0,0
0x00437ea0,FUN_00437ea0,656,2,unknown,,unknown,0,0
0x00438130,FUN_00438130,176,1,unknown,,unknown,0,0
0x004381e0,FUN_004381e0,596,1,unknown,,unknown,0,0
0x00438434,FUN_00438434,452,3,unknown,,unknown,0,0
0x004385f8,FUN_004385f8,968,1,unknown,,unknown,0,0
0x0043966c,FUN_0043966c,72,1,unknown,,unknown,0,0
0x00439928,FUN_00439928,184,2,unknown,,unknown,0,0
0x00439c3c,FUN_00439c3c,288,1,unknown,,unknown,0,0
0x00439e40,FUN_00439e40,136,1,unknown,,unknown,0,0
0x00439ec8,FUN_00439ec8,176,1,unknown,,unknown,0,0
0x00439f78,FUN_00439f78,224,2,unknown,,unknown,0,0
0x0043a058,FUN_0043a058,144,1,unknown,,unknown,0,0
0x0043a11c,FUN_0043a11c,1236,1,unknown,,unknown,0,0
0x0043a5f0,FUN_0043a5f0,388,1,unknown,,unknown,0,0
0x0043a7e4,FUN_0043a7e4,8,1,unknown,,unknown,0,0
0x0043a7ec,FUN_0043a7ec,116,7,unknown,,unknown,0,0
0x0043a860,FUN_0043a860,296,2,unknown,,unknown,0,0
0x0043ab48,FUN_0043ab48,132,5,unknown,,unknown,0,0
0x0043abcc,FUN_0043abcc,304,2,unknown,,unknown,0,0
0x0043b008,FUN_0043b008,152,1,unknown,,unknown,0,0
0x0043b0a0,FUN_0043b0a0,468,1,unknown,,unknown,0,0
0x0043b2fc,FUN_0043b2fc,100,1,unknown,,unknown,0,0
0x0043b36c,FUN_0043b36c,80,1,unknown,,unknown,0,0
0x0043b4ac,FUN_0043b4ac,120,2,unknown,,unknown,0,0
0x0043b52c,FUN_0043b52c,144,1,unknown,,unknown,0,0
0x0043b5bc,FUN_0043b5bc,220,1,unknown,,unknown,0,0
0x0043b698,FUN_0043b698,384,2,unknown,,unknown,0,0
0x0043b818,FUN_0043b818,400,1,unknown,,unknown,0,0
0x0043b9a8,FUN_0043b9a8,584,1,unknown,,unknown,0,0
0x0043bf50,FUN_0043bf50,416,1,unknown,,unknown,0,0
0x0043c2a8,FUN_0043c2a8,336,1,unknown,,unknown,0,0
0x0043c4fc,FUN_0043c4fc,116,1,unknown,,unknown,0,0
0x0043c570,FUN_0043c570,200,12,unknown,,unknown,0,0
0x0043c638,FUN_0043c638,48,4,unknown,,unknown,0,0
0x0043c6c8,FUN_0043c6c8,48,8,unknown,,unknown,0,0
0x0043c700,FUN_0043c700,12,1,unknown,,unknown,0,0
0x0043c7e4,FUN_0043c7e4,16,1,unknown,,unknown,0,0
0x0043c7f4,FUN_0043c7f4,184,9,unknown,,unknown,0,0
0x0043cdf4,FUN_0043cdf4,160,4,unknown,,unknown,0,0
0x0043cf80,FUN_0043cf80,476,20,unknown,,unknown,0,0
0x0043d15c,FUN_0043d15c,412,3,unknown,,unknown,0,0
0x0043d750,FUN_0043d750,484,1,unknown,,unknown,0,0
0x0043db88,FUN_0043db88,184,3,unknown,,unknown,0,0
0x0043dea0,FUN_0043dea0,344,2,unknown,,unknown,0,0
0x0043dff8,FUN_0043dff8,20,1,unknown,,unknown,0,0
0x0043e00c,FUN_0043e00c,20,3,unknown,,unknown,0,0
0x0043e078,FUN_0043e078,36,1,unknown,,unknown,0,0
0x0043e09c,FUN_0043e09c,376,1,unknown,,unknown,0,0
0x0043e404,FUN_0043e404,92,1,unknown,,unknown,0,0
0x0043e460,FUN_0043e460,216,1,unknown,,unknown,0,0
0x0043e538,FUN_0043e538,264,2,unknown,,unknown,0,0
0x0043e82c,FUN_0043e82c,84,6,unknown,,unknown,0,0
0x0043e880,FUN_0043e880,84,1,unknown,,unknown,0,0
0x0043e9a0,FUN_0043e9a0,276,1,unknown,,unknown,0,0
0x0043eab4,FUN_0043eab4,88,1,unknown,,unknown,0,0
0x0043ef08,FUN_0043ef08,336,1,unknown,,unknown,0,0
0x0043f434,FUN_0043f434,108,2,unknown,,unknown,0,0
0x0043f4a0,FUN_0043f4a0,108,1,unknown,,unknown,0,0
0x0043f54c,FUN_0043f54c,732,1,unknown,,unknown,0,0
0x0043f828,FUN_0043f828,232,1,unknown,,unknown,0,0
0x0043f910,FUN_0043f910,360,1,unknown,,unknown,0,0
0x0043fa78,FUN_0043fa78,536,1,unknown,,unknown,0,0
0x0043fc90,FUN_0043fc90,360,1,unknown,,unknown,0,0
0x0043fdf8,FUN_0043fdf8,1972,1,unknown,,unknown,0,0
0x00440980,FUN_00440980,8,1,unknown,,unknown,0,0
0x00440988,FUN_00440988,856,1,unknown,,unknown,0,0
0x00441210,FUN_00441210,72,1,unknown,,unknown,0,0
0x00441258,FUN_00441258,72,1,unknown,,unknown,0,0
0x004412a0,FUN_004412a0,72,1,unknown,,unknown,0,0
0x00441f4c,FUN_00441f4c,92,1,unknown,,unknown,0,0
0x00441fa8,FUN_00441fa8,56,1,unknown,,unknown,0,0
0x00441fe0,FUN_00441fe0,36,1,unknown,,unknown,0,0
0x0044201c,FUN_0044201c,44,6,unknown,,unknown,0,0
0x0044206c,FUN_0044206c,188,1,unknown,,unknown,0,0
0x00442128,FUN_00442128,76,3,unknown,,unknown,0,0
0x00442174,FUN_00442174,208,3,unknown,,unknown,0,0
0x004424dc,FUN_004424dc,192,2,unknown,,unknown,0,0
0x0044259c,FUN_0044259c,140,21,unknown,,unknown,0,0
0x00442628,FUN_00442628,432,3,unknown,,unknown,0,0
0x00442914,FUN_00442914,12,1479,unknown,,unknown,0,0
0x00442920,FUN_00442920,12,109,unknown,,unknown,0,0
0x0044292c,FUN_0044292c,100,2,unknown,,unknown,0,0
0x00442990,FUN_00442990,16,598,unknown,,unknown,0,0
0x004429a0,FUN_004429a0,116,2,unknown,,unknown,0,0
0x00442a14,FUN_00442a14,408,1,unknown,,unknown,0,0
0x00442bac,FUN_00442bac,212,5,unknown,,unknown,0,0
0x00442c80,FUN_00442c80,84,6,unknown,,unknown,0,0
0x00442dc8,FUN_00442dc8,12,1,unknown,,unknown,0,0
0x00442e48,FUN_00442e48,28,11,unknown,,unknown,0,0
0x00442e64,FUN_00442e64,16,7,unknown,,unknown,0,0
0x00442e74,FUN_00442e74,44,1,unknown,,unknown,0,0
0x00442eec,FUN_00442eec,20,1,unknown,,unknown,0,0
0x00442f00,FUN_00442f00,104,2,unknown,,unknown,0,0
0x00442f68,FUN_00442f68,100,5,unknown,,unknown,0,0
0x00442fcc,FUN_00442fcc,44,5,unknown,,unknown,0,0
0x00442ff8,FUN_00442ff8,168,1,unknown,,unknown,0,0
0x004430c0,FUN_004430c0,8,1,unknown,,unknown,0,0
0x004430c8,FUN_004430c8,188,1,unknown,,unknown,0,0
0x00443184,FUN_00443184,128,1,unknown,,unknown,0,0
0x00443204,FUN_00443204,116,2,unknown,,unknown,0,0
0x00443280,FUN_00443280,8,1,unknown,,unknown,0,0
0x00443288,FUN_00443288,132,1,unknown,,unknown,0,0
0x0044330c,FUN_0044330c,176,3,unknown,,unknown,0,0
0x004433bc,FUN_004433bc,144,2,unknown,,unknown,0,0
0x0044344c,FUN_0044344c,148,1,unknown,,unknown,0,0
0x004435c8,FUN_004435c8,24,7,unknown,,unknown,0,0
0x00443628,FUN_00443628,12,1,unknown,,unknown,0,0
0x00443634,FUN_00443634,132,16,unknown,,unknown,0,0
0x004436f8,FUN_004436f8,180,1,unknown,,unknown,0,0
0x004437ac,FUN_004437ac,304,1,unknown,,unknown,0,0
0x00443f20,FUN_00443f20,204,578,unknown,,unknown,0,0
0x00443fec,FUN_00443fec,132,4,unknown,,unknown,0,0
0x00444070,FUN_00444070,192,9,unknown,,unknown,0,0
0x00444130,FUN_00444130,140,1,unknown,,unknown,0,0
0x004441bc,FUN_004441bc,272,1,unknown,,unknown,0,0
0x004442cc,FUN_004442cc,172,3,unknown,,unknown,0,0
0x0044462c,FUN_0044462c,240,1,unknown,,unknown,0,0
0x0044471c,FUN_0044471c,160,1,unknown,,unknown,0,0
0x004447bc,FUN_004447bc,100,2,unknown,,unknown,0,0
0x00444820,FUN_00444820,172,2,unknown,,unknown,0,0
0x004448cc,FUN_004448cc,124,1,unknown,,unknown,0,0
0x00444948,FUN_00444948,72,2,unknown,,unknown,0,0
0x00444a40,FUN_00444a40,192,2,unknown,,unknown,0,0
0x00444b00,FUN_00444b00,76,3,unknown,,unknown,0,0
0x00444bac,FUN_00444bac,220,1,unknown,,unknown,0,0
0x00444c88,FUN_00444c88,104,1,unknown,,unknown,0,0
0x00444cf0,FUN_00444cf0,272,1,unknown,,unknown,0,0
0x00444e00,FUN_00444e00,16,1,unknown,,unknown,0,0
0x00444e10,FUN_00444e10,104,1,unknown,,unknown,0,0
0x00444e78,FUN_00444e78,220,2,unknown,,unknown,0,0
0x00444f54,FUN_00444f54,360,3,unknown,,unknown,0,0
0x00445274,FUN_00445274,72,1,unknown,,unknown,0,0
0x00445434,FUN_00445434,60,1,unknown,,unknown,0,0
0x00445470,FUN_00445470,208,11,unknown,,unknown,0,0
0x00445540,FUN_00445540,132,2,unknown,,unknown,0,0
0x004455c4,FUN_004455c4,260,7,unknown,,unknown,0,0
0x004456c8,FUN_004456c8,12,8,unknown,,unknown,0,0
0x004456d4,FUN_004456d4,96,1,unknown,,unknown,0,0
0x00445734,FUN_00445734,96,3,unknown,,unknown,0,0
0x00445794,FUN_00445794,172,22,unknown,,unknown,0,0
0x00445840,FUN_00445840,268,16,unknown,,unknown,0,0
0x0044594c,FUN_0044594c,16,11,unknown,,unknown,0,0
0x0044595c,FUN_0044595c,120,2,unknown,,unknown,0,0
0x004459d4,FUN_004459d4,156,2,unknown,,unknown,0,0
0x00445ac0,FUN_00445ac0,68,3,unknown,,unknown,0,0
0x00445b04,FUN_00445b04,68,4,unknown,,unknown,0,0
0x00445b8c,FUN_00445b8c,84,19,unknown,,unknown,0,0
0x00445d58,FUN_00445d58,72,2,unknown,,unknown,0,0
0x00445eb4,FUN_00445eb4,228,5,unknown,,unknown,0,0
0x00445f98,FUN_00445f98,92,3,unknown,,unknown,0,0
0x00445ff4,FUN_00445ff4,268,2,unknown,,unknown,0,0
0x00446100,FUN_00446100,136,6,unknown,,unknown,0,0
0x00446188,FUN_00446188,268,2,unknown,,unknown,0,0
0x00446294,FUN_00446294,168,10,unknown,,unknown,0,0
0x0044633c,FUN_0044633c,328,1,unknown,,unknown,0,0
0x0044656c,FUN_0044656c,4,1,unknown,,unknown,0,0
0x00446570,FUN_00446570,356,3,unknown,,unknown,0,0
0x004466d4,FUN_004466d4,1180,1,unknown,,unknown,0,0
0x00447544,FUN_00447544,228,3,unknown,,unknown,0,0
0x00447628,FUN_00447628,80,4,unknown,,unknown,0,0
0x00447678,FUN_00447678,16,2,unknown,,unknown,0,0
0x00447688,FUN_00447688,100,1,unknown,,unknown,0,0
0x004476ec,FUN_004476ec,140,2,unknown,,unknown,0,0
0x00447778,FUN_00447778,96,3,unknown,,unknown,0,0
0x004477d8,FUN_004477d8,96,4,unknown,,unknown,0,0
0x00447838,FUN_00447838,120,2,unknown,,unknown,0,0
0x004478b0,FUN_004478b0,236,7,unknown,,unknown,0,0
0x0044799c,FUN_0044799c,120,5,unknown,,unknown,0,0
0x00447a14,FUN_00447a14,8,1,unknown,,unknown,0,0
0x00447a1c,FUN_00447a1c,352,1,unknown,,unknown,0,0
0x00447b7c,FUN_00447b7c,72,2,unknown,,unknown,0,0
0x00447bc4,FUN_00447bc4,72,2,unknown,,unknown,0,0
0x00447cb8,FUN_00447cb8,76,3,unknown,,unknown,0,0
0x00447d04,FUN_00447d04,72,2,unknown,,unknown,0,0
0x00447d4c,FUN_00447d4c,152,1,unknown,,unknown,0,0
0x00447de4,FUN_00447de4,388,1,unknown,,unknown,0,0
0x004482a8,FUN_004482a8,372,7,unknown,,unknown,0,0
0x0044850c,FUN_0044850c,20,5,unknown,,unknown,0,0
0x00448520,FUN_00448520,256,1,unknown,,unknown,0,0
0x00448644,FUN_00448644,12,3,unknown,,unknown,0,0
0x00448650,FUN_00448650,24,1,unknown,,unknown,0,0
0x00448668,FUN_00448668,492,2,unknown,,unknown,0,0
0x00448854,FUN_00448854,144,1,unknown,,unknown,0,0
0x00448b48,FUN_00448b48,296,1,unknown,,unknown,0,0
0x00448c70,FUN_00448c70,36,1,unknown,,unknown,0,0
0x00448c94,FUN_00448c94,164,1,unknown,,unknown,0,0
0x00448d38,FUN_00448d38,152,1,unknown,,unknown,0,0
0x00448f0c,FUN_00448f0c,20,4,unknown,,unknown,0,0
0x00448f34,FUN_00448f34,148,3,unknown,,unknown,0,0
0x00448fc8,FUN_00448fc8,148,2,unknown,,unknown,0,0
0x0044905c,FUN_0044905c,160,1,unknown,,unknown,0,0
0x00449354,FUN_00449354,200,5,unknown,,unknown,0,0
0x004494a0,FUN_004494a0,552,4,unknown,,unknown,0,0
0x00449754,FUN_00449754,80,36,unknown,,unknown,0,0
0x004497a4,FUN_004497a4,24,6,unknown,,unknown,0,0
0x004497bc,FUN_004497bc,252,6,unknown,,unknown,0,0
0x004498b8,FUN_004498b8,304,1,unknown,,unknown,0,0
0x004499e8,FUN_004499e8,60,1,unknown,,unknown,0,0
0x00449a24,FUN_00449a24,348,2,unknown,,unknown,0,0
0x00449b80,FUN_00449b80,904,1,unknown,,unknown,0,0
0x00449f60,FUN_00449f60,316,13,unknown,,unknown,0,0
0x0044a0d8,FUN_0044a0d8,380,2,unknown,,unknown,0,0
0x0044a218,FUN_0044a218,256,2,unknown,,unknown,0,0
0x0044a390,FUN_0044a390,1016,3,unknown,,unknown,0,0
0x0044a788,FUN_0044a788,60,1,unknown,,unknown,0,0
0x0044a7c4,FUN_0044a7c4,528,3,unknown,,unknown,0,0
0x0044a9d4,FUN_0044a9d4,16,1,unknown,,unknown,0,0
0x0044a9e4,FUN_0044a9e4,644,1,unknown,,unknown,0,0
0x0044ac90,FUN_0044ac90,240,5,unknown,,unknown,0,0
0x0044ad80,FUN_0044ad80,128,1,unknown,,unknown,0,0
0x0044b118,FUN_0044b118,36,2,unknown,,unknown,0,0
0x0044b13c,FUN_0044b13c,100,5,unknown,,unknown,0,0
0x0044b1a0,FUN_0044b1a0,100,2,unknown,,unknown,0,0
0x0044b204,FUN_0044b204,100,2,unknown,,unknown,0,0
0x0044b2cc,FUN_0044b2cc,140,1,unknown,,unknown,0,0
0x0044b408,FUN_0044b408,100,13,unknown,,unknown,0,0
0x0044b46c,FUN_0044b46c,100,5,unknown,,unknown,0,0
0x0044b4d0,FUN_0044b4d0,188,1,unknown,,unknown,0,0
0x0044b58c,FUN_0044b58c,252,1,unknown,,unknown,0,0
0x0044b688,FUN_0044b688,188,1,unknown,,unknown,0,0
0x0044b744,FUN_0044b744,208,1,unknown,,unknown,0,0
0x0044b814,FUN_0044b814,4,1,unknown,,unknown,0,0
0x0044bf54,FUN_0044bf54,160,1,unknown,,unknown,0,0
0x0044c154,FUN_0044c154,776,2,unknown,,unknown,0,0
0x0044c45c,FUN_0044c45c,516,2,unknown,,unknown,0,0
0x0044c8a0,FUN_0044c8a0,380,1,unknown,,unknown,0,0
0x0044cc40,FUN_0044cc40,1216,2,unknown,,unknown,0,0
0x0044d1dc,FUN_0044d1dc,580,7,unknown,,unknown,0,0
0x0044d420,FUN_0044d420,56,5,unknown,,unknown,0,0
0x0044d6ac,FUN_0044d6ac,20,1,unknown,,unknown,0,0
0x0044d7d8,FUN_0044d7d8,180,2,unknown,,unknown,0,0
0x0044d88c,FUN_0044d88c,232,1,unknown,,unknown,0,0
0x0044d974,FUN_0044d974,164,4,unknown,,unknown,0,0
0x0044da18,FUN_0044da18,560,1,unknown,,unknown,0,0
0x0044dd2c,FUN_0044dd2c,104,19,unknown,,unknown,0,0
0x0044de3c,FUN_0044de3c,88,21,unknown,,unknown,0,0
0x0044de94,FUN_0044de94,12,5,unknown,,unknown,0,0
0x0044dea0,FUN_0044dea0,216,19,unknown,,unknown,0,0
0x0044df78,FUN_0044df78,156,60,unknown,,unknown,0,0
0x0044e014,FUN_0044e014,12,1,unknown,,unknown,0,0
0x0044e020,FUN_0044e020,156,1,unknown,,unknown,0,0
0x0044e0bc,FUN_0044e0bc,136,3,unknown,,unknown,0,0
0x0044e144,FUN_0044e144,496,104,unknown,,unknown,0,0
0x0044e334,FUN_0044e334,476,146,unknown,,unknown,0,0
0x0044e510,FUN_0044e510,448,667,unknown,,unknown,0,0
0x0044e6d0,FUN_0044e6d0,292,37,unknown,,unknown,0,0
0x0044ec9c,FUN_0044ec9c,228,8,unknown,,unknown,0,0
0x0044ed80,FUN_0044ed80,648,72,unknown,,unknown,0,0
0x0044f008,FUN_0044f008,1208,1,unknown,,unknown,0,0
0x0044f4cc,FUN_0044f4cc,8,219,unknown,,unknown,0,0
0x0044f4d4,FUN_0044f4d4,20,3,unknown,,unknown,0,0
0x0044f4e8,FUN_0044f4e8,20,5,unknown,,unknown,0,0
0x0044f4fc,FUN_0044f4fc,148,2,unknown,,unknown,0,0
0x0044f5d0,FUN_0044f5d0,336,1,unknown,,unknown,0,0
0x0044f7e4,FUN_0044f7e4,152,35,unknown,,unknown,0,0
0x0044f87c,FUN_0044f87c,76,34,unknown,,unknown,0,0
0x0044f8c8,FUN_0044f8c8,152,27,unknown,,unknown,0,0
0x0044f960,FUN_0044f960,156,13,unknown,,unknown,0,0
0x0044f9fc,FUN_0044f9fc,192,400,unknown,,unknown,0,0
0x0044fabc,FUN_0044fabc,52,7,unknown,,unknown,0,0
0x0044fd5c,FUN_0044fd5c,404,25,unknown,,unknown,0,0
0x0044fef0,FUN_0044fef0,220,2,unknown,,unknown,0,0
0x00450070,FUN_00450070,136,2,unknown,,unknown,0,0
0x004500f8,FUN_004500f8,224,4,unknown,,unknown,0,0
0x004501d8,FUN_004501d8,140,39,unknown,,unknown,0,0
0x00450264,FUN_00450264,384,25,unknown,,unknown,0,0
0x004505b4,FUN_004505b4,820,2,unknown,,unknown,0,0
0x004508e8,FUN_004508e8,92,1,unknown,,unknown,0,0
0x00450944,FUN_00450944,264,2,unknown,,unknown,0,0
0x00450a4c,FUN_00450a4c,164,20,unknown,,unknown,0,0
0x00450b78,FUN_00450b78,120,16,unknown,,unknown,0,0
0x00450bf0,FUN_00450bf0,52,1,unknown,,unknown,0,0
0x00451144,FUN_00451144,20,4,unknown,,unknown,0,0
0x004511d8,FUN_004511d8,76,3,unknown,,unknown,0,0
0x00451224,FUN_00451224,56,3,unknown,,unknown,0,0
0x0045125c,FUN_0045125c,172,1,unknown,,unknown,0,0
0x00451308,FUN_00451308,168,3,unknown,,unknown,0,0
0x004513b0,FUN_004513b0,260,10,unknown,,unknown,0,0
0x004514b4,FUN_004514b4,304,12,unknown,,unknown,0,0
0x004516c8,FUN_004516c8,416,2,unknown,,unknown,0,0
0x00451868,FUN_00451868,204,1,unknown,,unknown,0,0
0x00451a34,FUN_00451a34,1036,9,unknown,,unknown,0,0
0x00451e40,FUN_00451e40,172,1,unknown,,unknown,0,0
0x00451eec,FUN_00451eec,364,1,unknown,,unknown,0,0
0x00452198,FUN_00452198,192,6,unknown,,unknown,0,0
0x00452258,FUN_00452258,900,1,unknown,,unknown,0,0
0x004525dc,FUN_004525dc,180,2,unknown,,unknown,0,0
0x00452690,FUN_00452690,100,3,unknown,,unknown,0,0
0x004526f4,FUN_004526f4,168,2,unknown,,unknown,0,0
0x0045279c,FUN_0045279c,156,2,unknown,,unknown,0,0
0x004529b0,FUN_004529b0,328,1,unknown,,unknown,0,0
0x00452b84,FUN_00452b84,268,2,unknown,,unknown,0,0
0x00452c90,FUN_00452c90,112,1,unknown,,unknown,0,0
0x00452d00,FUN_00452d00,340,2,unknown,,unknown,0,0
0x00452e84,FUN_00452e84,84,2,unknown,,unknown,0,0
0x00453754,FUN_00453754,264,1,unknown,,unknown,0,0
0x004539ac,FUN_004539ac,272,1,unknown,,unknown,0,0
0x00453c1c,FUN_00453c1c,264,1,unknown,,unknown,0,0
0x00454410,FUN_00454410,416,1,unknown,,unknown,0,0
0x004546bc,FUN_004546bc,380,9,unknown,,unknown,0,0
0x0045495c,FUN_0045495c,132,3,unknown,,unknown,0,0
0x004549e0,FUN_004549e0,408,6,unknown,,unknown,0,0
0x00454b78,FUN_00454b78,88,2,unknown,,unknown,0,0
0x00454bd0,FUN_00454bd0,64,6,unknown,,unknown,0,0
0x00454c40,FUN_00454c40,152,1,unknown,,unknown,0,0
0x00454ce4,FUN_00454ce4,132,1,unknown,,unknown,0,0
0x00454d68,FUN_00454d68,352,1,unknown,,unknown,0,0
0x004552ac,FUN_004552ac,140,1,unknown,,unknown,0,0
0x004555dc,FUN_004555dc,244,3,unknown,,unknown,0,0
0x004556d0,FUN_004556d0,368,2,unknown,,unknown,0,0
0x00455840,FUN_00455840,324,5,unknown,,unknown,0,0
0x00455bd4,FUN_00455bd4,140,1,unknown,,unknown,0,0
0x00455d08,FUN_00455d08,128,1,unknown,,unknown,0,0
0x00455fa8,FUN_00455fa8,112,1,unknown,,unknown,0,0
0x00456018,FUN_00456018,216,12,unknown,,unknown,0,0
0x004560f0,FUN_004560f0,1936,38,unknown,,unknown,0,0
0x00456880,FUN_00456880,100,12,unknown,,unknown,0,0
0x004568e4,FUN_004568e4,212,11,unknown,,unknown,0,0
0x004569b8,FUN_004569b8,188,7,unknown,,unknown,0,0
0x00456a74,FUN_00456a74,260,6,unknown,,unknown,0,0
0x00456b78,FUN_00456b78,76,4,unknown,,unknown,0,0
0x00456bc4,FUN_00456bc4,104,1,unknown,,unknown,0,0
0x00456c2c,FUN_00456c2c,136,3,unknown,,unknown,0,0
0x00456cb4,FUN_00456cb4,8,2,unknown,,unknown,0,0
0x00456cbc,FUN_00456cbc,8,6,unknown,,unknown,0,0
0x00456cc4,FUN_00456cc4,240,1,unknown,,unknown,0,0
0x00456db4,FUN_00456db4,336,1,unknown,,unknown,0,0
0x00457188,FUN_00457188,156,1,unknown,,unknown,0,0
0x00457224,FUN_00457224,304,2,unknown,,unknown,0,0
0x004574e4,FUN_004574e4,80,1,unknown,,unknown,0,0
0x004575f4,FUN_004575f4,120,4,unknown,,unknown,0,0
0x0045766c,FUN_0045766c,128,1,unknown,,unknown,0,0
0x004576ec,FUN_004576ec,12,3,unknown,,unknown,0,0
0x00457704,FUN_00457704,12,2,unknown,,unknown,0,0
0x00457734,FUN_00457734,12,2,unknown,,unknown,0,0
0x0045774c,FUN_0045774c,416,3,unknown,,unknown,0,0
0x004578ec,FUN_004578ec,164,4,unknown,,unknown,0,0
0x00457990,FUN_00457990,420,1,unknown,,unknown,0,0
0x00457b34,FUN_00457b34,160,1,unknown,,unknown,0,0
0x00457bd4,FUN_00457bd4,304,3,unknown,,unknown,0,0
0x00457d04,FUN_00457d04,128,1,unknown,,unknown,0,0
0x004581d4,FUN_004581d4,104,2,unknown,,unknown,0,0
0x0045823c,FUN_0045823c,1388,2,unknown,,unknown,0,0
0x004587a8,FUN_004587a8,240,1,unknown,,unknown,0,0
0x00458900,FUN_00458900,256,4,unknown,,unknown,0,0
0x00458a00,FUN_00458a00,20,1,unknown,,unknown,0,0
0x00458a14,FUN_00458a14,76,2,unknown,,unknown,0,0
0x00458a60,FUN_00458a60,76,2,unknown,,unknown,0,0
0x00458b44,FUN_00458b44,76,16,unknown,,unknown,0,0
0x00458b90,FUN_00458b90,76,7,unknown,,unknown,0,0
0x00458bdc,FUN_00458bdc,128,8,unknown,,unknown,0,0
0x00458d04,FUN_00458d04,124,10,unknown,,unknown,0,0
0x00458d80,FUN_00458d80,80,5,unknown,,unknown,0,0
0x00458dd0,FUN_00458dd0,324,3,unknown,,unknown,0,0
0x00459120,FUN_00459120,8,1,unknown,,unknown,0,0
0x00459128,FUN_00459128,200,2,unknown,,unknown,0,0
0x004591f0,FUN_004591f0,184,2,unknown,,unknown,0,0
0x004592b8,FUN_004592b8,12,1,unknown,,unknown,0,0
0x004593a8,FUN_004593a8,104,1,unknown,,unknown,0,0
0x00459410,FUN_00459410,428,1,unknown,,unknown,0,0
0x004595bc,FUN_004595bc,144,2,unknown,,unknown,0,0
0x0045964c,FUN_0045964c,16,53,unknown,,unknown,0,0
0x004596dc,FUN_004596dc,1732,1,unknown,,unknown,0,0
0x00459da0,FUN_00459da0,236,7,unknown,,unknown,0,0
0x00459f78,FUN_00459f78,88,56,unknown,,unknown,0,0
0x00459fd0,FUN_00459fd0,20,8,unknown,,unknown,0,0
0x0045a114,FUN_0045a114,420,2,unknown,,unknown,0,0
0x0045a2b8,FUN_0045a2b8,8,1,unknown,,unknown,0,0
0x0045a2c0,FUN_0045a2c0,196,6,unknown,,unknown,0,0
0x0045a384,FUN_0045a384,164,5,unknown,,unknown,0,0
0x0045a428,FUN_0045a428,540,2,unknown,,unknown,0,0
0x0045a644,FUN_0045a644,264,5,unknown,,unknown,0,0
0x0045a74c,FUN_0045a74c,748,2,unknown,,unknown,0,0
0x0045aa38,FUN_0045aa38,252,2,unknown,,unknown,0,0
0x0045ab34,FUN_0045ab34,376,3,unknown,,unknown,0,0
0x0045acac,FUN_0045acac,320,1,unknown,,unknown,0,0
0x0045adec,FUN_0045adec,168,2,unknown,,unknown,0,0
0x0045aee0,FUN_0045aee0,28,1,unknown,,unknown,0,0
0x0045aefc,FUN_0045aefc,108,3,unknown,,unknown,0,0
0x0045af68,FUN_0045af68,256,3,unknown,,unknown,0,0
0x0045b068,FUN_0045b068,20,1,unknown,,unknown,0,0
0x0045b07c,FUN_0045b07c,312,3,unknown,,unknown,0,0
0x0045b1b4,FUN_0045b1b4,972,2,unknown,,unknown,0,0
0x0045b580,FUN_0045b580,100,609,unknown,,unknown,0,0
0x0045b5e4,FUN_0045b5e4,212,116,unknown,,unknown,0,0
0x0045b6b8,FUN_0045b6b8,700,3,unknown,,unknown,0,0
0x0045b974,FUN_0045b974,112,328,unknown,,unknown,0,0
0x0045b9e4,FUN_0045b9e4,164,15,unknown,,unknown,0,0
0x0045ba88,FUN_0045ba88,248,76,unknown,,unknown,0,0
0x0045bc34,FUN_0045bc34,20,1,unknown,,unknown,0,0
0x0045bc48,FUN_0045bc48,244,1,unknown,,unknown,0,0
0x0045be1c,FUN_0045be1c,92,1,unknown,,unknown,0,0
0x0045be78,FUN_0045be78,64,1,unknown,,unknown,0,0
0x0045beb8,FUN_0045beb8,344,1,unknown,,unknown,0,0
0x0045c7e4,FUN_0045c7e4,224,1,unknown,,unknown,0,0
0x0045cb2c,FUN_0045cb2c,260,5,unknown,,unknown,0,0
0x0045d2e0,FUN_0045d2e0,308,3,unknown,,unknown,0,0
0x0045d414,FUN_0045d414,204,2,unknown,,unknown,0,0
0x0045d4ec,FUN_0045d4ec,612,1,unknown,,unknown,0,0
0x0045d750,FUN_0045d750,168,1,unknown,,unknown,0,0
0x0045d944,FUN_0045d944,228,1,unknown,,unknown,0,0
0x0045da28,FUN_0045da28,492,2,unknown,,unknown,0,0
0x0045dc14,FUN_0045dc14,544,1,unknown,,unknown,0,0
0x0045dee4,FUN_0045dee4,136,2,unknown,,unknown,0,0
0x0045df6c,FUN_0045df6c,228,1,unknown,,unknown,0,0
0x0045e050,FUN_0045e050,712,3,unknown,,unknown,0,0
0x0045e444,FUN_0045e444,132,1,unknown,,unknown,0,0
0x0045e7f0,FUN_0045e7f0,356,1,unknown,,unknown,0,0
0x0045e9b4,FUN_0045e9b4,104,2,unknown,,unknown,0,0
0x0045ea1c,FUN_0045ea1c,292,2,unknown,,unknown,0,0
0x0045eb40,FUN_0045eb40,76,1,unknown,,unknown,0,0
0x0045eb8c,FUN_0045eb8c,36,2,unknown,,unknown,0,0
0x0045ebb0,FUN_0045ebb0,160,2,unknown,,unknown,0,0
0x0045ec9c,FUN_0045ec9c,348,3,unknown,,unknown,0,0
0x0045ef08,FUN_0045ef08,536,7,unknown,,unknown,0,0
0x0045f120,FUN_0045f120,136,7,unknown,,unknown,0,0
0x0045f1a8,FUN_0045f1a8,516,2,unknown,,unknown,0,0
0x0045f60c,FUN_0045f60c,608,3,unknown,,unknown,0,0
0x0045f8f0,FUN_0045f8f0,564,2,unknown,,unknown,0,0
0x0045fc1c,FUN_0045fc1c,152,9,unknown,,unknown,0,0
0x0045fd3c,FUN_0045fd3c,172,2,unknown,,unknown,0,0
0x00460170,FUN_00460170,364,2,unknown,,unknown,0,0
0x00460390,FUN_00460390,264,2,unknown,,unknown,0,0
0x00460498,FUN_00460498,256,1,unknown,,unknown,0,0
0x00460598,FUN_00460598,176,13,unknown,,unknown,0,0
0x004606e0,FUN_004606e0,384,1,unknown,,unknown,0,0
0x00460990,FUN_00460990,116,2,unknown,,unknown,0,0
0x00460a04,FUN_00460a04,232,108,unknown,,unknown,0,0
0x00460aec,FUN_00460aec,704,1,unknown,,unknown,0,0
0x00460f44,FUN_00460f44,8,1,unknown,,unknown,0,0
0x00460f4c,FUN_00460f4c,68,2,unknown,,unknown,0,0
0x00460f90,FUN_00460f90,124,1,unknown,,unknown,0,0
0x0046100c,FUN_0046100c,236,1,unknown,,unknown,0,0
0x004610f8,FUN_004610f8,1532,4,unknown,,unknown,0,0
0x004616f4,FUN_004616f4,584,2,unknown,,unknown,0,0
0x0046193c,FUN_0046193c,1680,1,unknown,,unknown,0,0
0x00462650,FUN_00462650,96,2,unknown,,unknown,0,0
0x00462810,FUN_00462810,212,1,unknown,,unknown,0,0
0x004628e4,FUN_004628e4,180,1,unknown,,unknown,0,0
0x00462a30,FUN_00462a30,328,1,unknown,,unknown,0,0
0x00462b78,FUN_00462b78,284,1,unknown,,unknown,0,0
0x00462cec,FUN_00462cec,80,2,unknown,,unknown,0,0
0x00462d3c,FUN_00462d3c,188,3,unknown,,unknown,0,0
0x00463120,FUN_00463120,296,1,unknown,,unknown,0,0
0x00463348,FUN_00463348,168,1,unknown,,unknown,0,0
0x004633f0,FUN_004633f0,200,2,unknown,,unknown,0,0
0x004634b8,FUN_004634b8,28,1,unknown,,unknown,0,0
0x004636a0,FUN_004636a0,88,10,unknown,,unknown,0,0
0x004636f8,FUN_004636f8,124,13,unknown,,unknown,0,0
0x004637b0,FUN_004637b0,616,5,unknown,,unknown,0,0
0x00463b00,FUN_00463b00,220,11,unknown,,unknown,0,0
0x00463bdc,FUN_00463bdc,12,3,unknown,,unknown,0,0
0x00463be8,FUN_00463be8,176,1,unknown,,unknown,0,0
0x00463c98,FUN_00463c98,12,9,unknown,,unknown,0,0
0x00463d4c,FUN_00463d4c,192,2,unknown,,unknown,0,0
0x00463e0c,FUN_00463e0c,220,2,unknown,,unknown,0,0
0x00463ee8,FUN_00463ee8,72,4,unknown,,unknown,0,0
0x00463f30,FUN_00463f30,344,1,unknown,,unknown,0,0
0x00464088,FUN_00464088,116,1,unknown,,unknown,0,0
0x004640fc,FUN_004640fc,204,1,unknown,,unknown,0,0
0x004641c8,FUN_004641c8,180,4,unknown,,unknown,0,0
0x0046427c,FUN_0046427c,60,1,unknown,,unknown,0,0
0x004642b8,FUN_004642b8,152,1,unknown,,unknown,0,0
0x004643c0,FUN_004643c0,16,1,unknown,,unknown,0,0
0x00464544,FUN_00464544,120,3,unknown,,unknown,0,0
0x00464630,FUN_00464630,136,3,unknown,,unknown,0,0
0x00464a9c,FUN_00464a9c,100,1,unknown,,unknown,0,0
0x00464c38,FUN_00464c38,468,1,unknown,,unknown,0,0
0x00464f8c,FUN_00464f8c,156,1,unknown,,unknown,0,0
0x00465028,FUN_00465028,1264,1,unknown,,unknown,0,0
0x00465738,FUN_00465738,4,1,unknown,,unknown,0,0
0x0046579c,FUN_0046579c,144,5,unknown,,unknown,0,0
0x0046582c,FUN_0046582c,100,3,unknown,,unknown,0,0
0x00465890,FUN_00465890,108,3,unknown,,unknown,0,0
0x00465900,FUN_00465900,256,1,unknown,,unknown,0,0
0x00465a00,FUN_00465a00,472,3,unknown,,unknown,0,0
0x00465d90,FUN_00465d90,148,3,unknown,,unknown,0,0
0x00465e24,FUN_00465e24,192,2,unknown,,unknown,0,0
0x00465ee4,FUN_00465ee4,112,2,unknown,,unknown,0,0
0x00466734,FUN_00466734,24,1,unknown,,unknown,0,0
0x0046674c,FUN_0046674c,172,1,unknown,,unknown,0,0
0x004667f8,FUN_004667f8,388,1,unknown,,unknown,0,0
0x0046697c,FUN_0046697c,356,1,unknown,,unknown,0,0
0x00466ae0,FUN_00466ae0,152,1,unknown,,unknown,0,0
0x00466b78,FUN_00466b78,580,1,unknown,,unknown,0,0
0x00466dbc,FUN_00466dbc,268,1,unknown,,unknown,0,0
0x00466ec8,FUN_00466ec8,48,2,unknown,,unknown,0,0
0x00466ef8,FUN_00466ef8,192,1,unknown,,unknown,0,0
0x00466fb8,FUN_00466fb8,196,1,unknown,,unknown,0,0
0x0046707c,FUN_0046707c,52,1,unknown,,unknown,0,0
0x0046710c,FUN_0046710c,124,1,unknown,,unknown,0,0
0x00467188,FUN_00467188,408,1,unknown,,unknown,0,0
0x00467320,FUN_00467320,412,1,unknown,,unknown,0,0
0x00467b08,FUN_00467b08,68,1,unknown,,unknown,0,0
0x00467b4c,FUN_00467b4c,292,1,unknown,,unknown,0,0
0x00467c70,FUN_00467c70,452,2,unknown,,unknown,0,0
0x00467e34,FUN_00467e34,140,1,unknown,,unknown,0,0
0x00467f34,FUN_00467f34,368,1,unknown,,unknown,0,0
0x004680a4,FUN_004680a4,68,1,unknown,,unknown,0,0
0x004680e8,FUN_004680e8,292,2,unknown,,unknown,0,0
0x0046820c,FUN_0046820c,112,2,unknown,,unknown,0,0
0x0046836c,FUN_0046836c,136,2,unknown,,unknown,0,0
0x004683f4,FUN_004683f4,160,8,unknown,,unknown,0,0
0x00468494,FUN_00468494,348,4,unknown,,unknown,0,0
0x004685f4,FUN_004685f4,16,1,unknown,,unknown,0,0
0x00468604,FUN_00468604,160,1,unknown,,unknown,0,0
0x004686a4,FUN_004686a4,136,1,unknown,,unknown,0,0
0x0046872c,FUN_0046872c,976,1,unknown,,unknown,0,0
0x00468afc,FUN_00468afc,204,1,unknown,,unknown,0,0
0x00468bc8,FUN_00468bc8,76,1,unknown,,unknown,0,0
0x00468c14,FUN_00468c14,120,2,unknown,,unknown,0,0
0x00468c8c,FUN_00468c8c,28,2,unknown,,unknown,0,0
0x00468ca8,FUN_00468ca8,92,1,unknown,,unknown,0,0
0x00468d04,FUN_00468d04,84,1,unknown,,unknown,0,0
0x00468d58,FUN_00468d58,384,2,unknown,,unknown,0,0
0x00468ed8,FUN_00468ed8,28,1,unknown,,unknown,0,0
0x00468ef4,FUN_00468ef4,32,1,unknown,,unknown,0,0
0x00468f14,FUN_00468f14,100,1,unknown,,unknown,0,0
0x00468f78,FUN_00468f78,156,1,unknown,,unknown,0,0
0x00469014,FUN_00469014,564,2,unknown,,unknown,0,0
0x00469248,FUN_00469248,184,2,unknown,,unknown,0,0
0x0046938c,FUN_0046938c,432,1,unknown,,unknown,0,0
0x0046953c,FUN_0046953c,52,2,unknown,,unknown,0,0
0x00469648,FUN_00469648,288,1,unknown,,unknown,0,0
0x00469768,FUN_00469768,228,1,unknown,,unknown,0,0
0x0046984c,FUN_0046984c,304,3,unknown,,unknown,0,0
0x0046997c,FUN_0046997c,100,3,unknown,,unknown,0,0
0x004699e0,FUN_004699e0,116,3,unknown,,unknown,0,0
0x00469a54,FUN_00469a54,92,3,unknown,,unknown,0,0
0x00469be0,FUN_00469be0,196,3,unknown,,unknown,0,0
0x00469ca4,FUN_00469ca4,440,1,unknown,,unknown,0,0
0x00469e5c,FUN_00469e5c,140,2,unknown,,unknown,0,0
0x00469ee8,FUN_00469ee8,212,1,unknown,,unknown,0,0
0x00469fbc,FUN_00469fbc,196,2,unknown,,unknown,0,0
0x0046a080,FUN_0046a080,180,2,unknown,,unknown,0,0
0x0046a1f0,FUN_0046a1f0,92,1,unknown,,unknown,0,0
0x0046a24c,FUN_0046a24c,88,11,unknown,,unknown,0,0
0x0046a328,FUN_0046a328,132,3,unknown,,unknown,0,0
0x0046a3ac,FUN_0046a3ac,112,3,unknown,,unknown,0,0
0x0046a41c,FUN_0046a41c,288,3,unknown,,unknown,0,0
0x0046a6b4,FUN_0046a6b4,68,2,unknown,,unknown,0,0
0x0046a6f8,FUN_0046a6f8,172,2,unknown,,unknown,0,0
0x0046a7a4,FUN_0046a7a4,244,2,unknown,,unknown,0,0
0x0046a898,FUN_0046a898,88,3,unknown,,unknown,0,0
0x0046a8f0,FUN_0046a8f0,132,3,unknown,,unknown,0,0
0x0046a974,FUN_0046a974,384,1,unknown,,unknown,0,0
0x0046aba4,FUN_0046aba4,80,1,unknown,,unknown,0,0
0x0046abf4,FUN_0046abf4,288,1,unknown,,unknown,0,0
0x0046ad28,FUN_0046ad28,152,1,unknown,,unknown,0,0
0x0046adc0,FUN_0046adc0,144,1,unknown,,unknown,0,0
0x0046aedc,FUN_0046aedc,16,1,unknown,,unknown,0,0
0x0046aeec,FUN_0046aeec,264,1,unknown,,unknown,0,0
0x0046b1f8,FUN_0046b1f8,64,1,unknown,,unknown,0,0
0x0046b2d8,FUN_0046b2d8,360,1,unknown,,unknown,0,0
0x0046b440,FUN_0046b440,120,1,unknown,,unknown,0,0
0x0046b4b8,FUN_0046b4b8,620,3,unknown,,unknown,0,0
0x0046b7dc,FUN_0046b7dc,184,1,unknown,,unknown,0,0
0x0046b894,FUN_0046b894,220,1,unknown,,unknown,0,0
0x0046b970,FUN_0046b970,20,1,unknown,,unknown,0,0
0x0046b984,FUN_0046b984,32,1,unknown,,unknown,0,0
0x0046b9a4,FUN_0046b9a4,196,1,unknown,,unknown,0,0
0x0046ba68,FUN_0046ba68,28,2,unknown,,unknown,0,0
0x0046ba84,FUN_0046ba84,36,1,unknown,,unknown,0,0
0x0046baa8,FUN_0046baa8,24,2,unknown,,unknown,0,0
0x0046bac0,FUN_0046bac0,64,4,unknown,,unknown,0,0
0x0046bb00,FUN_0046bb00,100,1,unknown,,unknown,0,0
0x0046bb64,FUN_0046bb64,476,2,unknown,,unknown,0,0
0x0046bd40,FUN_0046bd40,44,1,unknown,,unknown,0,0
0x0046bd6c,FUN_0046bd6c,16,1,unknown,,unknown,0,0
0x0046bd7c,FUN_0046bd7c,64,2,unknown,,unknown,0,0
0x0046bdbc,FUN_0046bdbc,560,1,unknown,,unknown,0,0
0x0046bfec,FUN_0046bfec,8,1,unknown,,unknown,0,0
0x0046bff4,FUN_0046bff4,92,1,unknown,,unknown,0,0
0x0046c29c,FUN_0046c29c,92,2,unknown,,unknown,0,0
0x0046ca98,FUN_0046ca98,16,3,unknown,,unknown,0,0
0x0046caa8,FUN_0046caa8,156,5,unknown,,unknown,0,0
0x0046cb44,FUN_0046cb44,168,4,unknown,,unknown,0,0
0x0046cbec,FUN_0046cbec,500,1,unknown,,unknown,0,0
0x0046d068,FUN_0046d068,520,1,unknown,,unknown,0,0
0x0046d270,FUN_0046d270,280,1,unknown,,unknown,0,0
0x0046d388,FUN_0046d388,76,3,unknown,,unknown,0,0
0x0046d3d4,FUN_0046d3d4,296,2,unknown,,unknown,0,0
0x0046d4fc,FUN_0046d4fc,152,3,unknown,,unknown,0,0
0x0046d594,FUN_0046d594,216,1,unknown,,unknown,0,0
0x0046d66c,FUN_0046d66c,200,1,unknown,,unknown,0,0
0x0046d734,FUN_0046d734,380,2,unknown,,unknown,0,0
0x0046d938,FUN_0046d938,216,2,unknown,,unknown,0,0
0x0046da10,FUN_0046da10,184,5,unknown,,unknown,0,0
0x0046db3c,FUN_0046db3c,124,8,unknown,,unknown,0,0
0x0046dbb8,FUN_0046dbb8,552,2,unknown,,unknown,0,0
0x0046dde0,FUN_0046dde0,212,2,unknown,,unknown,0,0
0x0046df60,FUN_0046df60,136,2,unknown,,unknown,0,0
0x0046dfe8,FUN_0046dfe8,188,18,unknown,,unknown,0,0
0x0046e104,FUN_0046e104,212,2,unknown,,unknown,0,0
0x0046e1d8,FUN_0046e1d8,232,3,unknown,,unknown,0,0
0x0046e2c0,FUN_0046e2c0,144,10,unknown,,unknown,0,0
0x0046e3c4,FUN_0046e3c4,584,2,unknown,,unknown,0,0
0x0046e60c,FUN_0046e60c,144,2,unknown,,unknown,0,0
0x0046e69c,FUN_0046e69c,116,1,unknown,,unknown,0,0
0x0046e710,FUN_0046e710,268,2,unknown,,unknown,0,0
0x0046e90c,FUN_0046e90c,204,1,unknown,,unknown,0,0
0x0046ea04,FUN_0046ea04,252,17,unknown,,unknown,0,0
0x0046eb00,FUN_0046eb00,100,1,unknown,,unknown,0,0
0x0046eb64,FUN_0046eb64,208,5,unknown,,unknown,0,0
0x0046ec34,FUN_0046ec34,180,1,unknown,,unknown,0,0
0x0046ece8,FUN_0046ece8,196,21,unknown,,unknown,0,0
0x0046ee10,FUN_0046ee10,124,4,unknown,,unknown,0,0
0x0046ee8c,FUN_0046ee8c,148,3,unknown,,unknown,0,0
0x0046ef20,FUN_0046ef20,160,1,unknown,,unknown,0,0
0x0046efc0,FUN_0046efc0,84,1,unknown,,unknown,0,0
0x0046f014,FUN_0046f014,148,1,unknown,,unknown,0,0
0x0046f0a8,FUN_0046f0a8,240,1,unknown,,unknown,0,0
0x0046f1dc,FUN_0046f1dc,216,2,unknown,,unknown,0,0
0x0046f2b4,FUN_0046f2b4,148,1,unknown,,unknown,0,0
0x0046f348,FUN_0046f348,104,2,unknown,,unknown,0,0
0x0046f3b0,FUN_0046f3b0,156,2,unknown,,unknown,0,0
0x0046f44c,FUN_0046f44c,492,4,unknown,,unknown,0,0
0x0046f638,FUN_0046f638,184,1,unknown,,unknown,0,0
0x0046f6f0,FUN_0046f6f0,56,1,unknown,,unknown,0,0
0x0046f728,FUN_0046f728,56,2,unknown,,unknown,0,0
0x0046f760,FUN_0046f760,180,1,unknown,,unknown,0,0
0x0046fa88,FUN_0046fa88,680,1,unknown,,unknown,0,0
0x0046fd30,FUN_0046fd30,156,6,unknown,,unknown,0,0
0x0046fdcc,FUN_0046fdcc,296,2,unknown,,unknown,0,0
0x0046fef4,FUN_0046fef4,288,8,unknown,,unknown,0,0
0x00470014,FUN_00470014,88,2,unknown,,unknown,0,0
0x0047006c,FUN_0047006c,96,3,unknown,,unknown,0,0
0x004700cc,FUN_004700cc,380,4,unknown,,unknown,0,0
0x00470248,FUN_00470248,244,3,unknown,,unknown,0,0
0x0047033c,FUN_0047033c,344,4,unknown,,unknown,0,0
0x00470494,FUN_00470494,328,2,unknown,,unknown,0,0
0x004705dc,FUN_004705dc,160,1,unknown,,unknown,0,0
0x0047067c,FUN_0047067c,444,2,unknown,,unknown,0,0
0x00470974,FUN_00470974,116,1,unknown,,unknown,0,0
0x00470b88,FUN_00470b88,140,2,unknown,,unknown,0,0
0x00470c74,FUN_00470c74,148,1,unknown,,unknown,0,0
0x00470d08,FUN_00470d08,344,3,unknown,,unknown,0,0
0x00470ed8,FUN_00470ed8,204,1,unknown,,unknown,0,0
0x00471074,FUN_00471074,60,2,unknown,,unknown,0,0
0x004710b0,FUN_004710b0,320,4,unknown,,unknown,0,0
0x004711f0,FUN_004711f0,52,7,unknown,,unknown,0,0
0x00471264,FUN_00471264,48,1,unknown,,unknown,0,0
0x00471650,FUN_00471650,236,2,unknown,,unknown,0,0
0x00471a98,FUN_00471a98,336,1,unknown,,unknown,0,0
0x00471c48,FUN_00471c48,200,1,unknown,,unknown,0,0
0x00471e78,FUN_00471e78,296,4,unknown,,unknown,0,0
0x00471fa0,FUN_00471fa0,276,6,unknown,,unknown,0,0
0x004720c4,FUN_004720c4,1104,5,unknown,,unknown,0,0
0x00472514,FUN_00472514,144,1,unknown,,unknown,0,0
0x00472934,FUN_00472934,100,1,unknown,,unknown,0,0
0x00472998,FUN_00472998,852,1,unknown,,unknown,0,0
0x00472f98,FUN_00472f98,28,5,unknown,,unknown,0,0
0x00472fb4,FUN_00472fb4,224,1,unknown,,unknown,0,0
0x00473094,FUN_00473094,312,1,unknown,,unknown,0,0
0x004731cc,FUN_004731cc,760,1,unknown,,unknown,0,0
0x004734c4,FUN_004734c4,216,1,unknown,,unknown,0,0
0x0047359c,FUN_0047359c,164,2,unknown,,unknown,0,0
0x00473688,FUN_00473688,128,1,unknown,,unknown,0,0
0x00473708,FUN_00473708,192,1,unknown,,unknown,0,0
0x004737c8,FUN_004737c8,260,4,unknown,,unknown,0,0
0x00474000,FUN_00474000,36,2,unknown,,unknown,0,0
0x00474228,FUN_00474228,72,4,unknown,,unknown,0,0
0x00474270,FUN_00474270,108,1,unknown,,unknown,0,0
0x004742dc,FUN_004742dc,92,1,unknown,,unknown,0,0
0x00474338,FUN_00474338,60,2,unknown,,unknown,0,0
0x00474374,FUN_00474374,68,10,unknown,,unknown,0,0
0x004743b8,FUN_004743b8,224,1,unknown,,unknown,0,0
0x00474498,FUN_00474498,184,1,unknown,,unknown,0,0
0x00474550,FUN_00474550,176,1,unknown,,unknown,0,0
0x00474600,FUN_00474600,40,1,unknown,,unknown,0,0
0x00474628,FUN_00474628,136,2,unknown,,unknown,0,0
0x004746b0,FUN_004746b0,112,1,unknown,,unknown,0,0
0x00474720,FUN_00474720,468,1,unknown,,unknown,0,0
0x004748f4,FUN_004748f4,248,3,unknown,,unknown,0,0
0x004749ec,FUN_004749ec,108,2,unknown,,unknown,0,0
0x00474b6c,FUN_00474b6c,100,1,unknown,,unknown,0,0
0x00474bd0,FUN_00474bd0,172,1,unknown,,unknown,0,0
0x00474c7c,FUN_00474c7c,72,1,unknown,,unknown,0,0
0x00474cc4,FUN_00474cc4,408,2,unknown,,unknown,0,0
0x00474e5c,FUN_00474e5c,176,1,unknown,,unknown,0,0
0x00474f0c,FUN_00474f0c,172,20,unknown,,unknown,0,0
0x00474fb8,FUN_00474fb8,28,16,unknown,,unknown,0,0
0x00474fd4,FUN_00474fd4,92,11,unknown,,unknown,0,0
0x00475030,FUN_00475030,60,7,unknown,,unknown,0,0
0x0047506c,FUN_0047506c,492,24,unknown,,unknown,0,0
0x004755a4,FUN_004755a4,84,3,unknown,,unknown,0,0
0x0047564c,FUN_0047564c,288,1,unknown,,unknown,0,0
0x0047576c,FUN_0047576c,84,1,unknown,,unknown,0,0
0x00475838,FUN_00475838,60,1,unknown,,unknown,0,0
0x00475a50,FUN_00475a50,384,1,unknown,,unknown,0,0
0x00475bd0,FUN_00475bd0,224,15,unknown,,unknown,0,0
0x00475cb0,FUN_00475cb0,84,2,unknown,,unknown,0,0
0x0047701c,FUN_0047701c,508,1,unknown,,unknown,0,0
0x00477b10,FUN_00477b10,32,1,unknown,,unknown,0,0
0x00479d28,FUN_00479d28,824,1,unknown,,unknown,0,0
0x0047a100,FUN_0047a100,716,1,unknown,,unknown,0,0
0x0047ad68,FUN_0047ad68,380,1,unknown,,unknown,0,0
0x0047aee4,FUN_0047aee4,116,1,unknown,,unknown,0,0
0x0047afbc,FUN_0047afbc,32,2,unknown,,unknown,0,0
0x0047afdc,FUN_0047afdc,132,5,unknown,,unknown,0,0
0x0047b060,FUN_0047b060,80,2,unknown,,unknown,0,0
0x0047b0b0,FUN_0047b0b0,324,1,unknown,,unknown,0,0
0x0047b1f4,FUN_0047b1f4,148,1,unknown,,unknown,0,0
0x0047b288,FUN_0047b288,112,1,unknown,,unknown,0,0
0x0047b2f8,FUN_0047b2f8,100,3,unknown,,unknown,0,0
0x0047b35c,FUN_0047b35c,476,1,unknown,,unknown,0,0
0x0047b538,FUN_0047b538,256,3,unknown,,unknown,0,0
0x0047b638,FUN_0047b638,76,4,unknown,,unknown,0,0
0x0047b684,FUN_0047b684,428,1,unknown,,unknown,0,0
0x0047b830,FUN_0047b830,148,1,unknown,,unknown,0,0
0x0047ba2c,FUN_0047ba2c,116,2,unknown,,unknown,0,0
0x0047bac0,FUN_0047bac0,32,1,unknown,,unknown,0,0
0x0047bae0,FUN_0047bae0,64,21,unknown,,unknown,0,0
0x0047bb20,FUN_0047bb20,72,20,unknown,,unknown,0,0
0x0047bb68,FUN_0047bb68,104,57,unknown,,unknown,0,0
0x0047bbd0,FUN_0047bbd0,124,46,unknown,,unknown,0,0
0x0047bc4c,FUN_0047bc4c,100,7,unknown,,unknown,0,0
0x0047beb4,FUN_0047beb4,52,2,unknown,,unknown,0,0
0x0047bee8,FUN_0047bee8,92,1,unknown,,unknown,0,0
0x0047bf44,FUN_0047bf44,88,1,unknown,,unknown,0,0
0x0047bf9c,FUN_0047bf9c,12,2,unknown,,unknown,0,0
0x0047bfa8,FUN_0047bfa8,276,11,unknown,,unknown,0,0
0x0047c0bc,FUN_0047c0bc,528,2,unknown,,unknown,0,0
0x0047c2cc,FUN_0047c2cc,80,2,unknown,,unknown,0,0
0x0047c31c,FUN_0047c31c,224,4,unknown,,unknown,0,0
0x0047c3fc,FUN_0047c3fc,72,2,unknown,,unknown,0,0
0x0047c450,FUN_0047c450,72,1,unknown,,unknown,0,0
0x0047c4a4,FUN_0047c4a4,72,1,unknown,,unknown,0,0
0x0047c4f8,FUN_0047c4f8,112,1,unknown,,unknown,0,0
0x0047c568,FUN_0047c568,640,1,unknown,,unknown,0,0
0x0047c7e8,FUN_0047c7e8,112,1,unknown,,unknown,0,0
0x0047c858,FUN_0047c858,100,6,unknown,,unknown,0,0
0x0047c8bc,FUN_0047c8bc,324,1,unknown,,unknown,0,0
0x0047ca00,FUN_0047ca00,180,1,unknown,,unknown,0,0
0x0047cab4,FUN_0047cab4,564,1,unknown,,unknown,0,0
0x0047cd84,FUN_0047cd84,876,3,unknown,,unknown,0,0
0x0047d0f0,FUN_0047d0f0,152,7,unknown,,unknown,0,0
0x0047d188,FUN_0047d188,100,3,unknown,,unknown,0,0
0x0047d328,FUN_0047d328,64,1,unknown,,unknown,0,0
0x0047d44c,FUN_0047d44c,284,3,unknown,,unknown,0,0
0x0047d630,FUN_0047d630,72,4,unknown,,unknown,0,0
0x0047d678,FUN_0047d678,288,5,unknown,,unknown,0,0
0x0047db7c,FUN_0047db7c,392,2,unknown,,unknown,0,0
0x0047dd04,FUN_0047dd04,912,8,unknown,,unknown,0,0
0x0047e1a0,FUN_0047e1a0,60,1,unknown,,unknown,0,0
0x0047e444,FUN_0047e444,136,4,unknown,,unknown,0,0
0x0047e4cc,FUN_0047e4cc,104,3,unknown,,unknown,0,0
0x0047e534,FUN_0047e534,436,4,unknown,,unknown,0,0
0x0047e6e8,FUN_0047e6e8,320,3,unknown,,unknown,0,0
0x0047e828,FUN_0047e828,588,2,unknown,,unknown,0,0
0x0047ea74,FUN_0047ea74,1344,1,unknown,,unknown,0,0
0x0047f0a0,FUN_0047f0a0,312,2,unknown,,unknown,0,0
0x0047f1d8,FUN_0047f1d8,208,3,unknown,,unknown,0,0
0x0047fd2c,FUN_0047fd2c,56,83,unknown,,unknown,0,0
0x0047fd64,FUN_0047fd64,368,1,unknown,,unknown,0,0
0x0047fed4,FUN_0047fed4,108,2,unknown,,unknown,0,0
0x0047ff40,FUN_0047ff40,96,4,unknown,,unknown,0,0
0x0047ffa0,FUN_0047ffa0,152,3,unknown,,unknown,0,0
0x0048008c,FUN_0048008c,144,3,unknown,,unknown,0,0
0x0048011c,FUN_0048011c,224,3,unknown,,unknown,0,0
0x004801fc,FUN_004801fc,40,1,unknown,,unknown,0,0
0x00480260,FUN_00480260,144,2,unknown,,unknown,0,0
0x004802f0,FUN_004802f0,256,27,unknown,,unknown,0,0
0x004803f0,FUN_004803f0,92,21,unknown,,unknown,0,0
0x00480548,FUN_00480548,148,3,unknown,,unknown,0,0
0x004805dc,FUN_004805dc,96,1,unknown,,unknown,0,0
0x0048063c,FUN_0048063c,168,2,unknown,,unknown,0,0
0x004806e4,FUN_004806e4,80,10,unknown,,unknown,0,0
0x004807d4,FUN_004807d4,228,5,unknown,,unknown,0,0
0x004808b8,FUN_004808b8,164,1,unknown,,unknown,0,0
0x004809b0,FUN_004809b0,100,1,unknown,,unknown,0,0
0x00480a14,FUN_00480a14,308,3,unknown,,unknown,0,0
0x00481014,FUN_00481014,84,2,unknown,,unknown,0,0
0x00481068,FUN_00481068,216,1,unknown,,unknown,0,0
0x00481140,FUN_00481140,220,13,unknown,,unknown,0,0
0x0048121c,FUN_0048121c,304,2,unknown,,unknown,0,0
0x0048134c,FUN_0048134c,160,2,unknown,,unknown,0,0
0x00481498,FUN_00481498,148,1,unknown,,unknown,0,0
0x0048152c,FUN_0048152c,312,1,unknown,,unknown,0,0
0x004816ac,FUN_004816ac,52,1,unknown,,unknown,0,0
0x004816e0,FUN_004816e0,52,2,unknown,,unknown,0,0
0x0048188c,FUN_0048188c,304,1,unknown,,unknown,0,0
0x004819bc,FUN_004819bc,200,1,unknown,,unknown,0,0
0x00482e14,FUN_00482e14,248,1,unknown,,unknown,0,0
0x00482f0c,FUN_00482f0c,112,1,unknown,,unknown,0,0
0x0048305c,FUN_0048305c,132,5,unknown,,unknown,0,0
0x0048339c,FUN_0048339c,208,1,unknown,,unknown,0,0
0x00483664,FUN_00483664,232,2,unknown,,unknown,0,0
0x0048374c,FUN_0048374c,148,1,unknown,,unknown,0,0
0x004837e0,FUN_004837e0,124,2,unknown,,unknown,0,0
0x004838d8,FUN_004838d8,88,7,unknown,,unknown,0,0
0x00483930,FUN_00483930,164,1,unknown,,unknown,0,0
0x004839d4,FUN_004839d4,268,3,unknown,,unknown,0,0
0x00483d5c,FUN_00483d5c,376,2,unknown,,unknown,0,0
0x0048439c,FUN_0048439c,668,1,unknown,,unknown,0,0
0x00484638,FUN_00484638,408,1,unknown,,unknown,0,0
0x0048483c,FUN_0048483c,204,2,unknown,,unknown,0,0
0x004849b8,FUN_004849b8,204,1,unknown,,unknown,0,0
0x00484cc0,FUN_00484cc0,184,1,unknown,,unknown,0,0
0x004851b8,FUN_004851b8,76,1,unknown,,unknown,0,0
0x00485204,FUN_00485204,120,4,unknown,,unknown,0,0
0x0048527c,FUN_0048527c,48,3,unknown,,unknown,0,0
0x004852ac,FUN_004852ac,120,1,unknown,,unknown,0,0
0x00485350,FUN_00485350,44,3,unknown,,unknown,0,0
0x0048537c,FUN_0048537c,44,2,unknown,,unknown,0,0
0x004853a8,FUN_004853a8,188,1,unknown,,unknown,0,0
0x00485464,FUN_00485464,524,1,unknown,,unknown,0,0
0x004858c0,FUN_004858c0,256,2,unknown,,unknown,0,0
0x00485d74,FUN_00485d74,944,1,unknown,,unknown,0,0
0x00486408,FUN_00486408,1180,1,unknown,,unknown,0,0
0x00486bfc,FUN_00486bfc,616,1,unknown,,unknown,0,0
0x00486f9c,FUN_00486f9c,448,1,unknown,,unknown,0,0
0x0048715c,FUN_0048715c,12,1,unknown,,unknown,0,0
0x0048736c,FUN_0048736c,52,1,unknown,,unknown,0,0
0x00487464,FUN_00487464,228,1,unknown,,unknown,0,0
0x0048757c,FUN_0048757c,180,1,unknown,,unknown,0,0
0x00487664,FUN_00487664,32,1,unknown,,unknown,0,0
0x00487a30,FUN_00487a30,148,4,unknown,,unknown,0,0
0x00487ac4,FUN_00487ac4,380,5,unknown,,unknown,0,0
0x00487c74,FUN_00487c74,124,3,unknown,,unknown,0,0
0x00487cf0,FUN_00487cf0,316,4,unknown,,unknown,0,0
0x00487e2c,FUN_00487e2c,308,2,unknown,,unknown,0,0
0x004886b0,FUN_004886b0,64,1,unknown,,unknown,0,0
0x00488978,FUN_00488978,72,1,unknown,,unknown,0,0
0x00488ac8,FUN_00488ac8,1168,1,unknown,,unknown,0,0
0x00488f58,FUN_00488f58,740,2,unknown,,unknown,0,0
0x004892a8,FUN_004892a8,296,2,unknown,,unknown,0,0
0x004893d0,FUN_004893d0,116,4,unknown,,unknown,0,0
0x004894b8,FUN_004894b8,268,3,unknown,,unknown,0,0
0x004895c4,FUN_004895c4,96,1,unknown,,unknown,0,0
0x00489848,FUN_00489848,216,2,unknown,,unknown,0,0
0x004899fc,FUN_004899fc,52,7,unknown,,unknown,0,0
0x00489b38,FUN_00489b38,512,11,unknown,,unknown,0,0
0x00489f8c,FUN_00489f8c,416,12,unknown,,unknown,0,0
0x0048a3d0,FUN_0048a3d0,228,1,unknown,,unknown,0,0
0x0048a8ac,FUN_0048a8ac,200,12,unknown,,unknown,0,0
0x0048a9bc,FUN_0048a9bc,112,6,unknown,,unknown,0,0
0x0048ab20,FUN_0048ab20,52,1,unknown,,unknown,0,0
0x0048ad0c,FUN_0048ad0c,164,1,unknown,,unknown,0,0
0x0048adb0,FUN_0048adb0,112,1,unknown,,unknown,0,0
0x0048ae20,FUN_0048ae20,124,1,unknown,,unknown,0,0
0x0048b0b8,FUN_0048b0b8,32,1,unknown,,unknown,0,0
0x0048b0d8,FUN_0048b0d8,92,1,unknown,,unknown,0,0
0x0048b518,FUN_0048b518,652,1,unknown,,unknown,0,0
0x0048ba88,FUN_0048ba88,84,1,unknown,,unknown,0,0
0x0048bc30,FUN_0048bc30,72,1,unknown,,unknown,0,0
0x0048bd94,FUN_0048bd94,284,1,unknown,,unknown,0,0
0x0048c028,FUN_0048c028,68,1,unknown,,unknown,0,0
0x0048c1ac,FUN_0048c1ac,88,1,unknown,,unknown,0,0
0x0048c204,FUN_0048c204,292,1,unknown,,unknown,0,0
0x0048c328,FUN_0048c328,196,2,unknown,,unknown,0,0
0x0048c3ec,FUN_0048c3ec,256,11,unknown,,unknown,0,0
0x0048c5c0,FUN_0048c5c0,128,1,unknown,,unknown,0,0
0x0048c640,FUN_0048c640,128,1,unknown,,unknown,0,0
0x0048c6c0,FUN_0048c6c0,212,14,unknown,,unknown,0,0
0x0048c9f0,FUN_0048c9f0,196,1,unknown,,unknown,0,0
0x0048cd7c,FUN_0048cd7c,128,10,unknown,,unknown,0,0
0x0048ce44,FUN_0048ce44,92,8,unknown,,unknown,0,0
0x0048cea0,FUN_0048cea0,112,11,unknown,,unknown,0,0
0x0048cf10,FUN_0048cf10,220,6,unknown,,unknown,0,0
0x0048d020,FUN_0048d020,60,16,unknown,,unknown,0,0
0x0048d05c,FUN_0048d05c,236,3,unknown,,unknown,0,0
0x0048d14c,FUN_0048d14c,312,1,unknown,,unknown,0,0
0x0048d284,FUN_0048d284,384,5,unknown,,unknown,0,0
0x0048d404,FUN_0048d404,172,1,unknown,,unknown,0,0
0x0048d4b0,FUN_0048d4b0,320,8,unknown,,unknown,0,0
0x0048d5f0,FUN_0048d5f0,760,1,unknown,,unknown,0,0
0x0048d8e8,FUN_0048d8e8,936,1,unknown,,unknown,0,0
0x0048df6c,FUN_0048df6c,152,2,unknown,,unknown,0,0
0x0048e214,FUN_0048e214,624,1,unknown,,unknown,0,0
0x0048e484,FUN_0048e484,560,2,unknown,,unknown,0,0
0x0048e6b4,FUN_0048e6b4,248,15,unknown,,unknown,0,0
0x0048ea2c,FUN_0048ea2c,484,1,unknown,,unknown,0,0
0x0048f880,FUN_0048f880,888,2,unknown,,unknown,0,0
0x004901fc,FUN_004901fc,1080,1,unknown,,unknown,0,0
0x0049191c,FUN_0049191c,224,2,unknown,,unknown,0,0
0x00491ac4,FUN_00491ac4,168,15,unknown,,unknown,0,0
0x00491cac,FUN_00491cac,464,2,unknown,,unknown,0,0
0x00491fe0,FUN_00491fe0,328,3,unknown,,unknown,0,0
0x004922a0,FUN_004922a0,440,2,unknown,,unknown,0,0
0x004927a4,FUN_004927a4,1204,1,unknown,,unknown,0,0
0x00492c58,FUN_00492c58,12,1,unknown,,unknown,0,0
0x00492c64,FUN_00492c64,180,1,unknown,,unknown,0,0
0x00492f6c,FUN_00492f6c,104,3,unknown,,unknown,0,0
0x004931a8,FUN_004931a8,172,1,unknown,,unknown,0,0
0x00493254,FUN_00493254,552,2,unknown,,unknown,0,0
0x0049347c,FUN_0049347c,584,1,unknown,,unknown,0,0
0x00493850,FUN_00493850,260,4,unknown,,unknown,0,0
0x00495ed4,FUN_00495ed4,68,4,unknown,,unknown,0,0
0x00495f18,FUN_00495f18,76,3,unknown,,unknown,0,0
0x00495fe0,FUN_00495fe0,48,2,unknown,,unknown,0,0
0x00496010,FUN_00496010,472,2,unknown,,unknown,0,0
0x004961e8,FUN_004961e8,484,2,unknown,,unknown,0,0
0x004963cc,FUN_004963cc,304,2,unknown,,unknown,0,0
0x004964fc,FUN_004964fc,192,2,unknown,,unknown,0,0
0x004965bc,FUN_004965bc,72,49,unknown,,unknown,0,0
0x00496698,memset,8,370,vxworks,libc,named-symbol,3,0
0x004966a0,FUN_004966a0,60,17,unknown,,unknown,0,0
0x004966dc,FUN_004966dc,92,6,unknown,,unknown,0,0
0x00496738,FUN_00496738,112,1,unknown,,unknown,0,0
0x004967a8,FUN_004967a8,88,9,unknown,,unknown,0,0
0x00496800,FUN_00496800,856,1,unknown,,unknown,0,0
0x00496b58,FUN_00496b58,128,3,unknown,,unknown,0,0
0x00496bd8,FUN_00496bd8,48,3,unknown,,unknown,0,0
0x00496c08,FUN_00496c08,92,12,unknown,,unknown,0,0
0x00496ddc,FUN_00496ddc,188,3,unknown,,unknown,0,0
0x0049719c,FUN_0049719c,152,1,unknown,,unknown,0,0
0x004974f8,FUN_004974f8,104,6,unknown,,unknown,0,0
0x00497560,FUN_00497560,20,19,unknown,,unknown,0,0
0x0049757c,FUN_0049757c,60,9,unknown,,unknown,0,0
0x004975b8,FUN_004975b8,12,19,unknown,,unknown,0,0
0x004975c4,FUN_004975c4,60,27,unknown,,unknown,0,0
0x00497600,FUN_00497600,56,6,unknown,,unknown,0,0
0x00497638,FUN_00497638,40,10,unknown,,unknown,0,0
0x00497660,FUN_00497660,120,5,unknown,,unknown,0,0
0x004976dc,FUN_004976dc,20,48,unknown,,unknown,0,0
0x0049776c,FUN_0049776c,8,45,unknown,,unknown,0,0
0x00497774,FUN_00497774,72,52,unknown,,unknown,0,0
0x0049783c,FUN_0049783c,8,116,unknown,,unknown,0,0
0x00497844,FUN_00497844,68,19,unknown,,unknown,0,0
0x00497888,FUN_00497888,72,6,unknown,,unknown,0,0
0x004978d0,FUN_004978d0,12,57,unknown,,unknown,0,0
0x004978dc,FUN_004978dc,8,11,unknown,,unknown,0,0
0x004978e4,FUN_004978e4,8,121,unknown,,unknown,0,0
0x004978ec,FUN_004978ec,104,10,unknown,,unknown,0,0
0x00497954,FUN_00497954,8,5,unknown,,unknown,0,0
0x0049795c,FUN_0049795c,124,1,unknown,,unknown,0,0
0x004979d8,FUN_004979d8,80,11,unknown,,unknown,0,0
0x00497a28,FUN_00497a28,108,7,unknown,,unknown,0,0
0x00497a94,FUN_00497a94,12,14,unknown,,unknown,0,0
0x00497cfc,FUN_00497cfc,156,1,unknown,,unknown,0,0
0x00497d98,FUN_00497d98,236,3,unknown,,unknown,0,0
0x00497e84,FUN_00497e84,256,7,unknown,,unknown,0,0
0x0049807c,FUN_0049807c,500,5,unknown,,unknown,0,0
0x00498270,FUN_00498270,148,1,unknown,,unknown,0,0
0x00498304,FUN_00498304,272,8,unknown,,unknown,0,0
0x00498414,FUN_00498414,128,1,unknown,,unknown,0,0
0x004985d4,FUN_004985d4,160,1,unknown,,unknown,0,0
0x00498674,FUN_00498674,128,1,unknown,,unknown,0,0
0x00498b0c,FUN_00498b0c,84,1,unknown,,unknown,0,0
0x00498cd8,FUN_00498cd8,264,11,unknown,,unknown,0,0
0x00498e30,FUN_00498e30,8,1,unknown,,unknown,0,0
0x00499050,FUN_00499050,168,1,unknown,,unknown,0,0
0x004992bc,FUN_004992bc,112,1,unknown,,unknown,0,0
0x0049932c,FUN_0049932c,68,1,unknown,,unknown,0,0
0x00499370,FUN_00499370,100,1,unknown,,unknown,0,0
0x004993d4,FUN_004993d4,188,2,unknown,,unknown,0,0
0x0049952c,FUN_0049952c,36,1,unknown,,unknown,0,0
0x00499878,FUN_00499878,84,1,unknown,,unknown,0,0
0x004998d4,FUN_004998d4,108,1,unknown,,unknown,0,0
0x00499c08,FUN_00499c08,52,5,unknown,,unknown,0,0
0x00499c3c,FUN_00499c3c,16,4,unknown,,unknown,0,0
0x00499c4c,FUN_00499c4c,132,5,unknown,,unknown,0,0
0x00499cd0,FUN_00499cd0,216,4,unknown,,unknown,0,0
0x00499da8,FUN_00499da8,268,3,unknown,,unknown,0,0
0x00499eb4,FUN_00499eb4,24,2,unknown,,unknown,0,0
0x00499efc,FUN_00499efc,36,8,unknown,,unknown,0,0
0x00499f20,FUN_00499f20,32,8,unknown,,unknown,0,0
0x00499f40,FUN_00499f40,36,2,unknown,,unknown,0,0
0x00499f64,FUN_00499f64,32,1,unknown,,unknown,0,0
0x00499f84,FUN_00499f84,20,5,unknown,,unknown,0,0
0x00499fa0,FUN_00499fa0,28,1,unknown,,unknown,0,0
0x00499fbc,FUN_00499fbc,44,5,unknown,,unknown,0,0
0x00499fe8,FUN_00499fe8,48,2,unknown,,unknown,0,0
0x0049a018,FUN_0049a018,60,1,unknown,,unknown,0,0
0x0049a054,FUN_0049a054,72,1,unknown,,unknown,0,0
0x0049a0c4,FUN_0049a0c4,100,2,unknown,,unknown,0,0
0x0049a128,FUN_0049a128,284,3,unknown,,unknown,0,0
0x0049a244,FUN_0049a244,152,1,unknown,,unknown,0,0
0x0049a2dc,FUN_0049a2dc,160,2,unknown,,unknown,0,0
0x0049a37c,FUN_0049a37c,236,1,unknown,,unknown,0,0
0x0049a478,FUN_0049a478,156,2,unknown,,unknown,0,0
0x0049a614,FUN_0049a614,100,5,unknown,,unknown,0,0
0x0049a678,FUN_0049a678,100,1,unknown,,unknown,0,0
0x0049a6dc,FUN_0049a6dc,124,4,unknown,,unknown,0,0
0x0049a89c,FUN_0049a89c,92,1,unknown,,unknown,0,0
0x0049aa74,FUN_0049aa74,224,2,unknown,,unknown,0,0
0x0049ab54,FUN_0049ab54,452,3,unknown,,unknown,0,0
0x0049ad78,FUN_0049ad78,152,8,unknown,,unknown,0,0
0x0049ae10,FUN_0049ae10,172,2,unknown,,unknown,0,0
0x0049aebc,FUN_0049aebc,200,8,unknown,,unknown,0,0
0x0049b00c,FUN_0049b00c,412,3,unknown,,unknown,0,0
0x0049b1c4,FUN_0049b1c4,44,1,unknown,,unknown,0,0
0x0049b1f0,FUN_0049b1f0,536,2,unknown,,unknown,0,0
0x0049b4cc,FUN_0049b4cc,248,1,unknown,,unknown,0,0
0x0049b60c,FUN_0049b60c,48,2,unknown,,unknown,0,0
0x0049b63c,FUN_0049b63c,64,9,unknown,,unknown,0,0
0x0049b67c,FUN_0049b67c,316,4,unknown,,unknown,0,0
0x0049b7b8,FUN_0049b7b8,140,3,unknown,,unknown,0,0
0x0049b944,FUN_0049b944,156,1,unknown,,unknown,0,0
0x0049b9e0,FUN_0049b9e0,172,5,unknown,,unknown,0,0
0x0049ba8c,FUN_0049ba8c,184,6,unknown,,unknown,0,0
0x0049bb44,FUN_0049bb44,148,2,unknown,,unknown,0,0
0x0049bbd8,FUN_0049bbd8,156,17,unknown,,unknown,0,0
0x0049bc74,FUN_0049bc74,164,2,unknown,,unknown,0,0
0x0049bd18,FUN_0049bd18,916,1,unknown,,unknown,0,0
0x0049c0ac,FUN_0049c0ac,72,6,unknown,,unknown,0,0
0x0049c15c,FUN_0049c15c,36,1,unknown,,unknown,0,0
0x0049c1fc,FUN_0049c1fc,36,1,unknown,,unknown,0,0
0x0049c320,FUN_0049c320,36,1,unknown,,unknown,0,0
0x0049c3b0,FUN_0049c3b0,52,1,unknown,,unknown,0,0
0x0049c460,FUN_0049c460,484,2,unknown,,unknown,0,0
0x0049c644,FUN_0049c644,108,1,unknown,,unknown,0,0
0x0049c6b0,FUN_0049c6b0,272,1,unknown,,unknown,0,0
0x0049c7c0,FUN_0049c7c0,220,1,unknown,,unknown,0,0
0x0049c89c,FUN_0049c89c,224,2,unknown,,unknown,0,0
0x0049c97c,FUN_0049c97c,40,2,unknown,,unknown,0,0
0x0049c9a4,FUN_0049c9a4,40,1,unknown,,unknown,0,0
0x0049ca44,FUN_0049ca44,172,2,unknown,,unknown,0,0
0x0049caf0,FUN_0049caf0,172,2,unknown,,unknown,0,0
0x0049cc7c,FUN_0049cc7c,292,9,unknown,,unknown,0,0
0x0049cda0,FUN_0049cda0,208,1,unknown,,unknown,0,0
0x0049ce70,FUN_0049ce70,100,1,unknown,,unknown,0,0
0x0049ced4,FUN_0049ced4,80,1,unknown,,unknown,0,0
0x0049cf30,FUN_0049cf30,132,1,unknown,,unknown,0,0
0x0049d0cc,FUN_0049d0cc,724,1,unknown,,unknown,0,0
0x0049d424,FUN_0049d424,116,10,unknown,,unknown,0,0
0x0049d498,FUN_0049d498,44,1,unknown,,unknown,0,0
0x0049d4c4,FUN_0049d4c4,372,2,unknown,,unknown,0,0
0x0049d638,FUN_0049d638,240,1,unknown,,unknown,0,0
0x0049d728,FUN_0049d728,132,2,unknown,,unknown,0,0
0x0049d7ac,FUN_0049d7ac,68,2,unknown,,unknown,0,0
0x0049d878,FUN_0049d878,108,1,unknown,,unknown,0,0
0x0049d8e4,FUN_0049d8e4,296,9,unknown,,unknown,0,0
0x0049da0c,FUN_0049da0c,284,5,unknown,,unknown,0,0
0x0049db28,FUN_0049db28,340,4,unknown,,unknown,0,0
0x0049dc7c,FUN_0049dc7c,200,2,unknown,,unknown,0,0
0x0049dd44,FUN_0049dd44,328,4,unknown,,unknown,0,0
0x0049de8c,FUN_0049de8c,324,1,unknown,,unknown,0,0
0x0049dfd0,FUN_0049dfd0,288,2,unknown,,unknown,0,0
0x0049e0f0,FUN_0049e0f0,104,1,unknown,,unknown,0,0
0x0049e158,FUN_0049e158,120,2,unknown,,unknown,0,0
0x0049e1d0,FUN_0049e1d0,252,1,unknown,,unknown,0,0
0x0049e2cc,FUN_0049e2cc,512,1,unknown,,unknown,0,0
0x0049e4cc,FUN_0049e4cc,992,2,unknown,,unknown,0,0
0x0049e8ac,FUN_0049e8ac,256,3,unknown,,unknown,0,0
0x0049e9ac,FUN_0049e9ac,860,2,unknown,,unknown,0,0
0x0049ed08,FUN_0049ed08,340,2,unknown,,unknown,0,0
0x0049ee5c,FUN_0049ee5c,1196,7,unknown,,unknown,0,0
0x0049f9a4,FUN_0049f9a4,140,2,unknown,,unknown,0,0
0x0049fa30,FUN_0049fa30,456,1,unknown,,unknown,0,0
0x0049fbf8,FUN_0049fbf8,1000,1,unknown,,unknown,0,0
0x0049ffe0,FUN_0049ffe0,184,3,unknown,,unknown,0,0
0x004a03cc,FUN_004a03cc,172,1,unknown,,unknown,0,0
0x004a0478,FUN_004a0478,112,1,unknown,,unknown,0,0
0x004a0508,FUN_004a0508,716,2,unknown,,unknown,0,0
0x004a07d4,FUN_004a07d4,368,2,unknown,,unknown,0,0
0x004a0944,FUN_004a0944,476,1,unknown,,unknown,0,0
0x004a0b20,FUN_004a0b20,396,1,unknown,,unknown,0,0
0x004a0cac,FUN_004a0cac,388,1,unknown,,unknown,0,0
0x004a0e30,FUN_004a0e30,180,1,unknown,,unknown,0,0
0x004a0ee4,FUN_004a0ee4,560,1,unknown,,unknown,0,0
0x004a1114,FUN_004a1114,64,10,unknown,,unknown,0,0
0x004a1154,FUN_004a1154,288,1,unknown,,unknown,0,0
0x004a1274,FUN_004a1274,452,1,unknown,,unknown,0,0
0x004a1438,FUN_004a1438,324,2,unknown,,unknown,0,0
0x004a1598,FUN_004a1598,584,1,unknown,,unknown,0,0
0x004a17e4,FUN_004a17e4,200,2,unknown,,unknown,0,0
0x004a18ac,FUN_004a18ac,144,170,unknown,,unknown,0,0
0x004a193c,FUN_004a193c,220,151,unknown,,unknown,0,0
0x004a1a24,FUN_004a1a24,324,41,unknown,,unknown,0,0
0x004a1b68,FUN_004a1b68,384,159,unknown,,unknown,0,0
0x004a1ce8,FUN_004a1ce8,308,186,unknown,,unknown,0,0
0x004a1e1c,FUN_004a1e1c,304,24,unknown,,unknown,0,0
0x004a1f4c,FUN_004a1f4c,164,5,unknown,,unknown,0,0
0x004a1ff0,FUN_004a1ff0,344,334,unknown,,unknown,0,0
0x004a2148,FUN_004a2148,40,11,unknown,,unknown,0,0
0x004a21ac,FUN_004a21ac,312,6,unknown,,unknown,0,0
0x004a22e4,FUN_004a22e4,24,2,unknown,,unknown,0,0
0x004a2314,FUN_004a2314,116,31,unknown,,unknown,0,0
0x004a2388,FUN_004a2388,132,10,unknown,,unknown,0,0
0x004a2448,FUN_004a2448,16,1,unknown,,unknown,0,0
0x004a2458,FUN_004a2458,108,7,unknown,,unknown,0,0
0x004a24c4,FUN_004a24c4,32,2,unknown,,unknown,0,0
0x004a24e4,FUN_004a24e4,84,68,unknown,,unknown,0,0
0x004a2538,FUN_004a2538,312,1,unknown,,unknown,0,0
0x004a2670,FUN_004a2670,44,22,unknown,,unknown,0,0
0x004a2728,FUN_004a2728,32,2,unknown,,unknown,0,0
0x004a2748,FUN_004a2748,32,2,unknown,,unknown,0,0
0x004a2768,FUN_004a2768,20,119,unknown,,unknown,0,0
0x004a277c,FUN_004a277c,272,35,unknown,,unknown,0,0
0x004a288c,FUN_004a288c,104,46,unknown,,unknown,0,0
0x004a2918,FUN_004a2918,124,2,unknown,,unknown,0,0
0x004a2e98,FUN_004a2e98,116,24,unknown,,unknown,0,0
0x004a2f0c,FUN_004a2f0c,88,33,unknown,,unknown,0,0
0x004a2f64,FUN_004a2f64,276,24,unknown,,unknown,0,0
0x004a3078,FUN_004a3078,284,28,unknown,,unknown,0,0
0x004a3194,FUN_004a3194,120,38,unknown,,unknown,0,0
0x004a320c,FUN_004a320c,156,1,unknown,,unknown,0,0
0x004a32a8,FUN_004a32a8,88,40,unknown,,unknown,0,0
0x004a3394,FUN_004a3394,88,38,unknown,,unknown,0,0
0x004a33ec,FUN_004a33ec,244,2,unknown,,unknown,0,0
0x004a34e0,FUN_004a34e0,1296,2,unknown,,unknown,0,0
0x004a39f0,FUN_004a39f0,168,2,unknown,,unknown,0,0
0x004a3a98,FUN_004a3a98,268,3,unknown,,unknown,0,0
0x004a3ba4,FUN_004a3ba4,64,1,unknown,,unknown,0,0
0x004a3c20,FUN_004a3c20,16,1,unknown,,unknown,0,0
0x004a3ca0,FUN_004a3ca0,228,1,unknown,,unknown,0,0
0x004a3ecc,FUN_004a3ecc,380,2,unknown,,unknown,0,0
0x004a4098,FUN_004a4098,304,1,unknown,,unknown,0,0
0x004a41d8,FUN_004a41d8,372,4,unknown,,unknown,0,0
0x004a43e0,FUN_004a43e0,272,1,unknown,,unknown,0,0
0x004a45a0,FUN_004a45a0,176,2,unknown,,unknown,0,0
0x004a4704,FUN_004a4704,304,1,unknown,,unknown,0,0
0x004a4834,FUN_004a4834,488,1,unknown,,unknown,0,0
0x004a4c88,FUN_004a4c88,32,1,unknown,,unknown,0,0
0x004a4ca8,FUN_004a4ca8,152,18,unknown,,unknown,0,0
0x004a5490,FUN_004a5490,156,3,unknown,,unknown,0,0
0x004a5664,FUN_004a5664,140,5,unknown,,unknown,0,0
0x004a56f0,FUN_004a56f0,388,2,unknown,,unknown,0,0
0x004a5874,FUN_004a5874,72,42,unknown,,unknown,0,0
0x004a5948,FUN_004a5948,52,5,unknown,,unknown,0,0
0x004a597c,FUN_004a597c,96,1,unknown,,unknown,0,0
0x004a59dc,FUN_004a59dc,96,1,unknown,,unknown,0,0
0x004a5a3c,FUN_004a5a3c,152,2,unknown,,unknown,0,0
0x004a5ad4,FUN_004a5ad4,508,4,unknown,,unknown,0,0
0x004a5cd0,FUN_004a5cd0,100,3,unknown,,unknown,0,0
0x004a5d34,FUN_004a5d34,56,3,unknown,,unknown,0,0
0x004a5e78,FUN_004a5e78,136,7,unknown,,unknown,0,0
0x004a5f00,FUN_004a5f00,288,6,unknown,,unknown,0,0
0x004a6020,FUN_004a6020,524,4,unknown,,unknown,0,0
0x004a6274,FUN_004a6274,36,5,unknown,,unknown,0,0
0x004a62e0,FUN_004a62e0,36,7,unknown,,unknown,0,0
0x004a6304,FUN_004a6304,36,1,unknown,,unknown,0,0
0x004a634c,FUN_004a634c,36,5,unknown,,unknown,0,0
0x004a6370,FUN_004a6370,200,75,unknown,,unknown,0,0
0x004a6438,FUN_004a6438,336,1171,unknown,,unknown,0,0
0x004a65bc,FUN_004a65bc,204,1,unknown,,unknown,0,0
0x004a6688,FUN_004a6688,368,56,unknown,,unknown,0,0
0x004a6968,FUN_004a6968,156,28,unknown,,unknown,0,0
0x004a6a04,FUN_004a6a04,364,11,unknown,,unknown,0,0
0x004a6b70,FUN_004a6b70,200,13,unknown,,unknown,0,0
0x004a6c38,FUN_004a6c38,280,3,unknown,,unknown,0,0
0x004a6d50,FUN_004a6d50,128,22,unknown,,unknown,0,0
0x004a6dd0,FUN_004a6dd0,208,2,unknown,,unknown,0,0
0x004a6ea0,FUN_004a6ea0,28,5,unknown,,unknown,0,0
0x004a6ebc,FUN_004a6ebc,28,7,unknown,,unknown,0,0
0x004a6ed8,FUN_004a6ed8,444,9,unknown,,unknown,0,0
0x004a7094,FUN_004a7094,572,15,unknown,,unknown,0,0
0x004a72d0,FUN_004a72d0,104,8,unknown,,unknown,0,0
0x004a7338,FUN_004a7338,32,3,unknown,,unknown,0,0
0x004a7440,FUN_004a7440,16,3,unknown,,unknown,0,0
0x004a74f0,FUN_004a74f0,20,3,unknown,,unknown,0,0
0x004a752c,FUN_004a752c,20,1,unknown,,unknown,0,0
0x004a7540,FUN_004a7540,72,11,unknown,,unknown,0,0
0x004a7624,FUN_004a7624,12,1,unknown,,unknown,0,0
0x004a7630,FUN_004a7630,120,1,unknown,,unknown,0,0
0x004a76b8,FUN_004a76b8,48,41,unknown,,unknown,0,0
0x004a76f8,FUN_004a76f8,308,115,unknown,,unknown,0,0
0x004a782c,FUN_004a782c,212,52,unknown,,unknown,0,0
0x004a7900,FUN_004a7900,264,1,unknown,,unknown,0,0
0x004a7a08,FUN_004a7a08,356,1,unknown,,unknown,0,0
0x004a7e5c,FUN_004a7e5c,160,1,unknown,,unknown,0,0
0x004a803c,FUN_004a803c,80,7,unknown,,unknown,0,0
0x004a82a4,FUN_004a82a4,316,1,unknown,,unknown,0,0
0x004a83e0,FUN_004a83e0,188,1,unknown,,unknown,0,0
0x004a849c,FUN_004a849c,316,278,unknown,,unknown,0,0
0x004a85d8,FUN_004a85d8,296,15,unknown,,unknown,0,0
0x004a8700,FUN_004a8700,344,3,unknown,,unknown,0,0
0x004a8858,FUN_004a8858,188,507,unknown,,unknown,0,0
0x004a8960,FUN_004a8960,68,3,unknown,,unknown,0,0
0x004a89ec,FUN_004a89ec,132,74,unknown,,unknown,0,0
0x004a8a70,FUN_004a8a70,116,2,unknown,,unknown,0,0
0x004a8ae4,FUN_004a8ae4,496,40,unknown,,unknown,0,0
0x004a8cd4,FUN_004a8cd4,192,6,unknown,,unknown,0,0
0x004a8d94,FUN_004a8d94,20,2,unknown,,unknown,0,0
0x004a8e54,FUN_004a8e54,212,2,unknown,,unknown,0,0
0x004a8f28,FUN_004a8f28,312,3,unknown,,unknown,0,0
0x004a9060,FUN_004a9060,108,4,unknown,,unknown,0,0
0x004a9140,FUN_004a9140,504,1,unknown,,unknown,0,0
0x004a9760,FUN_004a9760,344,5,unknown,,unknown,0,0
0x004a98b8,FUN_004a98b8,160,2,unknown,,unknown,0,0
0x004a9a30,FUN_004a9a30,108,7,unknown,,unknown,0,0
0x004a9b90,FUN_004a9b90,204,2,unknown,,unknown,0,0
0x004a9cbc,FUN_004a9cbc,316,4,unknown,,unknown,0,0
0x004aa070,FUN_004aa070,108,13,unknown,,unknown,0,0
0x004aa2e8,FUN_004aa2e8,268,11,unknown,,unknown,0,0
0x004aa8f0,FUN_004aa8f0,104,6,unknown,,unknown,0,0
0x004aa958,FUN_004aa958,172,10,unknown,,unknown,0,0
0x004aaa04,FUN_004aaa04,176,11,unknown,,unknown,0,0
0x004aaab4,FUN_004aaab4,176,2,unknown,,unknown,0,0
0x004aab64,FUN_004aab64,176,16,unknown,,unknown,0,0
0x004aac14,FUN_004aac14,100,1,unknown,,unknown,0,0
0x004aaf70,FUN_004aaf70,152,5,unknown,,unknown,0,0
0x004ab008,FUN_004ab008,32,1,unknown,,unknown,0,0
0x004ab028,FUN_004ab028,564,1,unknown,,unknown,0,0
0x004ab25c,FUN_004ab25c,252,59,unknown,,unknown,0,0
0x004ab358,FUN_004ab358,256,29,unknown,,unknown,0,0
0x004ab458,FUN_004ab458,240,13,unknown,,unknown,0,0
0x004ab5a8,FUN_004ab5a8,324,2,unknown,,unknown,0,0
0x004ab6ec,FUN_004ab6ec,16,9,unknown,,unknown,0,0
0x004ab6fc,FUN_004ab6fc,148,3,unknown,,unknown,0,0
0x004ab790,FUN_004ab790,148,1,unknown,,unknown,0,0
0x004ab824,FUN_004ab824,332,18,unknown,,unknown,0,0
0x004ab970,FUN_004ab970,168,108,unknown,,unknown,0,0
0x004aba18,FUN_004aba18,76,9,unknown,,unknown,0,0
0x004aba64,FUN_004aba64,600,4,unknown,,unknown,0,0
0x004abcbc,FUN_004abcbc,328,4,unknown,,unknown,0,0
0x004abe04,FUN_004abe04,432,3,unknown,,unknown,0,0
0x004abfb4,FUN_004abfb4,516,8,unknown,,unknown,0,0
0x004ac1b8,FUN_004ac1b8,88,10,unknown,,unknown,0,0
0x004ac210,FUN_004ac210,100,1,unknown,,unknown,0,0
0x004ac274,FUN_004ac274,24,3,unknown,,unknown,0,0
0x004ac28c,FUN_004ac28c,80,6,unknown,,unknown,0,0
0x004ac33c,FUN_004ac33c,116,6,unknown,,unknown,0,0
0x004ac3b0,FUN_004ac3b0,156,13,unknown,,unknown,0,0
0x004ac44c,FUN_004ac44c,132,10,unknown,,unknown,0,0
0x004ac4d0,FUN_004ac4d0,132,28,unknown,,unknown,0,0
0x004ac554,FUN_004ac554,92,5,unknown,,unknown,0,0
0x004ac5b0,FUN_004ac5b0,100,1,unknown,,unknown,0,0
0x004ac614,FUN_004ac614,20,2,unknown,,unknown,0,0
0x004ac6e8,FUN_004ac6e8,40,7,unknown,,unknown,0,0
0x004ac710,FUN_004ac710,72,61,unknown,,unknown,0,0
0x004ac758,FUN_004ac758,208,19,unknown,,unknown,0,0
0x004ac828,FUN_004ac828,16,91,unknown,,unknown,0,0
0x004ac838,FUN_004ac838,192,9,unknown,,unknown,0,0
0x004ac8f8,FUN_004ac8f8,280,3,unknown,,unknown,0,0
0x004aca10,FUN_004aca10,132,13,unknown,,unknown,0,0
0x004aca94,FUN_004aca94,76,2,unknown,,unknown,0,0
0x004acae0,FUN_004acae0,16,132,unknown,,unknown,0,0
0x004acb00,FUN_004acb00,48,4,unknown,,unknown,0,0
0x004acb30,FUN_004acb30,48,3,unknown,,unknown,0,0
0x004acb60,FUN_004acb60,80,1,unknown,,unknown,0,0
0x004acbb0,FUN_004acbb0,176,128,unknown,,unknown,0,0
0x004acc60,FUN_004acc60,32,337,unknown,,unknown,0,0
0x004acc80,FUN_004acc80,76,280,unknown,,unknown,0,0
0x004acccc,FUN_004acccc,80,11,unknown,,unknown,0,0
0x004acd1c,FUN_004acd1c,104,3,unknown,,unknown,0,0
0x004acd84,FUN_004acd84,264,2,unknown,,unknown,0,0
0x004ace9c,FUN_004ace9c,16,28,unknown,,unknown,0,0
0x004aceac,FUN_004aceac,32,1,unknown,,unknown,0,0
0x004acecc,FUN_004acecc,100,1,unknown,,unknown,0,0
0x004acf70,FUN_004acf70,32,3,unknown,,unknown,0,0
0x004acff0,FUN_004acff0,36,17,unknown,,unknown,0,0
0x004ad034,FUN_004ad034,32,18,unknown,,unknown,0,0
0x004ad054,FUN_004ad054,32,5,unknown,,unknown,0,0
0x004ad074,FUN_004ad074,32,15,unknown,,unknown,0,0
0x004ad094,FUN_004ad094,32,6,unknown,,unknown,0,0
0x004ad114,FUN_004ad114,32,11,unknown,,unknown,0,0
0x004ad134,FUN_004ad134,32,1,unknown,,unknown,0,0
0x004ad154,FUN_004ad154,32,1,unknown,,unknown,0,0
0x004ad174,FUN_004ad174,32,35,unknown,,unknown,0,0
0x004ad194,FUN_004ad194,32,207,unknown,,unknown,0,0
0x004ad1b4,FUN_004ad1b4,60,62,unknown,,unknown,0,0
0x004ad1f0,FUN_004ad1f0,36,132,unknown,,unknown,0,0
0x004ad274,FUN_004ad274,32,4,unknown,,unknown,0,0
0x004ad294,FUN_004ad294,32,59,unknown,,unknown,0,0
0x004ad2b4,FUN_004ad2b4,32,34,unknown,,unknown,0,0
0x004ad2d4,FUN_004ad2d4,32,12,unknown,,unknown,0,0
0x004ad2f4,FUN_004ad2f4,32,2,unknown,,unknown,0,0
0x004ad314,FUN_004ad314,32,1,unknown,,unknown,0,0
0x004ad334,FUN_004ad334,32,3,unknown,,unknown,0,0
0x004ad354,FUN_004ad354,32,4,unknown,,unknown,0,0
0x004ad374,FUN_004ad374,32,1,unknown,,unknown,0,0
0x004ad394,FUN_004ad394,32,2,unknown,,unknown,0,0
0x004ad3b4,FUN_004ad3b4,32,1,unknown,,unknown,0,0
0x004ad3d4,FUN_004ad3d4,32,5,unknown,,unknown,0,0
0x004ad4b4,FUN_004ad4b4,32,3,unknown,,unknown,0,0
0x004ad4d4,FUN_004ad4d4,32,1,unknown,,unknown,0,0
0x004ad4f4,FUN_004ad4f4,32,2,unknown,,unknown,0,0
0x004ad534,FUN_004ad534,32,4,unknown,,unknown,0,0
0x004ad554,FUN_004ad554,32,2,unknown,,unknown,0,0
0x004ad5f4,FUN_004ad5f4,32,5,unknown,,unknown,0,0
0x004ad614,FUN_004ad614,32,1,unknown,,unknown,0,0
0x004ad634,FUN_004ad634,32,49,unknown,,unknown,0,0
0x004ad654,FUN_004ad654,32,2,unknown,,unknown,0,0
0x004ad694,FUN_004ad694,32,1,unknown,,unknown,0,0
0x004ad6d4,FUN_004ad6d4,32,1,unknown,,unknown,0,0
0x004ad6f4,FUN_004ad6f4,32,1,unknown,,unknown,0,0
0x004ad734,FUN_004ad734,32,1,unknown,,unknown,0,0
0x004ad774,FUN_004ad774,32,2,unknown,,unknown,0,0
0x004ad794,FUN_004ad794,32,3,unknown,,unknown,0,0
0x004ad7b4,FUN_004ad7b4,32,1,unknown,,unknown,0,0
0x004ad7d4,FUN_004ad7d4,32,4,unknown,,unknown,0,0
0x004ad7f4,FUN_004ad7f4,32,5,unknown,,unknown,0,0
0x004ad814,FUN_004ad814,32,3,unknown,,unknown,0,0
0x004ad834,FUN_004ad834,32,2,unknown,,unknown,0,0
0x004ad854,FUN_004ad854,356,82,unknown,,unknown,0,0
0x004ad9b8,FUN_004ad9b8,124,11,unknown,,unknown,0,0
0x004ada34,FUN_004ada34,100,1,unknown,,unknown,0,0
0x004ada98,FUN_004ada98,100,1,unknown,,unknown,0,0
0x004adafc,FUN_004adafc,100,1,unknown,,unknown,0,0
0x004adb60,FUN_004adb60,224,1,unknown,,unknown,0,0
0x004add34,FUN_004add34,636,3,unknown,,unknown,0,0
0x004adffc,FUN_004adffc,104,2,unknown,,unknown,0,0
0x004ae268,FUN_004ae268,304,1,unknown,,unknown,0,0
0x004ae398,FUN_004ae398,92,34,unknown,,unknown,0,0
0x004ae3f4,FUN_004ae3f4,68,1,unknown,,unknown,0,0
0x004ae438,FUN_004ae438,268,42,unknown,,unknown,0,0
0x004ae544,FUN_004ae544,76,1,unknown,,unknown,0,0
0x004ae590,FUN_004ae590,44,104,unknown,,unknown,0,0
0x004ae5bc,FUN_004ae5bc,312,40,unknown,,unknown,0,0
0x004ae6f4,FUN_004ae6f4,172,44,unknown,,unknown,0,0
0x004ae7a0,FUN_004ae7a0,52,1,unknown,,unknown,0,0
0x004ae7d4,FUN_004ae7d4,228,13,unknown,,unknown,0,0
0x004ae8b8,FUN_004ae8b8,336,8,unknown,,unknown,0,0
0x004aea50,FUN_004aea50,68,1,unknown,,unknown,0,0
0x004aea94,FUN_004aea94,40,15,unknown,,unknown,0,0
0x004aeabc,FUN_004aeabc,188,3,openssl,,string-flavor,2,0
0x004aeb78,FUN_004aeb78,584,6,openssl,,string-flavor,2,0
0x004aedc0,FUN_004aedc0,436,4,openssl,,string-flavor,2,0
0x004aef74,FUN_004aef74,32,3,unknown,,unknown,0,0
0x004aef94,FUN_004aef94,380,5,openssl,,string-flavor,2,0
0x004af110,FUN_004af110,576,4,openssl,,string-flavor,2,0
0x004af350,FUN_004af350,32,3,unknown,,unknown,0,0
0x004af3a8,FUN_004af3a8,160,14,unknown,,unknown,0,0
0x004af744,FUN_004af744,16,4,unknown,,unknown,0,0
0x004af754,FUN_004af754,16,4,unknown,,unknown,0,0
0x004af804,FUN_004af804,176,1,unknown,,unknown,0,0
0x004af8b4,FUN_004af8b4,60,3,unknown,,unknown,0,0
0x004af8f0,FUN_004af8f0,100,1,unknown,,unknown,0,0
0x004af9bc,FUN_004af9bc,40,1,unknown,,unknown,0,0
0x004af9e4,FUN_004af9e4,276,8,unknown,,unknown,0,0
0x004afaf8,FUN_004afaf8,708,6,unknown,,unknown,0,0
0x004afdbc,FUN_004afdbc,112,40,unknown,,unknown,0,0
0x004afe2c,FUN_004afe2c,204,15,unknown,,unknown,0,0
0x004afef8,FUN_004afef8,36,19,unknown,,unknown,0,0
0x004aff1c,FUN_004aff1c,36,20,unknown,,unknown,0,0
0x004aff40,FUN_004aff40,56,4,unknown,,unknown,0,0
0x004affc8,FUN_004affc8,20,24,unknown,,unknown,0,0
0x004affdc,FUN_004affdc,20,1,unknown,,unknown,0,0
0x004afff0,FUN_004afff0,112,3,unknown,,unknown,0,0
0x004b0060,FUN_004b0060,112,17,unknown,,unknown,0,0
0x004b00d0,FUN_004b00d0,60,1,unknown,,unknown,0,0
0x004b010c,FUN_004b010c,80,6,unknown,,unknown,0,0
0x004b015c,FUN_004b015c,360,7,unknown,,unknown,0,0
0x004b02c4,FUN_004b02c4,204,1,unknown,,unknown,0,0
0x004b0390,FUN_004b0390,244,2,unknown,,unknown,0,0
0x004b0484,FUN_004b0484,128,12,unknown,,unknown,0,0
0x004b0504,FUN_004b0504,140,9,unknown,,unknown,0,0
0x004b0590,FUN_004b0590,116,4,unknown,,unknown,0,0
0x004b0604,FUN_004b0604,116,2,unknown,,unknown,0,0
0x004b06ec,FUN_004b06ec,148,2,unknown,,unknown,0,0
0x004b0780,FUN_004b0780,136,119,unknown,,unknown,0,0
0x004b0808,FUN_004b0808,124,9,unknown,,unknown,0,0
0x004b08f0,FUN_004b08f0,108,1,unknown,,unknown,0,0
0x004b095c,FUN_004b095c,108,2,unknown,,unknown,0,0
0x004b09c8,FUN_004b09c8,20,4,unknown,,unknown,0,0
0x004b0e48,FUN_004b0e48,20,4,unknown,,unknown,0,0
0x004b119c,FUN_004b119c,596,1,unknown,,unknown,0,0
0x004b174c,FUN_004b174c,100,1,unknown,,unknown,0,0
0x004b17b0,FUN_004b17b0,40,5,unknown,,unknown,0,0
0x004b17d8,FUN_004b17d8,576,2,unknown,,unknown,0,0
0x004b1a18,FUN_004b1a18,360,2,unknown,,unknown,0,0
0x004b1b80,FUN_004b1b80,404,1,unknown,,unknown,0,0
0x004b1d34,FUN_004b1d34,296,8,unknown,,unknown,0,0
0x004b1e5c,FUN_004b1e5c,64,1,unknown,,unknown,0,0
0x004b1e9c,FUN_004b1e9c,168,1,unknown,,unknown,0,0
0x004b2204,FUN_004b2204,504,1,unknown,,unknown,0,0
0x004b2758,FUN_004b2758,172,13,unknown,,unknown,0,0
0x004b2804,FUN_004b2804,20,12,unknown,,unknown,0,0
0x004b2880,FUN_004b2880,180,1,unknown,,unknown,0,0
0x004b2c40,FUN_004b2c40,1040,1,unknown,,unknown,0,0
0x004b312c,FUN_004b312c,684,4,unknown,,unknown,0,0
0x004b33d8,FUN_004b33d8,36,8,unknown,,unknown,0,0
0x004b33fc,FUN_004b33fc,176,20,unknown,,unknown,0,0
0x004b34ac,FUN_004b34ac,196,30,unknown,,unknown,0,0
0x004b3570,FUN_004b3570,132,2,unknown,,unknown,0,0
0x004b35f4,FUN_004b35f4,360,2,unknown,,unknown,0,0
0x004b375c,FUN_004b375c,196,2,unknown,,unknown,0,0
0x004b3820,FUN_004b3820,64,1,unknown,,unknown,0,0
0x004b3860,FUN_004b3860,32,1,unknown,,unknown,0,0
0x004b3880,FUN_004b3880,100,2,unknown,,unknown,0,0
0x004b38e4,FUN_004b38e4,484,1,unknown,,unknown,0,0
0x004b3ac8,FUN_004b3ac8,656,1,unknown,,unknown,0,0
0x004b3f4c,FUN_004b3f4c,368,25,unknown,,unknown,0,0
0x004b40bc,FUN_004b40bc,148,24,unknown,,unknown,0,0
0x004b4150,FUN_004b4150,336,9,unknown,,unknown,0,0
0x004b42a0,FUN_004b42a0,156,6,unknown,,unknown,0,0
0x004b438c,FUN_004b438c,40,3,unknown,,unknown,0,0
0x004b43b4,FUN_004b43b4,40,8,unknown,,unknown,0,0
0x004b43dc,FUN_004b43dc,44,4,unknown,,unknown,0,0
0x004b4408,FUN_004b4408,272,2,unknown,,unknown,0,0
0x004b4b70,FUN_004b4b70,16,1,unknown,,unknown,0,0
0x004b4b80,FUN_004b4b80,64,102,unknown,,unknown,0,0
0x004b4bc0,FUN_004b4bc0,304,2,unknown,,unknown,0,0
0x004b5004,FUN_004b5004,200,2,unknown,,unknown,0,0
0x004b50cc,FUN_004b50cc,16,1,unknown,,unknown,0,0
0x004b50dc,FUN_004b50dc,44,104,unknown,,unknown,0,0
0x004b5170,FUN_004b5170,616,3,unknown,,unknown,0,0
0x004b5f0c,FUN_004b5f0c,256,2,unknown,,unknown,0,0
0x004b600c,FUN_004b600c,16,114,unknown,,unknown,0,0
0x004b601c,FUN_004b601c,16,1,unknown,,unknown,0,0
0x004b602c,FUN_004b602c,44,3,unknown,,unknown,0,0
0x004b6058,FUN_004b6058,68,4,unknown,,unknown,0,0
0x004b609c,FUN_004b609c,856,1,unknown,,unknown,0,0
0x004b63f4,FUN_004b63f4,656,7,unknown,,unknown,0,0
0x004b6d10,FUN_004b6d10,924,2,unknown,,unknown,0,0
0x004b70ac,FUN_004b70ac,560,1,unknown,,unknown,0,0
0x004b7bd8,FUN_004b7bd8,104,110,unknown,,unknown,0,0
0x004b7d48,FUN_004b7d48,76,4,unknown,,unknown,0,0
0x004b80c4,FUN_004b80c4,40,8,unknown,,unknown,0,0
0x004b80ec,FUN_004b80ec,40,13,unknown,,unknown,0,0
0x004b8114,FUN_004b8114,40,5,unknown,,unknown,0,0
0x004b813c,FUN_004b813c,40,14,unknown,,unknown,0,0
0x004b8164,FUN_004b8164,40,1,unknown,,unknown,0,0
0x004b81b4,FUN_004b81b4,40,2,unknown,,unknown,0,0
0x004b81dc,FUN_004b81dc,40,1,unknown,,unknown,0,0
0x004b8204,FUN_004b8204,40,1,unknown,,unknown,0,0
0x004b822c,FUN_004b822c,40,1,unknown,,unknown,0,0
0x004b827c,FUN_004b827c,40,2,unknown,,unknown,0,0
0x004b82a4,FUN_004b82a4,40,9,unknown,,unknown,0,0
0x004b82cc,FUN_004b82cc,40,12,unknown,,unknown,0,0
0x004b82f4,FUN_004b82f4,40,9,unknown,,unknown,0,0
0x004b831c,FUN_004b831c,40,7,unknown,,unknown,0,0
0x004b8394,FUN_004b8394,40,2,unknown,,unknown,0,0
0x004b8434,FUN_004b8434,40,1,unknown,,unknown,0,0
0x004b845c,FUN_004b845c,40,1,unknown,,unknown,0,0
0x004b8614,FUN_004b8614,40,2,unknown,,unknown,0,0
0x004b8754,FUN_004b8754,40,3,unknown,,unknown,0,0
0x004b877c,FUN_004b877c,40,3,unknown,,unknown,0,0
0x004b87f4,FUN_004b87f4,40,4,unknown,,unknown,0,0
0x004b881c,FUN_004b881c,40,6,unknown,,unknown,0,0
0x004b8a24,FUN_004b8a24,40,2,unknown,,unknown,0,0
0x004b8a4c,FUN_004b8a4c,40,6,unknown,,unknown,0,0
0x004b8a74,FUN_004b8a74,40,29,unknown,,unknown,0,0
0x004b8a9c,FUN_004b8a9c,40,22,unknown,,unknown,0,0
0x004b8ca4,FUN_004b8ca4,84,2,unknown,,unknown,0,0
0x004b8d04,FUN_004b8d04,12,9,unknown,,unknown,0,0
0x004b8d10,FUN_004b8d10,540,17,unknown,,unknown,0,0
0x004b8f2c,FUN_004b8f2c,360,20,unknown,,unknown,0,0
0x004b9094,FUN_004b9094,40,3,unknown,,unknown,0,0
0x004b90bc,FUN_004b90bc,92,21,unknown,,unknown,0,0
0x004b9118,FUN_004b9118,140,1,unknown,,unknown,0,0
0x004b91b0,FUN_004b91b0,12,4,unknown,,unknown,0,0
0x004b91bc,FUN_004b91bc,256,4,unknown,,unknown,0,0
0x004b92bc,FUN_004b92bc,132,40,unknown,,unknown,0,0
0x004b9340,FUN_004b9340,336,37,unknown,,unknown,0,0
0x004b9490,FUN_004b9490,16,10,unknown,,unknown,0,0
0x004b94a0,FUN_004b94a0,72,56,unknown,,unknown,0,0
0x004b94e8,FUN_004b94e8,128,14,unknown,,unknown,0,0
0x004b9568,FUN_004b9568,128,9,unknown,,unknown,0,0
0x004b95e8,FUN_004b95e8,144,4,unknown,,unknown,0,0
0x004b9678,FUN_004b9678,16,1,unknown,,unknown,0,0
0x004b96a8,FUN_004b96a8,16,1,unknown,,unknown,0,0
0x004b96b8,FUN_004b96b8,100,1,unknown,,unknown,0,0
0x004b971c,FUN_004b971c,40,3,unknown,,unknown,0,0
0x004b976c,FUN_004b976c,40,1,unknown,,unknown,0,0
0x004b9794,FUN_004b9794,40,6,unknown,,unknown,0,0
0x004b97bc,FUN_004b97bc,724,2,unknown,,unknown,0,0
0x004b9a90,FUN_004b9a90,40,1,unknown,,unknown,0,0
0x004b9ae0,FUN_004b9ae0,40,1,unknown,,unknown,0,0
0x004b9b08,FUN_004b9b08,40,4,unknown,,unknown,0,0
0x004b9b30,FUN_004b9b30,40,1,unknown,,unknown,0,0
0x004b9b80,FUN_004b9b80,40,1,unknown,,unknown,0,0
0x004b9ba8,FUN_004b9ba8,40,4,unknown,,unknown,0,0
0x004b9bd0,FUN_004b9bd0,880,1,unknown,,unknown,0,0
0x004b9f40,FUN_004b9f40,100,1,unknown,,unknown,0,0
0x004b9fa4,FUN_004b9fa4,72,3,unknown,,unknown,0,0
0x004ba034,FUN_004ba034,80,2,unknown,,unknown,0,0
0x004ba0d4,FUN_004ba0d4,80,1,unknown,,unknown,0,0
0x004ba174,FUN_004ba174,72,2,unknown,,unknown,0,0
0x004ba204,FUN_004ba204,80,3,unknown,,unknown,0,0
0x004ba2a4,FUN_004ba2a4,72,2,unknown,,unknown,0,0
0x004ba334,FUN_004ba334,80,3,unknown,,unknown,0,0
0x004ba3d4,FUN_004ba3d4,72,1,unknown,,unknown,0,0
0x004ba464,FUN_004ba464,80,1,unknown,,unknown,0,0
0x004ba504,FUN_004ba504,124,2,unknown,,unknown,0,0
0x004ba580,FUN_004ba580,60,2,unknown,,unknown,0,0
0x004ba5f8,FUN_004ba5f8,120,3,unknown,,unknown,0,0
0x004ba8a8,FUN_004ba8a8,80,1,unknown,,unknown,0,0
0x004ba948,FUN_004ba948,124,2,unknown,,unknown,0,0
0x004ba9c4,FUN_004ba9c4,60,1,unknown,,unknown,0,0
0x004baa00,FUN_004baa00,120,3,unknown,,unknown,0,0
0x004baaf0,FUN_004baaf0,72,1,unknown,,unknown,0,0
0x004bab80,FUN_004bab80,80,1,unknown,,unknown,0,0
0x004bac5c,FUN_004bac5c,72,4,unknown,,unknown,0,0
0x004bacec,FUN_004bacec,80,1,unknown,,unknown,0,0
0x004bad8c,FUN_004bad8c,72,3,unknown,,unknown,0,0
0x004bae1c,FUN_004bae1c,80,3,unknown,,unknown,0,0
0x004baebc,FUN_004baebc,144,4,unknown,,unknown,0,0
0x004bafdc,FUN_004bafdc,72,2,unknown,,unknown,0,0
0x004bb06c,FUN_004bb06c,80,3,unknown,,unknown,0,0
0x004bb10c,FUN_004bb10c,100,1,unknown,,unknown,0,0
0x004bb170,FUN_004bb170,196,17,unknown,,unknown,0,0
0x004bb234,FUN_004bb234,648,6,unknown,,unknown,0,0
0x004bb4bc,FUN_004bb4bc,188,2,unknown,,unknown,0,0
0x004bb578,FUN_004bb578,176,1,unknown,,unknown,0,0
0x004bb858,FUN_004bb858,1128,1,unknown,,unknown,0,0
0x004bbcc0,FUN_004bbcc0,312,3,unknown,,unknown,0,0
0x004bbdf8,FUN_004bbdf8,240,1,unknown,,unknown,0,0
0x004bbee8,FUN_004bbee8,196,2,unknown,,unknown,0,0
0x004bbfac,FUN_004bbfac,52,1,unknown,,unknown,0,0
0x004bc014,FUN_004bc014,52,2,unknown,,unknown,0,0
0x004bc07c,FUN_004bc07c,48,1,unknown,,unknown,0,0
0x004bc0dc,FUN_004bc0dc,104,2,unknown,,unknown,0,0
0x004bc1ac,FUN_004bc1ac,100,1,unknown,,unknown,0,0
0x004bc210,FUN_004bc210,64,4,unknown,,unknown,0,0
0x004bc2a0,FUN_004bc2a0,40,6,unknown,,unknown,0,0
0x004bc2c8,FUN_004bc2c8,40,10,unknown,,unknown,0,0
0x004bc394,FUN_004bc394,40,1,unknown,,unknown,0,0
0x004bc47c,FUN_004bc47c,40,1,unknown,,unknown,0,0
0x004bc6a4,FUN_004bc6a4,40,1,red,app_modules/calibrate,source-path,3,1
0x004bc974,FUN_004bc974,100,1,unknown,,unknown,0,0
0x004bc9ec,FUN_004bc9ec,20,4,unknown,,unknown,0,0
0x004bca00,FUN_004bca00,20,1,unknown,,unknown,0,0
0x004bca14,FUN_004bca14,20,1,unknown,,unknown,0,0
0x004bca28,FUN_004bca28,20,1,unknown,,unknown,0,0
0x004bca3c,FUN_004bca3c,20,1,unknown,,unknown,0,0
0x004bca50,FUN_004bca50,100,1,unknown,,unknown,0,0
0x004bcab4,FUN_004bcab4,100,1,unknown,,unknown,0,0
0x004bcbd4,FUN_004bcbd4,444,7,unknown,,unknown,0,0
0x004bd0b0,FUN_004bd0b0,412,2,unknown,,unknown,0,0
0x004bdddc,FUN_004bdddc,260,1,unknown,,unknown,0,0
0x004bdee0,FUN_004bdee0,92,1444,unknown,,unknown,0,0
0x004bdf3c,FUN_004bdf3c,100,1,unknown,,unknown,0,0
0x004bdfa0,FUN_004bdfa0,88,76,unknown,,unknown,0,0
0x004bdff8,FUN_004bdff8,100,1,unknown,,unknown,0,0
0x004be05c,FUN_004be05c,100,1,unknown,,unknown,0,0
0x004be0c0,FUN_004be0c0,100,1,unknown,,unknown,0,0
0x004be124,FUN_004be124,156,11,unknown,,unknown,0,0
0x004be1d8,FUN_004be1d8,100,3,unknown,,unknown,0,0
0x004be23c,FUN_004be23c,108,2,unknown,,unknown,0,0
0x004be33c,FUN_004be33c,152,1,unknown,,unknown,0,0
0x004be3d4,FUN_004be3d4,52,1,unknown,,unknown,0,0
0x004be408,FUN_004be408,60,3,unknown,,unknown,0,0
0x004be444,FUN_004be444,100,2,unknown,,unknown,0,0
0x004be4a8,FUN_004be4a8,76,1,unknown,,unknown,0,0
0x004be58c,FUN_004be58c,112,10,unknown,,unknown,0,0
0x004be5fc,FUN_004be5fc,52,13,unknown,,unknown,0,0
0x004be630,FUN_004be630,100,9,unknown,,unknown,0,0
0x004be740,FUN_004be740,100,10,unknown,,unknown,0,0
0x004be7a4,FUN_004be7a4,96,2,unknown,,unknown,0,0
0x004be804,FUN_004be804,204,57,unknown,,unknown,0,0
0x004be8d0,FUN_004be8d0,252,9,unknown,,unknown,0,0
0x004bea70,FUN_004bea70,100,1,unknown,,unknown,0,0
0x004beb6c,FUN_004beb6c,84,3,unknown,,unknown,0,0
0x004bebc0,FUN_004bebc0,52,1,unknown,,unknown,0,0
0x004bebf4,FUN_004bebf4,184,1,unknown,,unknown,0,0
0x004becac,FUN_004becac,280,2,unknown,,unknown,0,0
0x004bedc4,FUN_004bedc4,120,1,unknown,,unknown,0,0
0x004bee3c,FUN_004bee3c,132,1,unknown,,unknown,0,0
0x004bf0e4,FUN_004bf0e4,316,3,unknown,,unknown,0,0
0x004bf220,FUN_004bf220,20,2,unknown,,unknown,0,0
0x004bf34c,FUN_004bf34c,52,1,unknown,,unknown,0,0
0x004bf3e0,FUN_004bf3e0,60,5,unknown,,unknown,0,0
0x004bf41c,FUN_004bf41c,124,3,unknown,,unknown,0,0
0x004bf498,FUN_004bf498,1148,2,unknown,,unknown,0,0
0x004bf914,FUN_004bf914,2400,1,unknown,,unknown,0,0
0x004c0418,FUN_004c0418,100,1,unknown,,unknown,0,0
0x004c047c,FUN_004c047c,20,1,unknown,,unknown,0,0
0x004c0490,FUN_004c0490,140,2,unknown,,unknown,0,0
0x004c086c,FUN_004c086c,248,2,unknown,,unknown,0,0
0x004c0964,FUN_004c0964,292,32,unknown,,unknown,0,0
0x004c0bb8,FUN_004c0bb8,64,1,unknown,,unknown,0,0
0x004c0c64,FUN_004c0c64,220,1,unknown,,unknown,0,0
0x004c0da0,FUN_004c0da0,204,3,unknown,,unknown,0,0
0x004c0e6c,FUN_004c0e6c,108,2,unknown,,unknown,0,0
0x004c0ed8,FUN_004c0ed8,84,2,unknown,,unknown,0,0
0x004c0f2c,FUN_004c0f2c,80,2,unknown,,unknown,0,0
0x004c0f7c,FUN_004c0f7c,292,2,unknown,,unknown,0,0
0x004c10a0,FUN_004c10a0,244,8,unknown,,unknown,0,0
0x004c1194,FUN_004c1194,544,2,unknown,,unknown,0,0
0x004c13b4,FUN_004c13b4,64,2,unknown,,unknown,0,0
0x004c14b8,FUN_004c14b8,64,2,unknown,,unknown,0,0
0x004c1a3c,FUN_004c1a3c,352,1,unknown,,unknown,0,0
0x004c1bb4,FUN_004c1bb4,16,4,unknown,,unknown,0,0
0x004c1bc4,FUN_004c1bc4,48,2,unknown,,unknown,0,0
0x004c1d34,FUN_004c1d34,444,2,unknown,,unknown,0,0
0x004c1ef0,FUN_004c1ef0,192,2,unknown,,unknown,0,0
0x004c2050,FUN_004c2050,80,1,unknown,,unknown,0,0
0x004c20a0,FUN_004c20a0,172,2,unknown,,unknown,0,0
0x004c214c,FUN_004c214c,16,1,unknown,,unknown,0,0
0x004c2180,FUN_004c2180,104,1,unknown,,unknown,0,0
0x004c21e8,FUN_004c21e8,64,1,unknown,,unknown,0,0
0x004c2228,FUN_004c2228,36,1,unknown,,unknown,0,0
0x004c224c,FUN_004c224c,36,1,unknown,,unknown,0,0
0x004c2294,FUN_004c2294,36,1,unknown,,unknown,0,0
0x004c22b8,FUN_004c22b8,36,1,unknown,,unknown,0,0
0x004c22dc,FUN_004c22dc,32,1,unknown,,unknown,0,0
0x004c22fc,FUN_004c22fc,32,1,unknown,,unknown,0,0
0x004c233c,FUN_004c233c,32,1,unknown,,unknown,0,0
0x004c235c,FUN_004c235c,32,1,unknown,,unknown,0,0
0x004c237c,FUN_004c237c,32,4,unknown,,unknown,0,0
0x004c239c,FUN_004c239c,32,5,unknown,,unknown,0,0
0x004c23bc,FUN_004c23bc,32,4,unknown,,unknown,0,0
0x004c23dc,FUN_004c23dc,52,1,unknown,,unknown,0,0
0x004c2410,FUN_004c2410,44,1,unknown,,unknown,0,0
0x004c249c,FUN_004c249c,580,2,unknown,,unknown,0,0
0x004c26e0,FUN_004c26e0,20,5,unknown,,unknown,0,0
0x004c283c,FUN_004c283c,644,3,unknown,,unknown,0,0
0x004c2d38,FUN_004c2d38,32,17,unknown,,unknown,0,0
0x004c2d58,FUN_004c2d58,32,34,unknown,,unknown,0,0
0x004c2d78,FUN_004c2d78,32,18,unknown,,unknown,0,0
0x004c2d98,FUN_004c2d98,32,18,unknown,,unknown,0,0
0x004c2db8,FUN_004c2db8,32,24,unknown,,unknown,0,0
0x004c2dd8,FUN_004c2dd8,32,23,unknown,,unknown,0,0
0x004c2df8,FUN_004c2df8,32,3,unknown,,unknown,0,0
0x004c2e38,FUN_004c2e38,32,1,unknown,,unknown,0,0
0x004c2e58,FUN_004c2e58,32,1,unknown,,unknown,0,0
0x004c2e78,FUN_004c2e78,32,19,unknown,,unknown,0,0
0x004c2e98,FUN_004c2e98,32,3,unknown,,unknown,0,0
0x004c2eb8,FUN_004c2eb8,32,3,unknown,,unknown,0,0
0x004c2ed8,FUN_004c2ed8,32,1,unknown,,unknown,0,0
0x004c2ef8,FUN_004c2ef8,32,4,unknown,,unknown,0,0
0x004c2f58,FUN_004c2f58,32,7,unknown,,unknown,0,0
0x004c2f78,FUN_004c2f78,32,3,unknown,,unknown,0,0
0x004c2f98,FUN_004c2f98,32,10,unknown,,unknown,0,0
0x004c2fd8,FUN_004c2fd8,32,7,unknown,,unknown,0,0
0x004c2ff8,FUN_004c2ff8,32,1,unknown,,unknown,0,0
0x004c3018,FUN_004c3018,32,1,unknown,,unknown,0,0
0x004c3038,FUN_004c3038,32,15,unknown,,unknown,0,0
0x004c3058,FUN_004c3058,32,4,unknown,,unknown,0,0
0x004c3078,FUN_004c3078,32,1,unknown,,unknown,0,0
0x004c3098,FUN_004c3098,32,2,unknown,,unknown,0,0
0x004c30b8,FUN_004c30b8,32,1,unknown,,unknown,0,0
0x004c30d8,FUN_004c30d8,32,72,unknown,,unknown,0,0
0x004c3428,FUN_004c3428,80,1,unknown,,unknown,0,0
0x004c3514,FUN_004c3514,268,1,unknown,,unknown,0,0
0x004c3620,FUN_004c3620,16,5,unknown,,unknown,0,0
0x004c3630,FUN_004c3630,304,15,unknown,,unknown,0,0
0x004c3760,FUN_004c3760,88,2,unknown,,unknown,0,0
0x004c37b8,FUN_004c37b8,104,1,unknown,,unknown,0,0
0x004c38ac,FUN_004c38ac,308,2,unknown,,unknown,0,0
0x004c3a60,FUN_004c3a60,40,1,unknown,,unknown,0,0
0x004c3a88,FUN_004c3a88,40,1,unknown,,unknown,0,0
0x004c3ab0,FUN_004c3ab0,40,2,unknown,,unknown,0,0
0x004c3ad8,FUN_004c3ad8,40,2,unknown,,unknown,0,0
0x004c3b84,FUN_004c3b84,40,1,unknown,,unknown,0,0
0x004c3bac,FUN_004c3bac,40,1,unknown,,unknown,0,0
0x004c3bd4,FUN_004c3bd4,40,2,unknown,,unknown,0,0
0x004c3bfc,FUN_004c3bfc,40,4,unknown,,unknown,0,0
0x004c3c24,FUN_004c3c24,40,1,unknown,,unknown,0,0
0x004c3c4c,FUN_004c3c4c,40,1,unknown,,unknown,0,0
0x004c3c74,FUN_004c3c74,20,1,unknown,,unknown,0,0
0x004c47cc,FUN_004c47cc,80,1,unknown,,unknown,0,0
0x004c48b8,FUN_004c48b8,276,1,unknown,,unknown,0,0
0x004c49cc,FUN_004c49cc,16,11,unknown,,unknown,0,0
0x004c49dc,FUN_004c49dc,324,25,unknown,,unknown,0,0
0x004c4b20,FUN_004c4b20,88,2,unknown,,unknown,0,0
0x004c4c04,FUN_004c4c04,48,4,unknown,,unknown,0,0
0x004c4c48,FUN_004c4c48,80,1,unknown,,unknown,0,0
0x004c4d44,FUN_004c4d44,288,1,unknown,,unknown,0,0
0x004c4e64,FUN_004c4e64,16,8,unknown,,unknown,0,0
0x004c4e74,FUN_004c4e74,384,21,unknown,,unknown,0,0
0x004c4ff4,FUN_004c4ff4,88,7,unknown,,unknown,0,0
0x004c50d8,FUN_004c50d8,48,8,unknown,,unknown,0,0
0x004c5108,FUN_004c5108,44,7,unknown,,unknown,0,0
0x004c5134,FUN_004c5134,44,2,unknown,,unknown,0,0
0x004c5160,FUN_004c5160,44,7,unknown,,unknown,0,0
0x004c518c,FUN_004c518c,44,2,unknown,,unknown,0,0
0x004c51b8,FUN_004c51b8,36,2,unknown,,unknown,0,0
0x004c51dc,FUN_004c51dc,116,2,unknown,,unknown,0,0
0x004c5250,FUN_004c5250,680,1,unknown,,unknown,0,0
0x004c54f8,FUN_004c54f8,132,1,unknown,,unknown,0,0
0x004c5718,FUN_004c5718,744,4,unknown,,unknown,0,0
0x004c5a00,FUN_004c5a00,1004,2,unknown,,unknown,0,0
0x004c5e84,FUN_004c5e84,40,5,unknown,,unknown,0,0
0x004c5eac,FUN_004c5eac,40,3,unknown,,unknown,0,0
0x004c5ed4,FUN_004c5ed4,40,1,unknown,,unknown,0,0
0x004c5efc,FUN_004c5efc,40,1,unknown,,unknown,0,0
0x004c5f7c,FUN_004c5f7c,20,1,unknown,,unknown,0,0
0x004c5f90,FUN_004c5f90,12,1,unknown,,unknown,0,0
0x004c5fbc,FUN_004c5fbc,1092,1,unknown,,unknown,0,0
0x004c6400,FUN_004c6400,580,2,unknown,,unknown,0,0
0x004c68a8,FUN_004c68a8,460,2,unknown,,unknown,0,0
0x004c6ab0,FUN_004c6ab0,192,2,unknown,,unknown,0,0
0x004c6b70,FUN_004c6b70,444,8,unknown,,unknown,0,0
0x004c6d2c,FUN_004c6d2c,16,1,unknown,,unknown,0,0
0x004c6d3c,FUN_004c6d3c,88,11,unknown,,unknown,0,0
0x004c6d94,FUN_004c6d94,120,7,unknown,,unknown,0,0
0x004c6e0c,FUN_004c6e0c,124,6,unknown,,unknown,0,0
0x004c6e88,FUN_004c6e88,192,6,unknown,,unknown,0,0
0x004c6f48,FUN_004c6f48,272,3,unknown,,unknown,0,0
0x004c7058,FUN_004c7058,20,9,unknown,,unknown,0,0
0x004c706c,FUN_004c706c,20,1,unknown,,unknown,0,0
0x004c7080,FUN_004c7080,20,1,unknown,,unknown,0,0
0x004c7094,FUN_004c7094,20,1,unknown,,unknown,0,0
0x004c70a8,FUN_004c70a8,20,1,unknown,,unknown,0,0
0x004c70bc,FUN_004c70bc,20,1,unknown,,unknown,0,0
0x004c70d0,FUN_004c70d0,20,1,unknown,,unknown,0,0
0x004c7164,FUN_004c7164,20,2,unknown,,unknown,0,0
0x004c7178,FUN_004c7178,20,1,unknown,,unknown,0,0
0x004c718c,FUN_004c718c,20,1,unknown,,unknown,0,0
0x004c71b4,FUN_004c71b4,20,9,unknown,,unknown,0,0
0x004c71c8,FUN_004c71c8,20,1,unknown,,unknown,0,0
0x004c71dc,FUN_004c71dc,20,1,unknown,,unknown,0,0
0x004c7204,FUN_004c7204,20,1,unknown,,unknown,0,0
0x004c7218,FUN_004c7218,20,1,unknown,,unknown,0,0
0x004c722c,FUN_004c722c,20,7,unknown,,unknown,0,0
0x004c7240,FUN_004c7240,20,2,unknown,,unknown,0,0
0x004c7254,FUN_004c7254,20,1,unknown,,unknown,0,0
0x004c7268,FUN_004c7268,20,6,unknown,,unknown,0,0
0x004c727c,FUN_004c727c,20,1,unknown,,unknown,0,0
0x004c7290,FUN_004c7290,20,1,unknown,,unknown,0,0
0x004c72a4,FUN_004c72a4,20,6,unknown,,unknown,0,0
0x004c72b8,FUN_004c72b8,20,1,unknown,,unknown,0,0
0x004c72cc,FUN_004c72cc,20,1,unknown,,unknown,0,0
0x004c72e0,FUN_004c72e0,20,6,unknown,,unknown,0,0
0x004c72f4,FUN_004c72f4,20,1,unknown,,unknown,0,0
0x004c7308,FUN_004c7308,20,1,unknown,,unknown,0,0
0x004c731c,FUN_004c731c,20,1,unknown,,unknown,0,0
0x004c7330,FUN_004c7330,20,1,unknown,,unknown,0,0
0x004c7344,FUN_004c7344,20,1,unknown,,unknown,0,0
0x004c7358,FUN_004c7358,20,1,unknown,,unknown,0,0
0x004c736c,FUN_004c736c,20,1,unknown,,unknown,0,0
0x004c7380,FUN_004c7380,20,1,unknown,,unknown,0,0
0x004c7394,FUN_004c7394,20,1,unknown,,unknown,0,0
0x004c73a8,FUN_004c73a8,20,1,unknown,,unknown,0,0
0x004c73bc,FUN_004c73bc,20,1,unknown,,unknown,0,0
0x004c7420,FUN_004c7420,20,3,unknown,,unknown,0,0
0x004c7434,FUN_004c7434,20,1,unknown,,unknown,0,0
0x004c74ac,FUN_004c74ac,20,1,unknown,,unknown,0,0
0x004c7524,FUN_004c7524,20,1,unknown,,unknown,0,0
0x004c759c,FUN_004c759c,20,32,unknown,,unknown,0,0
0x004c75b0,FUN_004c75b0,20,1,unknown,,unknown,0,0
0x004c7614,FUN_004c7614,20,2,unknown,,unknown,0,0
0x004c768c,FUN_004c768c,20,3,unknown,,unknown,0,0
0x004c76d8,FUN_004c76d8,20,3,unknown,,unknown,0,0
0x004c7750,FUN_004c7750,20,3,unknown,,unknown,0,0
0x004c77f4,FUN_004c77f4,20,1,unknown,,unknown,0,0
0x004c786c,FUN_004c786c,20,13,unknown,,unknown,0,0
0x004c78e4,FUN_004c78e4,20,1,unknown,,unknown,0,0
0x004c790c,FUN_004c790c,84,2,unknown,,unknown,0,0
0x004c7960,FUN_004c7960,84,2,unknown,,unknown,0,0
0x004c7af4,FUN_004c7af4,356,3,unknown,,unknown,0,0
0x004c7c58,FUN_004c7c58,1284,7,unknown,,unknown,0,0
0x004c81ec,FUN_004c81ec,1972,2,unknown,,unknown,0,0
0x004c89a0,FUN_004c89a0,16,4,unknown,,unknown,0,0
0x004c89d4,FUN_004c89d4,36,1,unknown,,unknown,0,0
0x004c8a1c,FUN_004c8a1c,36,1,unknown,,unknown,0,0
0x004c8ac4,FUN_004c8ac4,48,1,unknown,,unknown,0,0
0x004c8b44,FUN_004c8b44,360,1,unknown,,unknown,0,0
0x004c8cac,FUN_004c8cac,492,1,unknown,,unknown,0,0
0x004c8e98,FUN_004c8e98,420,2,unknown,,unknown,0,0
0x004c903c,FUN_004c903c,96,1,unknown,,unknown,0,0
0x004c909c,FUN_004c909c,56,3,unknown,,unknown,0,0
0x004c90d4,FUN_004c90d4,128,5,unknown,,unknown,0,0
0x004c9154,FUN_004c9154,228,8,unknown,,unknown,0,0
0x004c9238,FUN_004c9238,168,11,unknown,,unknown,0,0
0x004c92e0,FUN_004c92e0,840,2,unknown,,unknown,0,0
0x004c9628,FUN_004c9628,164,8,unknown,,unknown,0,0
0x004c96cc,FUN_004c96cc,172,7,unknown,,unknown,0,0
0x004c9778,FUN_004c9778,164,17,unknown,,unknown,0,0
0x004c981c,FUN_004c981c,188,7,unknown,,unknown,0,0
0x004c98d8,FUN_004c98d8,316,17,unknown,,unknown,0,0
0x004c9a14,FUN_004c9a14,200,7,unknown,,unknown,0,0
0x004c9adc,FUN_004c9adc,256,8,unknown,,unknown,0,0
0x004c9bdc,FUN_004c9bdc,200,7,unknown,,unknown,0,0
0x004c9ca4,FUN_004c9ca4,40,1,unknown,,unknown,0,0
0x004c9cf4,FUN_004c9cf4,40,5,unknown,,unknown,0,0
0x004c9d1c,FUN_004c9d1c,40,6,unknown,,unknown,0,0
0x004c9d44,FUN_004c9d44,44,1,unknown,,unknown,0,0
0x004c9db8,FUN_004c9db8,40,1,unknown,,unknown,0,0
0x004c9de0,FUN_004c9de0,40,2,unknown,,unknown,0,0
0x004c9e08,FUN_004c9e08,40,1,unknown,,unknown,0,0
0x004c9e30,FUN_004c9e30,40,4,unknown,,unknown,0,0
0x004c9e58,FUN_004c9e58,904,4,unknown,,unknown,0,0
0x004ca1e0,FUN_004ca1e0,592,5,unknown,,unknown,0,0
0x004ca430,FUN_004ca430,132,2,unknown,,unknown,0,0
0x004ca4b4,FUN_004ca4b4,144,2,unknown,,unknown,0,0
0x004ca7ec,FUN_004ca7ec,40,2,unknown,,unknown,0,0
0x004ca814,FUN_004ca814,40,2,unknown,,unknown,0,0
0x004ca83c,FUN_004ca83c,40,1,unknown,,unknown,0,0
0x004ca864,FUN_004ca864,40,10,unknown,,unknown,0,0
0x004ca9c8,FUN_004ca9c8,40,3,unknown,,unknown,0,0
0x004ca9f0,FUN_004ca9f0,40,7,unknown,,unknown,0,0
0x004caa44,FUN_004caa44,60,1,unknown,,unknown,0,0
0x004caa80,FUN_004caa80,100,1,unknown,,unknown,0,0
0x004caecc,FUN_004caecc,40,1,unknown,,unknown,0,0
0x004caef4,FUN_004caef4,40,8,unknown,,unknown,0,0
0x004caf1c,FUN_004caf1c,44,1,unknown,,unknown,0,0
0x004caf48,FUN_004caf48,40,1,red,app_modules/common,source-path,3,1
0x004caf70,FUN_004caf70,40,10,red,app_modules/common,source-path,3,1
0x004caf98,FUN_004caf98,40,3,red,app_modules/common,source-path,3,1
0x004cafc0,FUN_004cafc0,40,16,red,app_modules/common,source-path,3,1
0x004cafe8,FUN_004cafe8,44,11,red,app_modules/common,source-path,3,1
0x004cb014,FUN_004cb014,264,1,unknown,,unknown,0,0
0x004cb11c,FUN_004cb11c,128,1,unknown,,unknown,0,0
0x004cb574,FUN_004cb574,144,8,unknown,,unknown,0,0
0x004cb7ac,FUN_004cb7ac,40,9,unknown,,unknown,0,0
0x004cb7d4,FUN_004cb7d4,40,19,unknown,,unknown,0,0
0x004cb7fc,FUN_004cb7fc,40,3,unknown,,unknown,0,0
0x004cb824,FUN_004cb824,40,74,unknown,,unknown,0,0
0x004cb878,FUN_004cb878,20,2,unknown,,unknown,0,0
0x004cba14,FUN_004cba14,40,1,unknown,,unknown,0,0
0x004cba3c,FUN_004cba3c,40,1,unknown,,unknown,0,0
0x004cba64,FUN_004cba64,40,1,unknown,,unknown,0,0
0x004cba8c,FUN_004cba8c,40,1,unknown,,unknown,0,0
0x004cbab4,FUN_004cbab4,92,4,unknown,,unknown,0,0
0x004cbb10,FUN_004cbb10,256,4,unknown,,unknown,0,0
0x004cbc10,FUN_004cbc10,256,2,unknown,,unknown,0,0
0x004cbd10,FUN_004cbd10,64,2,unknown,,unknown,0,0
0x004cbd50,FUN_004cbd50,64,1,unknown,,unknown,0,0
0x004cbd90,FUN_004cbd90,164,1,unknown,,unknown,0,0
0x004cbe34,FUN_004cbe34,164,1,unknown,,unknown,0,0
0x004cbed8,FUN_004cbed8,108,1,unknown,,unknown,0,0
0x004cbf44,FUN_004cbf44,108,1,unknown,,unknown,0,0
0x004cc0f4,FUN_004cc0f4,40,1,unknown,,unknown,0,0
0x004cc234,FUN_004cc234,40,1,unknown,,unknown,0,0
0x004cc25c,FUN_004cc25c,40,8,unknown,,unknown,0,0
0x004cc2e0,FUN_004cc2e0,184,1,unknown,,unknown,0,0
0x004cc440,FUN_004cc440,40,1,unknown,,unknown,0,0
0x004cc468,FUN_004cc468,40,1,unknown,,unknown,0,0
0x004cc490,FUN_004cc490,428,1,unknown,,unknown,0,0
0x004cc63c,FUN_004cc63c,432,4,unknown,,unknown,0,0
0x004cc8cc,FUN_004cc8cc,128,2,unknown,,unknown,0,0
0x004cca14,FUN_004cca14,40,5,unknown,,unknown,0,0
0x004cca3c,FUN_004cca3c,40,10,unknown,,unknown,0,0
0x004cca64,FUN_004cca64,44,2,unknown,,unknown,0,0
0x004cca90,FUN_004cca90,164,1,unknown,,unknown,0,0
0x004ccb34,FUN_004ccb34,160,1,unknown,,unknown,0,0
0x004ccfa8,FUN_004ccfa8,120,1,unknown,,unknown,0,0
0x004cd020,FUN_004cd020,308,2,unknown,,unknown,0,0
0x004cd1c4,FUN_004cd1c4,364,5,unknown,,unknown,0,0
0x004cd330,FUN_004cd330,324,4,unknown,,unknown,0,0
0x004cd474,FUN_004cd474,108,5,unknown,,unknown,0,0
0x004cd52c,FUN_004cd52c,40,1,unknown,,unknown,0,0
0x004cd57c,FUN_004cd57c,40,1,unknown,,unknown,0,0
0x004cd5a4,FUN_004cd5a4,40,18,unknown,,unknown,0,0
0x004cd5cc,FUN_004cd5cc,288,5,unknown,,unknown,0,0
0x004cd6ec,FUN_004cd6ec,160,2,unknown,,unknown,0,0
0x004cd78c,FUN_004cd78c,260,2,unknown,,unknown,0,0
0x004cd890,FUN_004cd890,220,15,unknown,,unknown,0,0
0x004cd96c,FUN_004cd96c,500,2,unknown,,unknown,0,0
0x004cdb60,FUN_004cdb60,856,3,unknown,,unknown,0,0
0x004cdeb8,FUN_004cdeb8,696,3,unknown,,unknown,0,0
0x004ce260,FUN_004ce260,1084,22,unknown,,unknown,0,0
0x004ce69c,FUN_004ce69c,308,19,unknown,,unknown,0,0
0x004ce7d0,FUN_004ce7d0,1676,3,unknown,,unknown,0,0
0x004cef4c,FUN_004cef4c,940,2,unknown,,unknown,0,0
0x004cf2f8,FUN_004cf2f8,276,2,unknown,,unknown,0,0
0x004cf40c,FUN_004cf40c,116,1,unknown,,unknown,0,0
0x004cf480,FUN_004cf480,264,1,unknown,,unknown,0,0
0x004cf588,FUN_004cf588,252,1,unknown,,unknown,0,0
0x004cf684,FUN_004cf684,124,2,unknown,,unknown,0,0
0x004cf700,FUN_004cf700,452,1,unknown,,unknown,0,0
0x004cf8c4,FUN_004cf8c4,124,2,unknown,,unknown,0,0
0x004cf940,FUN_004cf940,36,2,unknown,,unknown,0,0
0x004cf964,FUN_004cf964,64,1,unknown,,unknown,0,0
0x004cf9a4,FUN_004cf9a4,132,2,unknown,,unknown,0,0
0x004cfa78,FUN_004cfa78,40,1,unknown,,unknown,0,0
0x004cfaa0,FUN_004cfaa0,40,5,unknown,,unknown,0,0
0x004cfb18,FUN_004cfb18,40,1,unknown,,unknown,0,0
0x004cfbb8,FUN_004cfbb8,40,1,unknown,,unknown,0,0
0x004cfc58,FUN_004cfc58,40,3,unknown,,unknown,0,0
0x004cfc80,FUN_004cfc80,40,2,unknown,,unknown,0,0
0x004cfca8,FUN_004cfca8,464,2,unknown,,unknown,0,0
0x004cfe78,FUN_004cfe78,260,2,unknown,,unknown,0,0
0x004cff7c,FUN_004cff7c,384,2,unknown,,unknown,0,0
0x004d00fc,FUN_004d00fc,424,3,unknown,,unknown,0,0
0x004d02a4,FUN_004d02a4,340,6,unknown,,unknown,0,0
0x004d03f8,FUN_004d03f8,216,1,unknown,,unknown,0,0
0x004d06c4,FUN_004d06c4,180,1,unknown,,unknown,0,0
0x004d07c0,FUN_004d07c0,360,1,unknown,,unknown,0,0
0x004d0928,FUN_004d0928,208,2,unknown,,unknown,0,0
0x004d0ac8,FUN_004d0ac8,492,1,unknown,,unknown,0,0
0x004d0cb4,FUN_004d0cb4,172,1,unknown,,unknown,0,0
0x004d0e78,FUN_004d0e78,84,3,unknown,,unknown,0,0
0x004d0ecc,FUN_004d0ecc,164,1,unknown,,unknown,0,0
0x004d0f70,FUN_004d0f70,248,1,unknown,,unknown,0,0
0x004d1068,FUN_004d1068,132,1,unknown,,unknown,0,0
0x004d114c,FUN_004d114c,208,1,unknown,,unknown,0,0
0x004d1310,FUN_004d1310,20,23,unknown,,unknown,0,0
0x004d1324,FUN_004d1324,20,38,unknown,,unknown,0,0
0x004d1338,FUN_004d1338,20,11,unknown,,unknown,0,0
0x004d134c,FUN_004d134c,96,2,unknown,,unknown,0,0
0x004d13ac,FUN_004d13ac,88,1,unknown,,unknown,0,0
0x004d1404,FUN_004d1404,1176,14,unknown,,unknown,0,0
0x004d189c,FUN_004d189c,28,1,unknown,,unknown,0,0
0x004d18b8,FUN_004d18b8,28,1,unknown,,unknown,0,0
0x004d18f0,FUN_004d18f0,116,1,unknown,,unknown,0,0
0x004d1964,FUN_004d1964,124,3,unknown,,unknown,0,0
0x004d19e0,FUN_004d19e0,20,1,unknown,,unknown,0,0
0x004d19f4,FUN_004d19f4,20,1,unknown,,unknown,0,0
0x004d1a08,FUN_004d1a08,176,4,unknown,,unknown,0,0
0x004d1ab8,FUN_004d1ab8,172,3,unknown,,unknown,0,0
0x004d1b64,FUN_004d1b64,88,42,unknown,,unknown,0,0
0x004d1bbc,FUN_004d1bbc,40,4,unknown,,unknown,0,0
0x004d1be4,FUN_004d1be4,308,12,unknown,,unknown,0,0
0x004d1d18,FUN_004d1d18,1108,22,unknown,,unknown,0,0
0x004d216c,FUN_004d216c,52,2,unknown,,unknown,0,0
0x004d21a0,FUN_004d21a0,196,3,unknown,,unknown,0,0
0x004d2264,FUN_004d2264,116,2,unknown,,unknown,0,0
0x004d22d8,FUN_004d22d8,116,2,unknown,,unknown,0,0
0x004d234c,FUN_004d234c,116,2,unknown,,unknown,0,0
0x004d23c0,FUN_004d23c0,388,6,unknown,,unknown,0,0
0x004d2544,FUN_004d2544,128,1,unknown,,unknown,0,0
0x004d25c4,FUN_004d25c4,380,1,unknown,,unknown,0,0
0x004d2740,FUN_004d2740,344,3,unknown,,unknown,0,0
0x004d2898,FUN_004d2898,212,1,unknown,,unknown,0,0
0x004d296c,FUN_004d296c,96,2,unknown,,unknown,0,0
0x004d29cc,FUN_004d29cc,176,1,unknown,,unknown,0,0
0x004d2a7c,FUN_004d2a7c,96,7,unknown,,unknown,0,0
0x004d2adc,FUN_004d2adc,96,2,unknown,,unknown,0,0
0x004d2b3c,FUN_004d2b3c,76,1,unknown,,unknown,0,0
0x004d2ba8,FUN_004d2ba8,140,1,unknown,,unknown,0,0
0x004d2ccc,FUN_004d2ccc,60,3,unknown,,unknown,0,0
0x004d2d08,FUN_004d2d08,116,8,unknown,,unknown,0,0
0x004d2d7c,FUN_004d2d7c,132,1,unknown,,unknown,0,0
0x004d2e00,FUN_004d2e00,96,5,unknown,,unknown,0,0
0x004d2e60,FUN_004d2e60,132,1,unknown,,unknown,0,0
0x004d3110,FUN_004d3110,104,1,unknown,,unknown,0,0
0x004d31e8,FUN_004d31e8,16,2,unknown,,unknown,0,0
0x004d31f8,FUN_004d31f8,16,2,unknown,,unknown,0,0
0x004d3208,FUN_004d3208,16,1,unknown,,unknown,0,0
0x004d3240,FUN_004d3240,120,1,unknown,,unknown,0,0
0x004d32b8,FUN_004d32b8,1184,4,unknown,,unknown,0,0
0x004d3758,FUN_004d3758,204,9,unknown,,unknown,0,0
0x004d3824,FUN_004d3824,120,5,unknown,,unknown,0,0
0x004d389c,FUN_004d389c,156,1,unknown,,unknown,0,0
0x004d3938,FUN_004d3938,92,1,unknown,,unknown,0,0
0x004d3a08,FUN_004d3a08,116,1,unknown,,unknown,0,0
0x004d3af0,FUN_004d3af0,164,2,unknown,,unknown,0,0
0x004d3d38,FUN_004d3d38,432,1,unknown,,unknown,0,0
0x004d3f38,FUN_004d3f38,40,2,unknown,,unknown,0,0
0x004d3f60,FUN_004d3f60,40,1,unknown,,unknown,0,0
0x004d3fd8,FUN_004d3fd8,40,1,unknown,,unknown,0,0
0x004d4000,FUN_004d4000,40,1,unknown,,unknown,0,0
0x004d4078,FUN_004d4078,40,1,unknown,,unknown,0,0
0x004d40a0,FUN_004d40a0,40,3,unknown,,unknown,0,0
0x004d40c8,FUN_004d40c8,100,1,unknown,,unknown,0,0
0x004d412c,FUN_004d412c,80,1,unknown,,unknown,0,0
0x004d41ac,FUN_004d41ac,88,3,unknown,,unknown,0,0
0x004d4204,FUN_004d4204,920,3,unknown,,unknown,0,0
0x004d459c,FUN_004d459c,144,4,unknown,,unknown,0,0
0x004d462c,FUN_004d462c,272,5,unknown,,unknown,0,0
0x004d476c,FUN_004d476c,92,1,unknown,,unknown,0,0
0x004d47c8,FUN_004d47c8,624,1,unknown,,unknown,0,0
0x004d4a38,FUN_004d4a38,224,3,unknown,,unknown,0,0
0x004d4b90,FUN_004d4b90,24,13,unknown,,unknown,0,0
0x004d4bdc,FUN_004d4bdc,24,129,unknown,,unknown,0,0
0x004d4bf4,FUN_004d4bf4,44,1,unknown,,unknown,0,0
0x004d4c20,FUN_004d4c20,208,3,unknown,,unknown,0,0
0x004d4cf0,FUN_004d4cf0,44,1,unknown,,unknown,0,0
0x004d4d1c,FUN_004d4d1c,140,4,unknown,,unknown,0,0
0x004d4da8,FUN_004d4da8,44,1,unknown,,unknown,0,0
0x004d4dd4,FUN_004d4dd4,44,6,unknown,,unknown,0,0
0x004d4e00,FUN_004d4e00,44,5,unknown,,unknown,0,0
0x004d4e2c,FUN_004d4e2c,20,1,unknown,,unknown,0,0
0x004d53b4,FUN_004d53b4,528,3,unknown,,unknown,0,0
0x004d55c4,FUN_004d55c4,216,1,unknown,,unknown,0,0
0x004d569c,FUN_004d569c,32,2,unknown,,unknown,0,0
0x004d56bc,FUN_004d56bc,276,7,unknown,,unknown,0,0
0x004d57d0,FUN_004d57d0,472,2,unknown,,unknown,0,0
0x004d59a8,FUN_004d59a8,160,2,unknown,,unknown,0,0
0x004d5a48,FUN_004d5a48,36,4,unknown,,unknown,0,0
0x004d5a6c,FUN_004d5a6c,472,4,unknown,,unknown,0,0
0x004d5c44,FUN_004d5c44,780,3,unknown,,unknown,0,0
0x004d5f50,FUN_004d5f50,160,1,unknown,,unknown,0,0
0x004d6040,FUN_004d6040,40,1,unknown,,unknown,0,0
0x004d6068,FUN_004d6068,40,5,unknown,,unknown,0,0
0x004d6090,FUN_004d6090,160,1,unknown,,unknown,0,0
0x004d6130,FUN_004d6130,96,1,unknown,,unknown,0,0
0x004d6190,FUN_004d6190,316,3,unknown,,unknown,0,0
0x004d62ec,FUN_004d62ec,32,4,unknown,,unknown,0,0
0x004d630c,FUN_004d630c,32,6,unknown,,unknown,0,0
0x004d6394,FUN_004d6394,712,10,unknown,,unknown,0,0
0x004d665c,FUN_004d665c,748,4,unknown,,unknown,0,0
0x004d6bfc,FUN_004d6bfc,280,2,unknown,,unknown,0,0
0x004d6d14,FUN_004d6d14,1088,1,unknown,,unknown,0,0
0x004d7154,FUN_004d7154,20,1,unknown,,unknown,0,0
0x004d717c,FUN_004d717c,272,2,unknown,,unknown,0,0
0x004d72c4,FUN_004d72c4,156,2,unknown,,unknown,0,0
0x004d7360,FUN_004d7360,224,2,unknown,,unknown,0,0
0x004d7644,FUN_004d7644,52,7,unknown,,unknown,0,0
0x004d7678,FUN_004d7678,196,8,unknown,,unknown,0,0
0x004d773c,FUN_004d773c,116,8,unknown,,unknown,0,0
0x004d77b0,FUN_004d77b0,280,7,unknown,,unknown,0,0
0x004d78c8,FUN_004d78c8,116,7,unknown,,unknown,0,0
0x004d793c,FUN_004d793c,116,7,unknown,,unknown,0,0
0x004d79b0,FUN_004d79b0,436,8,unknown,,unknown,0,0
0x004d7b64,FUN_004d7b64,44,1,unknown,,unknown,0,0
0x004d7b90,FUN_004d7b90,128,1,unknown,,unknown,0,0
0x004d7c10,FUN_004d7c10,68,1,unknown,,unknown,0,0
0x004d7c54,FUN_004d7c54,336,2,unknown,,unknown,0,0
0x004d7da4,FUN_004d7da4,160,1,unknown,,unknown,0,0
0x004d7e44,FUN_004d7e44,32,4,unknown,,unknown,0,0
0x004d7e84,FUN_004d7e84,44,4,unknown,,unknown,0,0
0x004d7eb0,FUN_004d7eb0,40,1,unknown,,unknown,0,0
0x004d7fc8,FUN_004d7fc8,40,1,unknown,,unknown,0,0
0x004d8024,FUN_004d8024,40,3,unknown,,unknown,0,0
0x004d804c,FUN_004d804c,40,4,unknown,,unknown,0,0
0x004d8074,FUN_004d8074,40,2,unknown,,unknown,0,0
0x004d80c4,FUN_004d80c4,40,4,unknown,,unknown,0,0
0x004d80ec,FUN_004d80ec,40,3,unknown,,unknown,0,0
0x004d8114,FUN_004d8114,52,1,unknown,,unknown,0,0
0x004d8148,FUN_004d8148,40,13,unknown,,unknown,0,0
0x004d82c4,FUN_004d82c4,36,3,unknown,,unknown,0,0
0x004d82e8,FUN_004d82e8,56,2,red,app_modules/common,source-path,3,1
0x004d8320,FUN_004d8320,56,3,unknown,,unknown,0,0
0x004d8358,FUN_004d8358,56,2,unknown,,unknown,0,0
0x004d8390,FUN_004d8390,56,2,unknown,,unknown,0,0
0x004d83c8,FUN_004d83c8,64,4,red,app_modules/common,source-path,3,1
0x004d8408,FUN_004d8408,64,2,unknown,,unknown,0,0
0x004d8448,FUN_004d8448,72,1,unknown,,unknown,0,0
0x004d8490,FUN_004d8490,64,1,unknown,,unknown,0,0
0x004d8538,FUN_004d8538,52,4,unknown,,unknown,0,0
0x004d856c,FUN_004d856c,52,4,unknown,,unknown,0,0
0x004d8608,FUN_004d8608,52,2,unknown,,unknown,0,0
0x004d863c,FUN_004d863c,52,1,unknown,,unknown,0,0
0x004d86d8,FUN_004d86d8,52,3,unknown,,unknown,0,0
0x004d870c,FUN_004d870c,52,4,unknown,,unknown,0,0
0x004d87a8,FUN_004d87a8,52,1,unknown,,unknown,0,0
0x004d87dc,FUN_004d87dc,52,1,unknown,,unknown,0,0
0x004d894c,FUN_004d894c,52,2,unknown,,unknown,0,0
0x004d8980,FUN_004d8980,52,1,unknown,,unknown,0,0
0x004d8a54,FUN_004d8a54,52,1,unknown,,unknown,0,0
0x004d8b60,FUN_004d8b60,56,1,unknown,,unknown,0,0
0x004d8b98,FUN_004d8b98,52,2,unknown,,unknown,0,0
0x004d8bcc,FUN_004d8bcc,56,1,unknown,,unknown,0,0
0x004d8c04,FUN_004d8c04,52,1,unknown,,unknown,0,0
0x004d8c38,FUN_004d8c38,108,3,unknown,,unknown,0,0
0x004d8ca4,FUN_004d8ca4,60,3,unknown,,unknown,0,0
0x004d8ce0,FUN_004d8ce0,60,1,unknown,,unknown,0,0
0x004d8d58,FUN_004d8d58,60,2,red,app_modules/common,source-path,3,1
0x004d8e3c,FUN_004d8e3c,56,2,unknown,,unknown,0,0
0x004d8e74,FUN_004d8e74,52,2,unknown,,unknown,0,0
0x004d8ee0,FUN_004d8ee0,52,1,unknown,,unknown,0,0
0x004d904c,FUN_004d904c,56,1,unknown,,unknown,0,0
0x004d9084,FUN_004d9084,52,3,unknown,,unknown,0,0
0x004d9118,FUN_004d9118,52,1,unknown,,unknown,0,0
0x004d914c,FUN_004d914c,56,3,unknown,,unknown,0,0
0x004d91b8,FUN_004d91b8,56,1,unknown,,unknown,0,0
0x004d9240,FUN_004d9240,40,1,unknown,,unknown,0,0
0x004d9268,FUN_004d9268,40,3,unknown,,unknown,0,0
0x004d945c,FUN_004d945c,204,2,unknown,,unknown,0,0
0x004d9548,FUN_004d9548,204,4,unknown,,unknown,0,0
0x004d9614,FUN_004d9614,72,2,unknown,,unknown,0,0
0x004d9818,FUN_004d9818,128,3,unknown,,unknown,0,0
0x004d9898,FUN_004d9898,432,8,unknown,,unknown,0,0
0x004d9a48,FUN_004d9a48,504,8,unknown,,unknown,0,0
0x004d9c40,FUN_004d9c40,456,14,unknown,,unknown,0,0
0x004d9e84,FUN_004d9e84,44,1,unknown,,unknown,0,0
0x004d9ed8,FUN_004d9ed8,136,1,unknown,,unknown,0,0
0x004d9f60,FUN_004d9f60,136,3,unknown,,unknown,0,0
0x004d9fe8,FUN_004d9fe8,384,8,unknown,,unknown,0,0
0x004da168,FUN_004da168,132,3,unknown,,unknown,0,0
0x004da1ec,FUN_004da1ec,464,1,red,lib/libstorage,source-path,3,1
0x004da3bc,FUN_004da3bc,132,3,unknown,,unknown,0,0
0x004da440,FUN_004da440,208,5,unknown,,unknown,0,0
0x004da510,FUN_004da510,620,6,unknown,,unknown,0,0
0x004da77c,FUN_004da77c,248,3,unknown,,unknown,0,0
0x004da874,FUN_004da874,528,3,unknown,,unknown,0,0
0x004daa84,FUN_004daa84,132,12,unknown,,unknown,0,0
0x004dab50,FUN_004dab50,40,2,unknown,,unknown,0,0
0x004dab78,FUN_004dab78,252,2,unknown,,unknown,0,0
0x004dac74,FUN_004dac74,264,2,unknown,,unknown,0,0
0x004dae08,FUN_004dae08,108,1,unknown,,unknown,0,0
0x004dae74,FUN_004dae74,204,2,unknown,,unknown,0,0
0x004daf40,FUN_004daf40,424,3,unknown,,unknown,0,0
0x004db0e8,FUN_004db0e8,284,1,unknown,,unknown,0,0
0x004db204,FUN_004db204,132,1,unknown,,unknown,0,0
0x004db3f4,FUN_004db3f4,340,1,unknown,,unknown,0,0
0x004db598,FUN_004db598,40,1,red,app_modules/digmag,source-path,3,1
0x004db6d8,FUN_004db6d8,40,5,unknown,,unknown,0,0
0x004db700,FUN_004db700,40,6,unknown,,unknown,0,0
0x004db778,FUN_004db778,40,1,unknown,,unknown,0,0
0x004db7a0,FUN_004db7a0,40,1,unknown,,unknown,0,0
0x004dba54,FUN_004dba54,152,2,unknown,,unknown,0,0
0x004dbaec,FUN_004dbaec,112,3,unknown,,unknown,0,0
0x004dbcec,FUN_004dbcec,424,1,unknown,,unknown,0,0
0x004dbe94,FUN_004dbe94,1136,4,unknown,,unknown,0,0
0x004dc304,FUN_004dc304,36,4,unknown,,unknown,0,0
0x004dc894,FUN_004dc894,160,1,unknown,,unknown,0,0
0x004dd20c,FUN_004dd20c,40,1,unknown,,unknown,0,0
0x004dd234,FUN_004dd234,40,1,unknown,,unknown,0,0
0x004dd2ac,FUN_004dd2ac,40,1,unknown,,unknown,0,0
0x004dd2d4,FUN_004dd2d4,40,1,unknown,,unknown,0,0
0x004dd404,FUN_004dd404,172,3,unknown,,unknown,0,0
0x004dd5ec,FUN_004dd5ec,480,2,unknown,,unknown,0,0
0x004dd89c,FUN_004dd89c,164,1,unknown,,unknown,0,0
0x004ddab0,FUN_004ddab0,40,2,unknown,,unknown,0,0
0x004ddad8,FUN_004ddad8,40,1,unknown,,unknown,0,0
0x004ddb50,FUN_004ddb50,40,2,unknown,,unknown,0,0
0x004ddb78,FUN_004ddb78,40,1,unknown,,unknown,0,0
0x004ddbf0,FUN_004ddbf0,40,1,unknown,,unknown,0,0
0x004ddc90,FUN_004ddc90,40,2,unknown,,unknown,0,0
0x004de510,FUN_004de510,624,2,unknown,,unknown,0,0
0x004de880,FUN_004de880,268,1,unknown,,unknown,0,0
0x004deb0c,FUN_004deb0c,40,1,unknown,,unknown,0,0
0x004deb34,FUN_004deb34,40,1,unknown,,unknown,0,0
0x004deb5c,FUN_004deb5c,40,1,unknown,,unknown,0,0
0x004dee84,FUN_004dee84,40,2,unknown,,unknown,0,0
0x004dfa50,FUN_004dfa50,40,1,unknown,,unknown,0,0
0x004dfd54,FUN_004dfd54,40,1,unknown,,unknown,0,0
0x004dfd7c,FUN_004dfd7c,40,3,unknown,,unknown,0,0
0x004dff9c,FUN_004dff9c,40,2,unknown,,unknown,0,0
0x004dffc4,FUN_004dffc4,40,1,unknown,,unknown,0,0
0x004dffec,FUN_004dffec,40,1,unknown,,unknown,0,0
0x004e0014,FUN_004e0014,40,1,unknown,,unknown,0,0
0x004e029c,FUN_004e029c,516,2,unknown,,unknown,0,0
0x004e0654,FUN_004e0654,1284,2,unknown,,unknown,0,0
0x004e0efc,FUN_004e0efc,76,4,unknown,,unknown,0,0
0x004e0f48,FUN_004e0f48,472,3,unknown,,unknown,0,0
0x004e1120,FUN_004e1120,148,5,unknown,,unknown,0,0
0x004e11b4,FUN_004e11b4,340,2,unknown,,unknown,0,0
0x004e1504,FUN_004e1504,556,4,unknown,,unknown,0,0
0x004e1730,FUN_004e1730,148,4,unknown,,unknown,0,0
0x004e17c4,FUN_004e17c4,312,2,unknown,,unknown,0,0
0x004e18fc,FUN_004e18fc,368,3,unknown,,unknown,0,0
0x004e1a6c,FUN_004e1a6c,148,5,unknown,,unknown,0,0
0x004e1c3c,FUN_004e1c3c,156,1,unknown,,unknown,0,0
0x004e203c,FUN_004e203c,816,6,unknown,,unknown,0,0
0x004e2490,FUN_004e2490,180,5,unknown,,unknown,0,0
0x004e26d8,FUN_004e26d8,512,6,unknown,,unknown,0,0
0x004e28d8,FUN_004e28d8,324,4,unknown,,unknown,0,0
0x004e2a1c,FUN_004e2a1c,1300,2,unknown,,unknown,0,0
0x004e2f30,FUN_004e2f30,20,2,unknown,,unknown,0,0
0x004e321c,FUN_004e321c,520,2,unknown,,unknown,0,0
0x004e3424,FUN_004e3424,580,2,unknown,,unknown,0,0
0x004e3668,FUN_004e3668,248,2,unknown,,unknown,0,0
0x004e3760,FUN_004e3760,884,1,unknown,,unknown,0,0
0x004e3ad4,FUN_004e3ad4,140,3,unknown,,unknown,0,0
0x004e3b60,FUN_004e3b60,1076,2,unknown,,unknown,0,0
0x004e3f94,FUN_004e3f94,84,6,unknown,,unknown,0,0
0x004e40d0,FUN_004e40d0,160,1,unknown,,unknown,0,0
0x004e4210,FUN_004e4210,40,1,unknown,,unknown,0,0
0x004e4238,FUN_004e4238,40,2,unknown,,unknown,0,0
0x004e4260,FUN_004e4260,40,1,unknown,,unknown,0,0
0x004e4288,FUN_004e4288,40,3,unknown,,unknown,0,0
0x004e42b0,FUN_004e42b0,368,5,unknown,,unknown,0,0
0x004e4420,FUN_004e4420,452,1,unknown,,unknown,0,0
0x004e45e4,FUN_004e45e4,308,4,unknown,,unknown,0,0
0x004e4718,FUN_004e4718,492,2,unknown,,unknown,0,0
0x004e4904,FUN_004e4904,508,12,unknown,,unknown,0,0
0x004e4b00,FUN_004e4b00,100,9,unknown,,unknown,0,0
0x004e4b64,FUN_004e4b64,1568,5,unknown,,unknown,0,0
0x004e5184,FUN_004e5184,20,7,unknown,,unknown,0,0
0x004e5288,FUN_004e5288,588,2,unknown,,unknown,0,0
0x004e54d4,FUN_004e54d4,680,1,unknown,,unknown,0,0
0x004e577c,FUN_004e577c,652,18,unknown,,unknown,0,0
0x004e5a08,FUN_004e5a08,892,6,unknown,,unknown,0,0
0x004e5e4c,FUN_004e5e4c,1068,5,unknown,,unknown,0,0
0x004e6340,FUN_004e6340,492,3,unknown,,unknown,0,0
0x004e65e0,FUN_004e65e0,528,2,unknown,,unknown,0,0
0x004e68a4,FUN_004e68a4,400,7,unknown,,unknown,0,0
0x004e6a34,FUN_004e6a34,904,1,unknown,,unknown,0,0
0x004e6dbc,FUN_004e6dbc,352,4,unknown,,unknown,0,0
0x004e8284,FUN_004e8284,80,1,unknown,,unknown,0,0
0x004e83f4,FUN_004e83f4,84,2,unknown,,unknown,0,0
0x004e8448,FUN_004e8448,2612,4,unknown,,unknown,0,0
0x004e8e7c,FUN_004e8e7c,56,3,unknown,,unknown,0,0
0x004e8f3c,FUN_004e8f3c,40,2,unknown,,unknown,0,0
0x004e8f64,FUN_004e8f64,40,1,unknown,,unknown,0,0
0x004e8fdc,FUN_004e8fdc,40,1,unknown,,unknown,0,0
0x004e9004,FUN_004e9004,40,4,unknown,,unknown,0,0
0x004e907c,FUN_004e907c,40,1,unknown,,unknown,0,0
0x004e90a4,FUN_004e90a4,40,1,unknown,,unknown,0,0
0x004e9194,FUN_004e9194,40,1,unknown,,unknown,0,0
0x004e91bc,FUN_004e91bc,40,2,unknown,,unknown,0,0
0x004e91e4,FUN_004e91e4,40,2,unknown,,unknown,0,0
0x004e925c,FUN_004e925c,40,1,unknown,,unknown,0,0
0x004e92d4,FUN_004e92d4,40,1,unknown,,unknown,0,0
0x004e92fc,FUN_004e92fc,40,1,unknown,,unknown,0,0
0x004e9324,FUN_004e9324,40,3,unknown,,unknown,0,0
0x004e943c,FUN_004e943c,40,1,unknown,,unknown,0,0
0x004e957c,FUN_004e957c,40,1,unknown,,unknown,0,0
0x004e95a4,FUN_004e95a4,40,1,unknown,,unknown,0,0
0x004e96bc,FUN_004e96bc,40,1,unknown,,unknown,0,0
0x004e96e4,FUN_004e96e4,40,3,unknown,,unknown,0,0
0x004e975c,FUN_004e975c,40,1,unknown,,unknown,0,0
0x004e9784,FUN_004e9784,40,2,unknown,,unknown,0,0
0x004e97fc,FUN_004e97fc,40,1,unknown,,unknown,0,0
0x004e9824,FUN_004e9824,40,2,unknown,,unknown,0,0
0x004e984c,FUN_004e984c,348,2,unknown,,unknown,0,0
0x004e99a8,FUN_004e99a8,88,10,unknown,,unknown,0,0
0x004e9a00,FUN_004e9a00,308,1,unknown,,unknown,0,0
0x004e9b34,FUN_004e9b34,72,1,unknown,,unknown,0,0
0x004e9ba4,FUN_004e9ba4,364,1,unknown,,unknown,0,0
0x004e9d10,FUN_004e9d10,16,1,unknown,,unknown,0,0
0x004e9d48,FUN_004e9d48,40,1,unknown,,unknown,0,0
0x004e9d98,FUN_004e9d98,40,1,unknown,,unknown,0,0
0x004e9dc0,FUN_004e9dc0,272,3,unknown,,unknown,0,0
0x004e9f60,FUN_004e9f60,52,1,unknown,,unknown,0,0
0x004e9f94,FUN_004e9f94,52,1,unknown,,unknown,0,0
0x004e9fc8,FUN_004e9fc8,60,1,unknown,,unknown,0,0
0x004ea004,FUN_004ea004,88,3,unknown,,unknown,0,0
0x004ea05c,FUN_004ea05c,88,3,unknown,,unknown,0,0
0x004ea0b4,FUN_004ea0b4,32,7,unknown,,unknown,0,0
0x004ea0d4,FUN_004ea0d4,56,5,unknown,,unknown,0,0
0x004ea10c,FUN_004ea10c,120,8,unknown,,unknown,0,0
0x004ea184,FUN_004ea184,204,4,unknown,,unknown,0,0
0x004ea250,FUN_004ea250,116,3,unknown,,unknown,0,0
0x004ea404,FUN_004ea404,372,2,unknown,,unknown,0,0
0x004ea578,FUN_004ea578,476,5,unknown,,unknown,0,0
0x004ea754,FUN_004ea754,164,1,unknown,,unknown,0,0
0x004ea7f8,FUN_004ea7f8,312,1,unknown,,unknown,0,0
0x004ea930,FUN_004ea930,308,3,unknown,,unknown,0,0
0x004eaa64,FUN_004eaa64,176,2,unknown,,unknown,0,0
0x004eab14,FUN_004eab14,128,2,unknown,,unknown,0,0
0x004eab94,FUN_004eab94,212,1,unknown,,unknown,0,0
0x004eac68,FUN_004eac68,128,3,unknown,,unknown,0,0
0x004ead68,FUN_004ead68,32,2,unknown,,unknown,0,0
0x004eafc0,FUN_004eafc0,372,2,unknown,,unknown,0,0
0x004eb134,FUN_004eb134,684,2,unknown,,unknown,0,0
0x004eb3e0,FUN_004eb3e0,160,1,unknown,,unknown,0,0
0x004eb480,FUN_004eb480,168,2,unknown,,unknown,0,0
0x004eb528,FUN_004eb528,228,2,unknown,,unknown,0,0
0x004eb60c,FUN_004eb60c,568,2,unknown,,unknown,0,0
0x004eb844,FUN_004eb844,200,1,unknown,,unknown,0,0
0x004eb90c,FUN_004eb90c,264,2,unknown,,unknown,0,0
0x004eba14,FUN_004eba14,320,3,unknown,,unknown,0,0
0x004ebb54,FUN_004ebb54,36,11,unknown,,unknown,0,0
0x004ebb78,FUN_004ebb78,36,2,unknown,,unknown,0,0
0x004ebb9c,FUN_004ebb9c,180,2,unknown,,unknown,0,0
0x004ebcd0,FUN_004ebcd0,128,5,unknown,,unknown,0,0
0x004ebda0,FUN_004ebda0,80,4,unknown,,unknown,0,0
0x004ebe30,FUN_004ebe30,28,13,unknown,,unknown,0,0
0x004ebe4c,FUN_004ebe4c,32,11,unknown,,unknown,0,0
0x004ec4f4,FUN_004ec4f4,396,1,unknown,,unknown,0,0
0x004ec680,FUN_004ec680,200,2,unknown,,unknown,0,0
0x004ec748,FUN_004ec748,648,3,unknown,,unknown,0,0
0x004ec9d0,FUN_004ec9d0,524,7,unknown,,unknown,0,0
0x004ecc58,FUN_004ecc58,868,2,unknown,,unknown,0,0
0x004ecfbc,FUN_004ecfbc,16,1,unknown,,unknown,0,0
0x004ed080,FUN_004ed080,40,2,unknown,,unknown,0,0
0x004ed0a8,FUN_004ed0a8,48,3,unknown,,unknown,0,0
0x004ed0d8,FUN_004ed0d8,284,7,unknown,,unknown,0,0
0x004ed1f4,FUN_004ed1f4,288,6,unknown,,unknown,0,0
0x004ed314,FUN_004ed314,356,4,unknown,,unknown,0,0
0x004ed478,FUN_004ed478,248,1,unknown,,unknown,0,0
0x004ed570,FUN_004ed570,780,2,unknown,,unknown,0,0
0x004ed87c,FUN_004ed87c,568,3,unknown,,unknown,0,0
0x004edb44,FUN_004edb44,232,1,unknown,,unknown,0,0
0x004edc2c,FUN_004edc2c,20,1,unknown,,unknown,0,0
0x004edc40,FUN_004edc40,84,61,unknown,,unknown,0,0
0x004edc94,FUN_004edc94,352,2,unknown,,unknown,0,0
0x004eddf4,FUN_004eddf4,180,2,unknown,,unknown,0,0
0x004edfa8,FUN_004edfa8,248,4,unknown,,unknown,0,0
0x004ee0a0,FUN_004ee0a0,452,4,unknown,,unknown,0,0
0x004ee264,FUN_004ee264,1672,1,unknown,,unknown,0,0
0x004ee9b8,FUN_004ee9b8,132,1,unknown,,unknown,0,0
0x004eea3c,FUN_004eea3c,132,1,unknown,,unknown,0,0
0x004eeac0,FUN_004eeac0,132,1,unknown,,unknown,0,0
0x004eeb44,FUN_004eeb44,132,1,unknown,,unknown,0,0
0x004eebc8,FUN_004eebc8,152,1,unknown,,unknown,0,0
0x004eec60,FUN_004eec60,132,1,unknown,,unknown,0,0
0x004eece4,FUN_004eece4,132,1,unknown,,unknown,0,0
0x004eed68,FUN_004eed68,196,1,unknown,,unknown,0,0
0x004eeec4,FUN_004eeec4,228,9,unknown,,unknown,0,0
0x004eefa8,FUN_004eefa8,280,10,unknown,,unknown,0,0
0x004ef0c0,FUN_004ef0c0,2472,3,unknown,,unknown,0,0
0x004efa68,FUN_004efa68,104,1,unknown,,unknown,0,0
0x004efad0,FUN_004efad0,232,3,unknown,,unknown,0,0
0x004efbb8,FUN_004efbb8,188,1,unknown,,unknown,0,0
0x004efc74,FUN_004efc74,1884,1,openssl,,string-flavor,2,0
0x004f03d0,FUN_004f03d0,3696,1,openssl,,string-flavor,2,0
0x004f1240,FUN_004f1240,648,10,unknown,,unknown,0,0
0x004f14dc,FUN_004f14dc,840,1,unknown,,unknown,0,0
0x004f1824,FUN_004f1824,52,1,unknown,,unknown,0,0
0x004f18c4,FUN_004f18c4,36,10,unknown,,unknown,0,0
0x004f18e8,FUN_004f18e8,988,2,unknown,,unknown,0,0
0x004f21e8,FUN_004f21e8,488,2,unknown,,unknown,0,0
0x004f23d0,FUN_004f23d0,532,2,unknown,,unknown,0,0
0x004f3994,FUN_004f3994,152,2,unknown,,unknown,0,0
0x004f3a2c,FUN_004f3a2c,148,4,unknown,,unknown,0,0
0x004f3ac0,FUN_004f3ac0,184,2,unknown,,unknown,0,0
0x004f65c4,FUN_004f65c4,664,2,unknown,,unknown,0,0
0x004f8998,FUN_004f8998,360,3,unknown,,unknown,0,0
0x004f9efc,FUN_004f9efc,1952,2,unknown,,unknown,0,0
0x004fb598,FUN_004fb598,56,6,unknown,,unknown,0,0
0x004fb5d0,FUN_004fb5d0,116,2,unknown,,unknown,0,0
0x004fb644,FUN_004fb644,636,1,unknown,,unknown,0,0
0x004fb8c0,FUN_004fb8c0,940,2,unknown,,unknown,0,0
0x004fbc6c,FUN_004fbc6c,380,1,unknown,,unknown,0,0
0x004fbde8,FUN_004fbde8,4232,3,vxworks,,string-flavor,2,0
0x004fce70,FUN_004fce70,728,2,unknown,,unknown,0,0
0x004fd148,FUN_004fd148,788,2,unknown,,unknown,0,0
0x004fd45c,FUN_004fd45c,356,2,unknown,,unknown,0,0
0x00507680,FUN_00507680,568,3,unknown,,unknown,0,0
0x00508534,FUN_00508534,100,1,unknown,,unknown,0,0
0x0050a89c,FUN_0050a89c,1344,2,red,,string-flavor,2,1
0x0050cb70,FUN_0050cb70,284,4,unknown,,unknown,0,0
0x0050cc8c,FUN_0050cc8c,448,3,unknown,,unknown,0,0
0x0050d984,FUN_0050d984,348,41,unknown,,unknown,0,0
0x0050dae0,FUN_0050dae0,140,3,unknown,,unknown,0,0
0x0050db6c,FUN_0050db6c,128,6,unknown,,unknown,0,0
0x0050dbec,FUN_0050dbec,692,1,unknown,,unknown,0,0
0x0050deb0,FUN_0050deb0,200,3,unknown,,unknown,0,0
0x0050e14c,FUN_0050e14c,120,1,unknown,,unknown,0,0
0x0050e1c4,FUN_0050e1c4,84,1,unknown,,unknown,0,0
0x0050e4c8,FUN_0050e4c8,644,2,red,,string-flavor,2,1
0x0050e74c,FUN_0050e74c,344,16,unknown,,unknown,0,0
0x0050e8a4,FUN_0050e8a4,284,2,unknown,,unknown,0,0
0x0050e9c0,FUN_0050e9c0,452,2,unknown,,unknown,0,0
0x0050eb84,FUN_0050eb84,876,18,red,,string-flavor,2,1
0x0050eef0,FUN_0050eef0,376,2,unknown,,unknown,0,0
0x0050f068,FUN_0050f068,600,3,unknown,,unknown,0,0
0x0050f2c0,FUN_0050f2c0,664,17,unknown,,unknown,0,0
0x0050f558,FUN_0050f558,568,6,unknown,,unknown,0,0
0x0050f790,FUN_0050f790,152,1,unknown,,unknown,0,0
0x0050f828,FUN_0050f828,432,1,unknown,,unknown,0,0
0x0050f9d8,FUN_0050f9d8,364,2,unknown,,unknown,0,0
0x0050fb44,FUN_0050fb44,20,4,unknown,,unknown,0,0
0x0050fb58,FUN_0050fb58,20,3,unknown,,unknown,0,0
0x0050fb6c,FUN_0050fb6c,304,8,unknown,,unknown,0,0
0x0050fc9c,FUN_0050fc9c,348,2,unknown,,unknown,0,0
0x0050fdf8,FUN_0050fdf8,148,27,unknown,,unknown,0,0
0x0050fe8c,FUN_0050fe8c,172,1,unknown,,unknown,0,0
0x0050ff58,FUN_0050ff58,40,2,unknown,,unknown,0,0
0x00510044,FUN_00510044,616,3,unknown,,unknown,0,0
0x005102ac,FUN_005102ac,480,2,unknown,,unknown,0,0
0x0051048c,FUN_0051048c,188,3,unknown,,unknown,0,0
0x00510548,FUN_00510548,444,3,unknown,,unknown,0,0
0x00510704,FUN_00510704,68,2,unknown,,unknown,0,0
0x0051074c,FUN_0051074c,624,3,unknown,,unknown,0,0
0x005109bc,FUN_005109bc,208,3,unknown,,unknown,0,0
0x00510a8c,FUN_00510a8c,552,3,unknown,,unknown,0,0
0x00510cb4,FUN_00510cb4,832,3,unknown,,unknown,0,0
0x00510ff4,FUN_00510ff4,72,2,unknown,,unknown,0,0
0x0051103c,FUN_0051103c,1012,2,unknown,,unknown,0,0
0x00511430,FUN_00511430,844,2,red,,string-flavor,2,1
0x0051177c,FUN_0051177c,204,2,unknown,,unknown,0,0
0x00511848,FUN_00511848,268,3,red,,string-flavor,2,1
0x00511b64,FUN_00511b64,280,1,unknown,,unknown,0,0
0x00511c7c,FUN_00511c7c,228,3,unknown,,unknown,0,0
0x005124fc,FUN_005124fc,16,4,unknown,,unknown,0,0
0x0051250c,FUN_0051250c,136,2,unknown,,unknown,0,0
0x00512594,FUN_00512594,408,1,unknown,,unknown,0,0
0x0051272c,FUN_0051272c,404,2,unknown,,unknown,0,0
0x005128c0,FUN_005128c0,244,1,unknown,,unknown,0,0
0x005129b4,FUN_005129b4,436,1,unknown,,unknown,0,0
0x00512b68,FUN_00512b68,676,1,unknown,,unknown,0,0
0x00512e0c,FUN_00512e0c,392,17,unknown,,unknown,0,0
0x00512f94,FUN_00512f94,24,1,unknown,,unknown,0,0
0x00512fac,FUN_00512fac,256,11,unknown,,unknown,0,0
0x005130ac,FUN_005130ac,156,12,unknown,,unknown,0,0
0x0051423c,FUN_0051423c,172,1,unknown,,unknown,0,0
0x005142e8,FUN_005142e8,148,2,unknown,,unknown,0,0
0x00514418,FUN_00514418,124,1,unknown,,unknown,0,0
0x00514494,FUN_00514494,504,6,unknown,,unknown,0,0
0x0051468c,FUN_0051468c,832,1,unknown,,unknown,0,0
0x005149cc,FUN_005149cc,188,2,unknown,,unknown,0,0
0x00514a88,FUN_00514a88,496,1,unknown,,unknown,0,0
0x00518b10,FUN_00518b10,172,2,unknown,,unknown,0,0
0x0051adcc,FUN_0051adcc,120,29,unknown,,unknown,0,0
0x0051ae44,FUN_0051ae44,44,25,unknown,,unknown,0,0
0x0051ae70,FUN_0051ae70,500,1,unknown,,unknown,0,0
0x0051b064,FUN_0051b064,508,1,unknown,,unknown,0,0
0x0051b260,FUN_0051b260,572,1,unknown,,unknown,0,0
0x0051b49c,FUN_0051b49c,744,1,unknown,,unknown,0,0
0x0051b784,FUN_0051b784,44,3,unknown,,unknown,0,0
0x0051b7b0,FUN_0051b7b0,604,1,unknown,,unknown,0,0
0x0051ba0c,FUN_0051ba0c,880,1,unknown,,unknown,0,0
0x0051bd7c,FUN_0051bd7c,528,1,unknown,,unknown,0,0
0x0051bf8c,FUN_0051bf8c,764,1,unknown,,unknown,0,0
0x0051c288,FUN_0051c288,564,1,unknown,,unknown,0,0
0x0051c4bc,FUN_0051c4bc,776,1,unknown,,unknown,0,0
0x0051c7c4,FUN_0051c7c4,596,1,unknown,,unknown,0,0
0x0051ca18,FUN_0051ca18,600,1,unknown,,unknown,0,0
0x0051cc70,FUN_0051cc70,684,2,unknown,,unknown,0,0
0x0051cf1c,FUN_0051cf1c,580,1,unknown,,unknown,0,0
0x0051d160,FUN_0051d160,460,1,unknown,,unknown,0,0
0x0051d32c,FUN_0051d32c,464,1,unknown,,unknown,0,0
0x0051d4fc,FUN_0051d4fc,660,1,unknown,,unknown,0,0
0x0051d790,FUN_0051d790,476,1,unknown,,unknown,0,0
0x0051d96c,FUN_0051d96c,476,1,unknown,,unknown,0,0
0x0051db48,FUN_0051db48,572,1,unknown,,unknown,0,0
0x0051dd84,FUN_0051dd84,620,1,unknown,,unknown,0,0
0x0051dff0,FUN_0051dff0,524,1,unknown,,unknown,0,0
0x0051e1fc,FUN_0051e1fc,596,1,unknown,,unknown,0,0
0x0051e5c0,FUN_0051e5c0,448,1,unknown,,unknown,0,0
0x0051e780,FUN_0051e780,1540,1,unknown,,unknown,0,0
0x0051ed84,FUN_0051ed84,1672,1,unknown,,unknown,0,0
0x0051f40c,FUN_0051f40c,424,1,unknown,,unknown,0,0
0x0051f5b4,FUN_0051f5b4,540,1,unknown,,unknown,0,0
0x00520b04,FUN_00520b04,352,3,vxworks,,string-flavor,2,0
0x00520dd0,FUN_00520dd0,2236,1,vxworks,,string-flavor,2,0
0x0052168c,FUN_0052168c,1756,1,unknown,,unknown,0,0
0x00521d68,FUN_00521d68,184,2,unknown,,unknown,0,0
0x00522174,FUN_00522174,144,6,unknown,,unknown,0,0
0x00522204,FUN_00522204,484,2,unknown,,unknown,0,0
0x005223e8,FUN_005223e8,432,2,unknown,,unknown,0,0
0x00522598,FUN_00522598,680,2,unknown,,unknown,0,0
0x00525124,FUN_00525124,228,13,unknown,,unknown,0,0
0x00525208,FUN_00525208,212,4,unknown,,unknown,0,0
0x005252dc,FUN_005252dc,220,3,unknown,,unknown,0,0
0x005253b8,FUN_005253b8,12,4,unknown,,unknown,0,0
0x005253c4,FUN_005253c4,40,11,unknown,,unknown,0,0
0x00525d88,FUN_00525d88,20,6,unknown,,unknown,0,0
0x00526738,FUN_00526738,160,2,unknown,,unknown,0,0
0x005267d8,FUN_005267d8,232,1,unknown,,unknown,0,0
0x00526a90,FUN_00526a90,20,1,unknown,,unknown,0,0
0x00526ac4,FUN_00526ac4,784,1,unknown,,unknown,0,0
0x00526dd4,FUN_00526dd4,1020,1,unknown,,unknown,0,0
0x005271d0,FUN_005271d0,572,1,unknown,,unknown,0,0
0x0052740c,FUN_0052740c,584,1,unknown,,unknown,0,0
0x00528314,FUN_00528314,480,2,unknown,,unknown,0,0
0x005284f4,FUN_005284f4,180,3,unknown,,unknown,0,0
0x005285a8,FUN_005285a8,808,3,unknown,,unknown,0,0
0x005288d0,FUN_005288d0,216,3,unknown,,unknown,0,0
0x00528b08,FUN_00528b08,264,3,unknown,,unknown,0,0
0x00528c10,FUN_00528c10,396,2,unknown,,unknown,0,0
0x00528d9c,FUN_00528d9c,568,2,unknown,,unknown,0,0
0x00528fd4,FUN_00528fd4,1276,1,unknown,,unknown,0,0
0x0052a108,FUN_0052a108,20,1,unknown,,unknown,0,0
0x0052a13c,FUN_0052a13c,148,1,unknown,,unknown,0,0
0x0052a1d0,FUN_0052a1d0,160,1,unknown,,unknown,0,0
0x0052a270,FUN_0052a270,436,1,unknown,,unknown,0,0
0x0052a424,FUN_0052a424,1812,1,unknown,,unknown,0,0
0x0052ab38,FUN_0052ab38,712,1,unknown,,unknown,0,0
0x0052ae00,FUN_0052ae00,180,1,unknown,,unknown,0,0
0x0052b9d0,FUN_0052b9d0,20,5,unknown,,unknown,0,0
0x0052ba04,FUN_0052ba04,492,1,unknown,,unknown,0,0
0x0052d318,FUN_0052d318,620,2,unknown,,unknown,0,0
0x0052d584,FUN_0052d584,124,2,unknown,,unknown,0,0
0x0052d600,FUN_0052d600,268,2,unknown,,unknown,0,0
0x0052d730,FUN_0052d730,16,1,unknown,,unknown,0,0
0x0052d740,FUN_0052d740,52,1,unknown,,unknown,0,0
0x0052d7b4,FUN_0052d7b4,128,3,unknown,,unknown,0,0
0x0052d834,FUN_0052d834,296,2,unknown,,unknown,0,0
0x0052da34,FUN_0052da34,128,2,unknown,,unknown,0,0
0x0052db08,FUN_0052db08,476,1,unknown,,unknown,0,0
0x0052dce4,FUN_0052dce4,316,2,unknown,,unknown,0,0
0x0052de20,FUN_0052de20,44,47,unknown,,unknown,0,0
0x0052de64,FUN_0052de64,20,3,unknown,,unknown,0,0
0x0052de98,FUN_0052de98,692,3,unknown,,unknown,0,0
0x0052e14c,FUN_0052e14c,1248,1,unknown,,unknown,0,0
0x0052e63c,FUN_0052e63c,16,18,unknown,,unknown,0,0
0x0052e64c,FUN_0052e64c,312,1,unknown,,unknown,0,0
0x0052e784,FUN_0052e784,1088,3,unknown,,unknown,0,0
0x0052ebc4,FUN_0052ebc4,256,11,unknown,,unknown,0,0
0x0052ecc4,FUN_0052ecc4,208,8,unknown,,unknown,0,0
0x0052ed94,FUN_0052ed94,20,3,unknown,,unknown,0,0
0x00530700,FUN_00530700,20,3,unknown,,unknown,0,0
0x005316a0,FUN_005316a0,20,1,unknown,,unknown,0,0
0x005316b4,FUN_005316b4,196,1,unknown,,unknown,0,0
0x00531778,FUN_00531778,152,3,unknown,,unknown,0,0
0x00531874,FUN_00531874,20,2,unknown,,unknown,0,0
0x00531888,FUN_00531888,1880,1,unknown,,unknown,0,0
0x0053224c,FUN_0053224c,268,16,unknown,,unknown,0,0
0x00532358,FUN_00532358,276,2,unknown,,unknown,0,0
0x0053246c,FUN_0053246c,304,4,unknown,,unknown,0,0
0x0053259c,FUN_0053259c,72,2,unknown,,unknown,0,0
0x005325e4,FUN_005325e4,912,2,unknown,,unknown,0,0
0x00532df4,FUN_00532df4,164,3,unknown,,unknown,0,0
0x00532f2c,FUN_00532f2c,228,9,unknown,,unknown,0,0
0x00533010,FUN_00533010,20,5,unknown,,unknown,0,0
0x00533044,FUN_00533044,700,1,unknown,,unknown,0,0
0x00533300,FUN_00533300,160,2,unknown,,unknown,0,0
0x005333a0,FUN_005333a0,1132,2,unknown,,unknown,0,0
0x0053380c,FUN_0053380c,1276,2,unknown,,unknown,0,0
0x00533d08,FUN_00533d08,2384,2,unknown,,unknown,0,0
0x00534658,FUN_00534658,1012,2,unknown,,unknown,0,0
0x00534a74,FUN_00534a74,1008,1,unknown,,unknown,0,0
0x00534e64,FUN_00534e64,560,1,unknown,,unknown,0,0
0x00535094,FUN_00535094,572,1,unknown,,unknown,0,0
0x005352d0,FUN_005352d0,876,2,unknown,,unknown,0,0
0x00536404,FUN_00536404,128,8,unknown,,unknown,0,0
0x00536a18,FUN_00536a18,88,9,unknown,,unknown,0,0
0x00536a70,FUN_00536a70,96,6,unknown,,unknown,0,0
0x00536ad0,FUN_00536ad0,332,3,unknown,,unknown,0,0
0x00536cc4,FUN_00536cc4,48,2,unknown,,unknown,0,0
0x0053710c,FUN_0053710c,16,3,unknown,,unknown,0,0
0x0053711c,FUN_0053711c,52,1,unknown,,unknown,0,0
0x00537190,FUN_00537190,156,2,unknown,,unknown,0,0
0x0053722c,FUN_0053722c,304,4,unknown,,unknown,0,0
0x0053735c,FUN_0053735c,300,2,unknown,,unknown,0,0
0x00537ae8,FUN_00537ae8,116,1,unknown,,unknown,0,0
0x00537b5c,FUN_00537b5c,76,2,unknown,,unknown,0,0
0x00537ba8,FUN_00537ba8,268,1,unknown,,unknown,0,0
0x00537cb4,FUN_00537cb4,164,2,unknown,,unknown,0,0
0x00537e60,FUN_00537e60,64,2,unknown,,unknown,0,0
0x00537ea0,FUN_00537ea0,156,4,unknown,,unknown,0,0
0x005381d8,FUN_005381d8,20,3,unknown,,unknown,0,0
0x0053820c,FUN_0053820c,672,4,unknown,,unknown,0,0
0x005384ac,FUN_005384ac,100,2,unknown,,unknown,0,0
0x00538510,FUN_00538510,100,2,unknown,,unknown,0,0
0x00538574,FUN_00538574,292,2,unknown,,unknown,0,0
0x00538698,FUN_00538698,864,3,unknown,,unknown,0,0
0x005389f8,FUN_005389f8,368,2,unknown,,unknown,0,0
0x00538b68,FUN_00538b68,264,37,unknown,,unknown,0,0
0x00538c70,FUN_00538c70,264,2,unknown,,unknown,0,0
0x00539bfc,FUN_00539bfc,20,3,unknown,,unknown,0,0
0x00539c30,FUN_00539c30,128,1,unknown,,unknown,0,0
0x00539cb0,FUN_00539cb0,124,1,unknown,,unknown,0,0
0x00539d2c,FUN_00539d2c,160,2,unknown,,unknown,0,0
0x00539dcc,FUN_00539dcc,1848,2,unknown,,unknown,0,0
0x0053a504,FUN_0053a504,444,1,unknown,,unknown,0,0
0x0053a6c0,FUN_0053a6c0,1800,1,unknown,,unknown,0,0
0x0053adc8,FUN_0053adc8,704,1,unknown,,unknown,0,0
0x0053b088,FUN_0053b088,1048,2,unknown,,unknown,0,0
0x0053b4a0,FUN_0053b4a0,840,2,unknown,,unknown,0,0
0x0053b7e8,FUN_0053b7e8,1356,2,unknown,,unknown,0,0
0x0053bd34,FUN_0053bd34,168,1,unknown,,unknown,0,0
0x0053c7a0,FUN_0053c7a0,312,6,unknown,,unknown,0,0
0x0053da0c,FUN_0053da0c,184,2,unknown,,unknown,0,0
0x0053dac4,FUN_0053dac4,136,2,unknown,,unknown,0,0
0x0053db4c,FUN_0053db4c,740,2,unknown,,unknown,0,0
0x0053de30,FUN_0053de30,252,5,unknown,,unknown,0,0
0x0053df2c,FUN_0053df2c,156,8,unknown,,unknown,0,0
0x0053dfc8,FUN_0053dfc8,136,6,unknown,,unknown,0,0
0x0053e050,FUN_0053e050,256,4,unknown,,unknown,0,0
0x0053e150,FUN_0053e150,20,1,unknown,,unknown,0,0
0x0053e164,FUN_0053e164,372,4,unknown,,unknown,0,0
0x0053e2d8,FUN_0053e2d8,108,2,unknown,,unknown,0,0
0x0053e40c,FUN_0053e40c,16,1,unknown,,unknown,0,0
0x0053e42c,FUN_0053e42c,100,3,unknown,,unknown,0,0
0x0053e5ac,FUN_0053e5ac,588,1,unknown,,unknown,0,0
0x0053e7f8,FUN_0053e7f8,444,1,unknown,,unknown,0,0
0x0053eb6c,FUN_0053eb6c,188,1,unknown,,unknown,0,0
0x0053ec48,FUN_0053ec48,308,3,unknown,,unknown,0,0
0x0053ed7c,FUN_0053ed7c,584,6,unknown,,unknown,0,0
0x0053efc4,FUN_0053efc4,116,2,unknown,,unknown,0,0
0x0053f038,FUN_0053f038,552,2,unknown,,unknown,0,0
0x0053f260,FUN_0053f260,1352,2,unknown,,unknown,0,0
0x0053f7a8,FUN_0053f7a8,1252,4,unknown,,unknown,0,0
0x0053fc8c,FUN_0053fc8c,1296,1,unknown,,unknown,0,0
0x0054019c,FUN_0054019c,72,4,unknown,,unknown,0,0
0x005401e4,FUN_005401e4,36,6,unknown,,unknown,0,0
0x00540234,FUN_00540234,200,1,unknown,,unknown,0,0
0x005402fc,FUN_005402fc,40,4,unknown,,unknown,0,0
0x00540324,FUN_00540324,412,1,unknown,,unknown,0,0
0x005404c0,FUN_005404c0,32,2,unknown,,unknown,0,0
0x005404e0,FUN_005404e0,100,1,unknown,,unknown,0,0
0x005405c8,FUN_005405c8,104,2,unknown,,unknown,0,0
0x00540630,FUN_00540630,104,4,unknown,,unknown,0,0
0x00540698,FUN_00540698,112,1,unknown,,unknown,0,0
0x00540778,FUN_00540778,284,4,unknown,,unknown,0,0
0x00540924,FUN_00540924,176,11,unknown,,unknown,0,0
0x005409d4,FUN_005409d4,16,13,unknown,,unknown,0,0
0x005409e4,FUN_005409e4,16,13,unknown,,unknown,0,0
0x005409f4,FUN_005409f4,76,1,unknown,,unknown,0,0
0x00540a40,FUN_00540a40,12,20,unknown,,unknown,0,0
0x00540db0,FUN_00540db0,16,1,unknown,,unknown,0,0
0x00540dc0,FUN_00540dc0,36,1,unknown,,unknown,0,0
0x00540de4,FUN_00540de4,16,1,unknown,,unknown,0,0
0x00540e38,FUN_00540e38,28,2,unknown,,unknown,0,0
0x00540e54,FUN_00540e54,36,1,unknown,,unknown,0,0
0x00540e78,FUN_00540e78,16,1,unknown,,unknown,0,0
0x00540e88,FUN_00540e88,16,1,unknown,,unknown,0,0
0x00540e98,FUN_00540e98,44,2,unknown,,unknown,0,0
0x00540ec4,FUN_00540ec4,108,4,unknown,,unknown,0,0
0x00540f30,FUN_00540f30,56,1,unknown,,unknown,0,0
0x00540f68,FUN_00540f68,232,2,unknown,,unknown,0,0
0x00541050,FUN_00541050,156,2,unknown,,unknown,0,0
0x005411b8,FUN_005411b8,44,2,unknown,,unknown,0,0
0x005411e4,FUN_005411e4,144,7,unknown,,unknown,0,0
0x00541274,FUN_00541274,136,1,unknown,,unknown,0,0
0x005412fc,FUN_005412fc,148,8,unknown,,unknown,0,0
0x00541390,FUN_00541390,16,42,unknown,,unknown,0,0
0x005413a0,FUN_005413a0,152,4,unknown,,unknown,0,0
0x00541438,FUN_00541438,68,3,unknown,,unknown,0,0
0x00541494,FUN_00541494,16,9,unknown,,unknown,0,0
0x005415b0,FUN_005415b0,92,1,unknown,,unknown,0,0
0x00541780,FUN_00541780,92,1,unknown,,unknown,0,0
0x0054184c,FUN_0054184c,64,11,unknown,,unknown,0,0
0x0054188c,FUN_0054188c,64,1,unknown,,unknown,0,0
0x005418cc,FUN_005418cc,152,1,unknown,,unknown,0,0
0x00541964,FUN_00541964,136,6,unknown,,unknown,0,0
0x00541a78,FUN_00541a78,312,3,unknown,,unknown,0,0
0x00541bb0,FUN_00541bb0,240,6,unknown,,unknown,0,0
0x00541ca0,FUN_00541ca0,420,3,unknown,,unknown,0,0
0x00541ee8,FUN_00541ee8,336,10,unknown,,unknown,0,0
0x00542038,FUN_00542038,756,7,unknown,,unknown,0,0
0x0054234c,FUN_0054234c,20,2,unknown,,unknown,0,0
0x00542360,FUN_00542360,20,4,unknown,,unknown,0,0
0x00542398,FUN_00542398,1012,2,unknown,,unknown,0,0
0x00542910,FUN_00542910,224,2,unknown,,unknown,0,0
0x005429f0,FUN_005429f0,160,2,unknown,,unknown,0,0
0x00542a90,FUN_00542a90,308,6,unknown,,unknown,0,0
0x00542bd4,FUN_00542bd4,224,2,unknown,,unknown,0,0
0x00542cb4,FUN_00542cb4,16,3,unknown,,unknown,0,0
0x00542cc4,FUN_00542cc4,388,7,unknown,,unknown,0,0
0x00542e48,FUN_00542e48,172,1,unknown,,unknown,0,0
0x00542ef4,FUN_00542ef4,60,3,unknown,,unknown,0,0
0x00542fe4,FUN_00542fe4,76,2,vxworks,,callgraph,2,0
0x00543030,FUN_00543030,16,3,unknown,,unknown,0,0
0x00543040,FUN_00543040,16,1,unknown,,unknown,0,0
0x00543050,FUN_00543050,16,2,unknown,,unknown,0,0
0x00543060,FUN_00543060,208,4,unknown,,unknown,0,0
0x00543130,FUN_00543130,44,7,unknown,,unknown,0,0
0x0054315c,FUN_0054315c,116,2,unknown,,unknown,0,0
0x005431d0,FUN_005431d0,48,6,unknown,,unknown,0,0
0x00543200,FUN_00543200,116,3,unknown,,unknown,0,0
0x00543274,FUN_00543274,460,10,unknown,,unknown,0,0
0x00543440,FUN_00543440,456,10,unknown,,unknown,0,0
0x00543608,FUN_00543608,648,9,unknown,,unknown,0,0
0x00543c38,FUN_00543c38,44,5,unknown,,unknown,0,0
0x00543c64,FUN_00543c64,32,1,unknown,,unknown,0,0
0x00543c84,FUN_00543c84,32,1,unknown,,unknown,0,0
0x00543ca4,FUN_00543ca4,344,7,unknown,,unknown,0,0
0x00543dfc,FUN_00543dfc,100,7,unknown,,unknown,0,0
0x00543e60,FUN_00543e60,16,2,unknown,,unknown,0,0
0x00543ea0,FUN_00543ea0,16,5,unknown,,unknown,0,0
0x00543ec0,FUN_00543ec0,36,5,unknown,,unknown,0,0
0x00543ee4,FUN_00543ee4,36,6,unknown,,unknown,0,0
0x00543f18,FUN_00543f18,16,1,unknown,,unknown,0,0
0x00544050,FUN_00544050,16,2,unknown,,unknown,0,0
0x005440c4,FUN_005440c4,20,2,unknown,,unknown,0,0
0x00544128,FUN_00544128,20,3,unknown,,unknown,0,0
0x0054413c,FUN_0054413c,360,4,unknown,,unknown,0,0
0x005442a4,FUN_005442a4,252,2,unknown,,unknown,0,0
0x005443a0,FUN_005443a0,428,2,unknown,,unknown,0,0
0x0054454c,FUN_0054454c,208,5,unknown,,unknown,0,0
0x00544acc,FUN_00544acc,208,5,unknown,,unknown,0,0
0x00544dec,FUN_00544dec,208,4,unknown,,unknown,0,0
0x00544ebc,FUN_00544ebc,448,3,unknown,,unknown,0,0
0x0054511c,FUN_0054511c,252,2,unknown,,unknown,0,0
0x00545464,FUN_00545464,208,3,unknown,,unknown,0,0
0x00545534,FUN_00545534,432,4,unknown,,unknown,0,0
0x005459a0,FUN_005459a0,16,4,unknown,,unknown,0,0
0x00545ab4,FUN_00545ab4,184,2,unknown,,unknown,0,0
0x00545c24,FUN_00545c24,136,4,unknown,,unknown,0,0
0x00545cac,FUN_00545cac,216,17,unknown,,unknown,0,0
0x00545d84,FUN_00545d84,360,2,unknown,,unknown,0,0
0x00545eec,FUN_00545eec,16,5,unknown,,unknown,0,0
0x00545efc,FUN_00545efc,496,2,unknown,,unknown,0,0
0x005460ec,FUN_005460ec,824,2,unknown,,unknown,0,0
0x00546424,FUN_00546424,676,8,unknown,,unknown,0,0
0x005466c8,FUN_005466c8,360,2,unknown,,unknown,0,0
0x005469d4,FUN_005469d4,188,2,unknown,,unknown,0,0
0x00546a90,FUN_00546a90,116,2,unknown,,unknown,0,0
0x00546b04,FUN_00546b04,2180,7,unknown,,unknown,0,0
0x005473e0,FUN_005473e0,2064,2,unknown,,unknown,0,0
0x00547bf0,FUN_00547bf0,56,1,unknown,,unknown,0,0
0x00548030,FUN_00548030,944,4,unknown,,unknown,0,0
0x00548494,FUN_00548494,20,4,unknown,,unknown,0,0
0x005484c8,FUN_005484c8,456,2,unknown,,unknown,0,0
0x00548690,FUN_00548690,236,5,unknown,,unknown,0,0
0x005498e8,FUN_005498e8,20,3,unknown,,unknown,0,0
0x0054991c,FUN_0054991c,20,3,unknown,,unknown,0,0
0x00549950,FUN_00549950,132,2,unknown,,unknown,0,0
0x005499d4,FUN_005499d4,56,3,unknown,,unknown,0,0
0x00549a0c,FUN_00549a0c,1140,18,unknown,,unknown,0,0
0x00549e80,FUN_00549e80,88,1,unknown,,unknown,0,0
0x00549ed8,FUN_00549ed8,56,2,unknown,,unknown,0,0
0x00549f10,FUN_00549f10,192,2,unknown,,unknown,0,0
0x00549fd0,FUN_00549fd0,2044,2,unknown,,unknown,0,0
0x0054a9b0,FUN_0054a9b0,456,12,unknown,,unknown,0,0
0x0054ab78,FUN_0054ab78,40,4,unknown,,unknown,0,0
0x0054aba0,FUN_0054aba0,124,10,unknown,,unknown,0,0
0x0054ac1c,FUN_0054ac1c,288,2,unknown,,unknown,0,0
0x0054ad3c,FUN_0054ad3c,236,2,unknown,,unknown,0,0
0x0054ae28,FUN_0054ae28,800,2,unknown,,unknown,0,0
0x0054b148,FUN_0054b148,396,1,unknown,,unknown,0,0
0x0054b2d4,FUN_0054b2d4,392,1,unknown,,unknown,0,0
0x0054b45c,FUN_0054b45c,96,1,unknown,,unknown,0,0
0x0054b844,FUN_0054b844,24,15,unknown,,unknown,0,0
0x0054b85c,FUN_0054b85c,80,12,unknown,,unknown,0,0
0x0054b8ac,FUN_0054b8ac,68,2,unknown,,unknown,0,0
0x0054b8f0,FUN_0054b8f0,132,8,unknown,,unknown,0,0
0x0054b974,FUN_0054b974,204,2,unknown,,unknown,0,0
0x0054ba40,FUN_0054ba40,148,3,unknown,,unknown,0,0
0x0054bad4,FUN_0054bad4,68,9,unknown,,unknown,0,0
0x0054bb18,FUN_0054bb18,516,2,unknown,,unknown,0,0
0x0054bd1c,FUN_0054bd1c,108,3,unknown,,unknown,0,0
0x0054bd88,FUN_0054bd88,212,1,unknown,,unknown,0,0
0x0054be5c,FUN_0054be5c,76,1,unknown,,unknown,0,0
0x0054bea8,FUN_0054bea8,384,1,unknown,,unknown,0,0
0x0054c028,FUN_0054c028,236,9,unknown,,unknown,0,0
0x0054c114,FUN_0054c114,64,3,unknown,,unknown,0,0
0x0054c154,FUN_0054c154,88,1,unknown,,unknown,0,0
0x0054c1ac,FUN_0054c1ac,188,2,unknown,,unknown,0,0
0x0054c268,FUN_0054c268,308,2,unknown,,unknown,0,0
0x0054c4c0,FUN_0054c4c0,108,3,unknown,,unknown,0,0
0x0054c52c,FUN_0054c52c,520,4,unknown,,unknown,0,0
0x0054c734,FUN_0054c734,972,2,unknown,,unknown,0,0
0x0054cb00,FUN_0054cb00,236,1,unknown,,unknown,0,0
0x0054cbec,FUN_0054cbec,132,1,unknown,,unknown,0,0
0x0054cc70,FUN_0054cc70,464,6,unknown,,unknown,0,0
0x0054ce40,FUN_0054ce40,460,5,unknown,,unknown,0,0
0x0054d00c,FUN_0054d00c,840,4,unknown,,unknown,0,0
0x0054da28,FUN_0054da28,204,1,unknown,,unknown,0,0
0x0054daf4,FUN_0054daf4,272,1,unknown,,unknown,0,0
0x0054dc04,FUN_0054dc04,432,1,unknown,,unknown,0,0
0x0054ddb4,FUN_0054ddb4,572,1,unknown,,unknown,0,0
0x0054e534,FUN_0054e534,8,3,unknown,,unknown,0,0
0x0054e53c,FUN_0054e53c,20,4,unknown,,unknown,0,0
0x0054e550,FUN_0054e550,20,1,unknown,,unknown,0,0
0x0054e594,FUN_0054e594,76,1,unknown,,unknown,0,0
0x0054e5e0,FUN_0054e5e0,152,5,unknown,,unknown,0,0
0x0054e680,FUN_0054e680,148,2,unknown,,unknown,0,0
0x0054e714,FUN_0054e714,16,1,unknown,,unknown,0,0
0x0054e724,FUN_0054e724,16,1,unknown,,unknown,0,0
0x0054e734,FUN_0054e734,32,1,unknown,,unknown,0,0
0x0054e754,FUN_0054e754,296,1,unknown,,unknown,0,0
0x0054e87c,FUN_0054e87c,28,2,unknown,,unknown,0,0
0x0054e898,FUN_0054e898,116,1,unknown,,unknown,0,0
0x0054e90c,FUN_0054e90c,24,1,unknown,,unknown,0,0
0x0054e924,FUN_0054e924,152,3,unknown,,unknown,0,0
0x0054e9bc,FUN_0054e9bc,92,3,unknown,,unknown,0,0
0x0054ea24,FUN_0054ea24,228,1,unknown,,unknown,0,0
0x0054ebfc,FUN_0054ebfc,176,3,unknown,,unknown,0,0
0x0054ef38,FUN_0054ef38,308,1,unknown,,unknown,0,0
0x0054f098,FUN_0054f098,188,2,unknown,,unknown,0,0
0x0054f2dc,FUN_0054f2dc,68,1,unknown,,unknown,0,0
0x0054f320,FUN_0054f320,140,1,unknown,,unknown,0,0
0x0054f3ac,FUN_0054f3ac,72,1,unknown,,unknown,0,0
0x0054f3f4,FUN_0054f3f4,72,2,unknown,,unknown,0,0
0x0054f43c,FUN_0054f43c,8,2,unknown,,unknown,0,0
0x0054f444,FUN_0054f444,40,1,unknown,,unknown,0,0
0x0054f4d8,FUN_0054f4d8,152,1,unknown,,unknown,0,0
0x0054f570,FUN_0054f570,36,1,unknown,,unknown,0,0
0x0054f650,FUN_0054f650,16,18,unknown,,unknown,0,0
0x0054f660,FUN_0054f660,24,36,unknown,,unknown,0,0
0x0054f678,FUN_0054f678,32,20,unknown,,unknown,0,0
0x0054f698,FUN_0054f698,44,37,unknown,,unknown,0,0
0x0054f734,FUN_0054f734,196,2,unknown,,unknown,0,0
0x0054f7f8,FUN_0054f7f8,56,7,unknown,,unknown,0,0
0x0054f830,FUN_0054f830,68,5,unknown,,unknown,0,0
0x0054fda8,FUN_0054fda8,356,1,unknown,,unknown,0,0
0x00550194,FUN_00550194,148,2,unknown,,unknown,0,0
0x005504fc,FUN_005504fc,292,2,unknown,,unknown,0,0
0x00550a9c,FUN_00550a9c,476,1,unknown,,unknown,0,0
0x00550c78,FUN_00550c78,304,1,unknown,,unknown,0,0
0x00550da8,FUN_00550da8,320,1,unknown,,unknown,0,0
0x00550ee8,FUN_00550ee8,308,1,unknown,,unknown,0,0
0x0055101c,FUN_0055101c,328,1,unknown,,unknown,0,0
0x00551164,FUN_00551164,352,1,unknown,,unknown,0,0
0x005512fc,FUN_005512fc,224,3,unknown,,unknown,0,0
0x005513dc,FUN_005513dc,200,2,unknown,,unknown,0,0
0x00551840,FUN_00551840,164,1,unknown,,unknown,0,0
0x005518e4,FUN_005518e4,328,3,unknown,,unknown,0,0
0x00551a4c,FUN_00551a4c,636,4,unknown,,unknown,0,0
0x00551cc8,FUN_00551cc8,556,8,unknown,,unknown,0,0
0x00551ef4,FUN_00551ef4,1676,7,unknown,,unknown,0,0
0x00552580,FUN_00552580,340,5,unknown,,unknown,0,0
0x005526d4,FUN_005526d4,532,8,unknown,,unknown,0,0
0x00552bf4,FUN_00552bf4,300,1,unknown,,unknown,0,0
0x00552e88,FUN_00552e88,516,2,unknown,,unknown,0,0
0x0055308c,FUN_0055308c,396,2,unknown,,unknown,0,0
0x005532f0,FUN_005532f0,292,2,unknown,,unknown,0,0
0x005543d0,FUN_005543d0,180,7,unknown,,unknown,0,0
0x005545ec,FUN_005545ec,264,14,unknown,,unknown,0,0
0x005546f4,FUN_005546f4,440,2,unknown,,unknown,0,0
0x00554a24,FUN_00554a24,168,1,unknown,,unknown,0,0
0x00554d3c,FUN_00554d3c,104,2,unknown,,unknown,0,0
0x00554da4,FUN_00554da4,76,1,unknown,,unknown,0,0
0x00554e24,FUN_00554e24,52,97,unknown,,unknown,0,0
0x00554e58,FUN_00554e58,8,2,unknown,,unknown,0,0
0x00554e60,FUN_00554e60,188,4,unknown,,unknown,0,0
0x00554f1c,FUN_00554f1c,60,5,unknown,,unknown,0,0
0x00554f58,FUN_00554f58,80,3,unknown,,unknown,0,0
0x00554fa8,FUN_00554fa8,104,4,unknown,,unknown,0,0
0x00555010,FUN_00555010,60,8,unknown,,unknown,0,0
0x0055504c,FUN_0055504c,60,14,unknown,,unknown,0,0
0x00555088,FUN_00555088,96,11,unknown,,unknown,0,0
0x005550e8,FUN_005550e8,100,12,unknown,,unknown,0,0
0x0055514c,FUN_0055514c,60,14,unknown,,unknown,0,0
0x00555188,FUN_00555188,96,100,unknown,,unknown,0,0
0x005551e8,FUN_005551e8,60,156,unknown,,unknown,0,0
0x005552a4,FUN_005552a4,44,75,unknown,,unknown,0,0
0x00555488,FUN_00555488,100,37,unknown,,unknown,0,0
0x005554ec,FUN_005554ec,44,459,unknown,,unknown,0,0
0x005555ec,FUN_005555ec,124,3,unknown,,unknown,0,0
0x00555790,FUN_00555790,88,2,unknown,,unknown,0,0
0x00555828,FUN_00555828,168,1,unknown,,unknown,0,0
0x00555910,FUN_00555910,248,1,unknown,,unknown,0,0
0x00555a08,FUN_00555a08,132,1,unknown,,unknown,0,0
0x00555a8c,FUN_00555a8c,344,2,unknown,,unknown,0,0
0x00555be4,FUN_00555be4,196,4,unknown,,unknown,0,0
0x00555ca8,FUN_00555ca8,160,3,unknown,,unknown,0,0
0x00555d48,FUN_00555d48,180,2,unknown,,unknown,0,0
0x00555ec4,FUN_00555ec4,112,16,unknown,,unknown,0,0
0x00555f34,FUN_00555f34,48,8,unknown,,unknown,0,0
0x0055625c,FUN_0055625c,56,23,unknown,,unknown,0,0
0x00556294,FUN_00556294,76,1,unknown,,unknown,0,0
0x005562e0,FUN_005562e0,36,28,unknown,,unknown,0,0
0x00556304,FUN_00556304,36,22,unknown,,unknown,0,0
0x00556328,FUN_00556328,196,9,unknown,,unknown,0,0
0x0055648c,FUN_0055648c,124,3,unknown,,unknown,0,0
0x00556508,FUN_00556508,224,1,unknown,,unknown,0,0
0x005565e8,FUN_005565e8,248,1,unknown,,unknown,0,0
0x005566e0,FUN_005566e0,256,1,unknown,,unknown,0,0
0x005567e0,FUN_005567e0,288,1,unknown,,unknown,0,0
0x00556968,FUN_00556968,612,1,unknown,,unknown,0,0
0x00556bcc,FUN_00556bcc,444,1,unknown,,unknown,0,0
0x00556d88,FUN_00556d88,220,1,unknown,,unknown,0,0
0x00556e64,FUN_00556e64,220,1,unknown,,unknown,0,0
0x00557370,FUN_00557370,420,3,unknown,,unknown,0,0
0x00557554,FUN_00557554,72,5,unknown,,unknown,0,0
0x0055759c,FUN_0055759c,168,2,unknown,,unknown,0,0
0x00557644,FUN_00557644,168,10,unknown,,unknown,0,0
0x005576ec,FUN_005576ec,212,4,unknown,,unknown,0,0
0x005577c0,FUN_005577c0,244,5,unknown,,unknown,0,0
0x005578b4,FUN_005578b4,212,3,unknown,,unknown,0,0
0x00557ca4,FUN_00557ca4,100,16,unknown,,unknown,0,0
0x00557d08,FUN_00557d08,144,5,unknown,,unknown,0,0
0x00557d98,FUN_00557d98,108,8,unknown,,unknown,0,0
0x00557e04,FUN_00557e04,124,6,unknown,,unknown,0,0
0x00557e80,FUN_00557e80,124,2,unknown,,unknown,0,0
0x00557efc,FUN_00557efc,284,2,unknown,,unknown,0,0
0x00558018,FUN_00558018,236,3,unknown,,unknown,0,0
0x00558104,FUN_00558104,252,2,unknown,,unknown,0,0
0x005590e0,FUN_005590e0,212,1,unknown,,unknown,0,0
0x00559b38,FUN_00559b38,168,2,unknown,,unknown,0,0
0x00559be0,FUN_00559be0,160,1,unknown,,unknown,0,0
0x00559c80,FUN_00559c80,160,2,unknown,,unknown,0,0
0x00559d20,FUN_00559d20,180,1,unknown,,unknown,0,0
0x00559dd4,FUN_00559dd4,640,1,unknown,,unknown,0,0
0x0055a464,FUN_0055a464,752,7,unknown,,unknown,0,0
0x0055a754,FUN_0055a754,408,5,unknown,,unknown,0,0
0x0055a8ec,FUN_0055a8ec,416,3,unknown,,unknown,0,0
0x0055aa8c,FUN_0055aa8c,520,2,unknown,,unknown,0,0
0x0055ac94,FUN_0055ac94,1560,2,unknown,,unknown,0,0
0x0055b2ac,FUN_0055b2ac,2040,2,unknown,,unknown,0,0
0x0055baa4,FUN_0055baa4,416,7,unknown,,unknown,0,0
0x0055bc44,FUN_0055bc44,324,1,unknown,,unknown,0,0
0x0055bd88,FUN_0055bd88,1072,3,unknown,,unknown,0,0
0x0055d418,FUN_0055d418,540,2,unknown,,unknown,0,0
0x0055d634,FUN_0055d634,368,1,unknown,,unknown,0,0
0x0055d7a4,FUN_0055d7a4,388,1,unknown,,unknown,0,0
0x0055d928,FUN_0055d928,244,1,unknown,,unknown,0,0
0x0055da1c,FUN_0055da1c,1028,1,unknown,,unknown,0,0
0x0055e590,FUN_0055e590,76,27,unknown,,unknown,0,0
0x0055e5dc,FUN_0055e5dc,388,2,unknown,,unknown,0,0
0x0055e760,FUN_0055e760,388,1,unknown,,unknown,0,0
0x0055e8e4,FUN_0055e8e4,396,1,unknown,,unknown,0,0
0x0055ea70,FUN_0055ea70,388,1,unknown,,unknown,0,0
0x0055ebf4,FUN_0055ebf4,404,1,unknown,,unknown,0,0
0x0055f370,FUN_0055f370,564,1,unknown,,unknown,0,0
0x0055f5a4,FUN_0055f5a4,300,1,unknown,,unknown,0,0
0x0055f6d0,FUN_0055f6d0,308,1,unknown,,unknown,0,0
0x0055f804,FUN_0055f804,300,1,unknown,,unknown,0,0
0x0055f930,FUN_0055f930,300,1,unknown,,unknown,0,0
0x0056041c,FUN_0056041c,128,11,unknown,,unknown,0,0
0x0056049c,FUN_0056049c,100,5,unknown,,unknown,0,0
0x00560500,FUN_00560500,68,16,unknown,,unknown,0,0
0x00560544,FUN_00560544,1572,1,unknown,,unknown,0,0
0x00560b68,FUN_00560b68,312,3,unknown,,unknown,0,0
0x00560ca0,FUN_00560ca0,2680,1,unknown,,unknown,0,0
0x00561718,FUN_00561718,128,3,unknown,,unknown,0,0
0x00561798,FUN_00561798,832,11,unknown,,unknown,0,0
0x00561ad8,FUN_00561ad8,8320,1,unknown,,unknown,0,0
0x00563b58,FUN_00563b58,2836,1,unknown,,unknown,0,0
0x0056466c,FUN_0056466c,1416,1,unknown,,unknown,0,0
0x005651e8,FUN_005651e8,5828,1,unknown,,unknown,0,0
0x0056c828,FUN_0056c828,116,5,unknown,,unknown,0,0
0x0056c89c,FUN_0056c89c,188,2,unknown,,unknown,0,0
0x0056c958,FUN_0056c958,188,14,unknown,,unknown,0,0
0x0056ca14,FUN_0056ca14,188,7,unknown,,unknown,0,0
0x0056cad0,FUN_0056cad0,188,6,unknown,,unknown,0,0
0x0056cb8c,FUN_0056cb8c,260,1,unknown,,unknown,0,0
0x0056cc90,FUN_0056cc90,260,1,unknown,,unknown,0,0
0x0056cd94,FUN_0056cd94,260,1,unknown,,unknown,0,0
0x0056ce98,FUN_0056ce98,260,1,unknown,,unknown,0,0
0x0056cf9c,FUN_0056cf9c,420,1,unknown,,unknown,0,0
0x0056d140,FUN_0056d140,628,4,unknown,,unknown,0,0
0x0056d3b4,FUN_0056d3b4,780,4,unknown,,unknown,0,0
0x0056d6c0,FUN_0056d6c0,1208,3,unknown,,unknown,0,0
0x0056db78,FUN_0056db78,1144,2,unknown,,unknown,0,0
0x0056dff0,FUN_0056dff0,680,1,unknown,,unknown,0,0
0x0056e298,FUN_0056e298,584,1,unknown,,unknown,0,0
0x0056e4e0,FUN_0056e4e0,476,1,unknown,,unknown,0,0
0x0056e6bc,FUN_0056e6bc,500,2,unknown,,unknown,0,0
0x0056e8b0,FUN_0056e8b0,2376,1,unknown,,unknown,0,0
0x0056f1f8,FUN_0056f1f8,932,4,unknown,,unknown,0,0
0x0056f59c,FUN_0056f59c,348,4,unknown,,unknown,0,0
0x0056f6f8,FUN_0056f6f8,1472,2,unknown,,unknown,0,0
0x0056fcb8,FUN_0056fcb8,2356,1,unknown,,unknown,0,0
0x005705ec,FUN_005705ec,512,1,unknown,,unknown,0,0
0x005707ec,FUN_005707ec,2032,1,unknown,,unknown,0,0
0x00570fdc,FUN_00570fdc,1940,1,unknown,,unknown,0,0
0x00571770,FUN_00571770,3076,6,unknown,,unknown,0,0
0x00572374,FUN_00572374,3076,6,unknown,,unknown,0,0
0x00572f78,FUN_00572f78,2032,2,unknown,,unknown,0,0
0x00573768,FUN_00573768,1688,1,unknown,,unknown,0,0
0x00573e00,FUN_00573e00,608,1,unknown,,unknown,0,0
0x00574060,FUN_00574060,228,1,unknown,,unknown,0,0
0x005755e4,FUN_005755e4,244,1,unknown,,unknown,0,0
0x005756d8,FUN_005756d8,548,2,unknown,,unknown,0,0
0x005758fc,FUN_005758fc,128,1,unknown,,unknown,0,0
0x0057597c,FUN_0057597c,180,2,unknown,,unknown,0,0
0x00575d18,FUN_00575d18,228,1,unknown,,unknown,0,0
0x00575e30,FUN_00575e30,96,13,unknown,,unknown,0,0
0x00575e90,FUN_00575e90,440,3,unknown,,unknown,0,0
0x00576048,FUN_00576048,96,9,unknown,,unknown,0,0
0x005760a8,FUN_005760a8,432,2,unknown,,unknown,0,0
0x00576258,FUN_00576258,4504,1,unknown,,unknown,0,0
0x005773f0,FUN_005773f0,2688,1,unknown,,unknown,0,0
0x00577e70,FUN_00577e70,224,8,unknown,,unknown,0,0
0x00577f50,FUN_00577f50,4648,1,unknown,,unknown,0,0
0x005794d4,FUN_005794d4,792,1,unknown,,unknown,0,0
0x005797ec,FUN_005797ec,3628,1,unknown,,unknown,0,0
0x0057a618,FUN_0057a618,436,1,unknown,,unknown,0,0
0x0057a7cc,FUN_0057a7cc,364,1,unknown,,unknown,0,0
0x0057a938,FUN_0057a938,1992,1,unknown,,unknown,0,0
0x0057b100,FUN_0057b100,472,2,unknown,,unknown,0,0
0x0057b2d8,FUN_0057b2d8,3324,1,unknown,,unknown,0,0
0x0057bfd4,FUN_0057bfd4,108,5,unknown,,unknown,0,0
0x0057c040,FUN_0057c040,1308,4,unknown,,unknown,0,0
0x0057c55c,FUN_0057c55c,4004,2,unknown,,unknown,0,0
0x0057d500,FUN_0057d500,3100,2,unknown,,unknown,0,0
0x0057e11c,FUN_0057e11c,1172,2,unknown,,unknown,0,0
0x0057e5b0,FUN_0057e5b0,3880,5,unknown,,unknown,0,0
0x0057fa0c,FUN_0057fa0c,4540,1,unknown,,unknown,0,0
0x00580bc8,FUN_00580bc8,1148,1,unknown,,unknown,0,0
0x00581044,FUN_00581044,1176,3,unknown,,unknown,0,0
0x005814dc,FUN_005814dc,1824,1,unknown,,unknown,0,0
0x00581bfc,FUN_00581bfc,356,1,unknown,,unknown,0,0
0x00581d60,FUN_00581d60,944,1,unknown,,unknown,0,0
0x00582110,FUN_00582110,752,1,unknown,,unknown,0,0
0x00582400,FUN_00582400,548,2,unknown,,unknown,0,0
0x00582624,FUN_00582624,608,1,unknown,,unknown,0,0
0x00582c24,FUN_00582c24,1348,1,unknown,,unknown,0,0
0x005831dc,FUN_005831dc,920,6,unknown,,unknown,0,0
0x00583574,FUN_00583574,912,2,unknown,,unknown,0,0
0x00583904,FUN_00583904,3012,1,unknown,,unknown,0,0
0x005844c8,FUN_005844c8,692,1,unknown,,unknown,0,0
0x00584bfc,FUN_00584bfc,160,9,unknown,,unknown,0,0
0x00584c9c,FUN_00584c9c,228,2,unknown,,unknown,0,0
0x00584d80,FUN_00584d80,116,7,unknown,,unknown,0,0
0x00584df4,FUN_00584df4,376,1,unknown,,unknown,0,0
0x00584f6c,FUN_00584f6c,180,3,unknown,,unknown,0,0
0x00585020,FUN_00585020,424,11,unknown,,unknown,0,0
0x005851c8,FUN_005851c8,492,3,unknown,,unknown,0,0
0x005853b4,FUN_005853b4,392,1,unknown,,unknown,0,0
0x0058553c,FUN_0058553c,196,3,unknown,,unknown,0,0
0x00585600,FUN_00585600,712,6,unknown,,unknown,0,0
0x005858c8,FUN_005858c8,684,1,unknown,,unknown,0,0
0x00585b74,FUN_00585b74,264,2,unknown,,unknown,0,0
0x00585c7c,FUN_00585c7c,376,3,unknown,,unknown,0,0
0x00585df4,FUN_00585df4,780,1,unknown,,unknown,0,0
0x00586100,FUN_00586100,408,6,unknown,,unknown,0,0
0x00586298,FUN_00586298,344,3,unknown,,unknown,0,0
0x00586514,FUN_00586514,312,2,unknown,,unknown,0,0
0x0058664c,FUN_0058664c,748,4,unknown,,unknown,0,0
0x00586938,FUN_00586938,2924,2,unknown,,unknown,0,0
0x005875a0,FUN_005875a0,320,1,unknown,,unknown,0,0
0x005876e0,FUN_005876e0,376,1,unknown,,unknown,0,0
0x00587858,FUN_00587858,276,1,unknown,,unknown,0,0
0x0058796c,FUN_0058796c,672,1,unknown,,unknown,0,0
0x00587c0c,FUN_00587c0c,184,1,unknown,,unknown,0,0
0x00587cc4,FUN_00587cc4,760,1,unknown,,unknown,0,0
0x00587fbc,FUN_00587fbc,300,1,unknown,,unknown,0,0
0x005880e8,FUN_005880e8,800,2,unknown,,unknown,0,0
0x00589638,FUN_00589638,436,1,unknown,,unknown,0,0
0x0058a194,FUN_0058a194,144,1,unknown,,unknown,0,0
0x0058a224,FUN_0058a224,288,13,unknown,,unknown,0,0
0x0058a344,FUN_0058a344,80,5,unknown,,unknown,0,0
0x0058a394,FUN_0058a394,176,24,unknown,,unknown,0,0
0x0058a444,FUN_0058a444,352,1,unknown,,unknown,0,0
0x0058a5a4,FUN_0058a5a4,320,1,unknown,,unknown,0,0
0x0058a6e4,FUN_0058a6e4,372,2,unknown,,unknown,0,0
0x0058a858,FUN_0058a858,640,1,unknown,,unknown,0,0
0x0058aad8,FUN_0058aad8,1468,2,unknown,,unknown,0,0
0x0058b094,FUN_0058b094,264,2,unknown,,unknown,0,0
0x0058b19c,FUN_0058b19c,384,1,unknown,,unknown,0,0
0x0058b31c,FUN_0058b31c,748,1,unknown,,unknown,0,0
0x0058b9e8,FUN_0058b9e8,116,2,unknown,,unknown,0,0
0x0058ba5c,FUN_0058ba5c,188,1,unknown,,unknown,0,0
0x0058bb18,FUN_0058bb18,136,4,unknown,,unknown,0,0
0x0058bbf0,FUN_0058bbf0,1744,2,unknown,,unknown,0,0
0x0058c378,FUN_0058c378,488,13,unknown,,unknown,0,0
0x0058c560,FUN_0058c560,448,10,unknown,,unknown,0,0
0x0058c720,FUN_0058c720,200,4,unknown,,unknown,0,0
0x0058c7e8,FUN_0058c7e8,700,9,unknown,,unknown,0,0
0x0058caa4,FUN_0058caa4,208,1,unknown,,unknown,0,0
0x0058cb74,FUN_0058cb74,364,1,unknown,,unknown,0,0
0x0058cce0,FUN_0058cce0,300,1,unknown,,unknown,0,0
0x0058ce0c,FUN_0058ce0c,176,1,unknown,,unknown,0,0
0x0058cebc,FUN_0058cebc,236,1,unknown,,unknown,0,0
0x0058cfa8,FUN_0058cfa8,196,1,unknown,,unknown,0,0
0x0058d06c,FUN_0058d06c,280,1,unknown,,unknown,0,0
0x0058d184,FUN_0058d184,272,2,unknown,,unknown,0,0
0x0058d294,FUN_0058d294,620,12,unknown,,unknown,0,0
0x0058d500,FUN_0058d500,2348,2,unknown,,unknown,0,0
0x0058de2c,FUN_0058de2c,1920,1,unknown,,unknown,0,0
0x0058eb0c,FUN_0058eb0c,504,2,unknown,,unknown,0,0
0x0058ed04,FUN_0058ed04,412,1,unknown,,unknown,0,0
0x0058eea0,FUN_0058eea0,484,4,unknown,,unknown,0,0
0x0058f084,FUN_0058f084,1476,1,unknown,,unknown,0,0
0x0058f648,FUN_0058f648,1120,1,unknown,,unknown,0,0
0x0058faa8,FUN_0058faa8,560,1,unknown,,unknown,0,0
0x0058fcd8,FUN_0058fcd8,812,2,unknown,,unknown,0,0
0x00590004,FUN_00590004,1396,3,unknown,,unknown,0,0
0x00590578,FUN_00590578,724,2,unknown,,unknown,0,0
0x0059084c,FUN_0059084c,192,2,unknown,,unknown,0,0
0x0059090c,FUN_0059090c,936,2,unknown,,unknown,0,0
0x00590cb4,FUN_00590cb4,952,2,unknown,,unknown,0,0
0x00591720,FUN_00591720,1144,1,unknown,,unknown,0,0
0x00591b98,FUN_00591b98,844,1,unknown,,unknown,0,0
0x00591ee4,FUN_00591ee4,672,2,unknown,,unknown,0,0
0x00592418,FUN_00592418,404,1,unknown,,unknown,0,0
0x005925ac,FUN_005925ac,5888,2,unknown,,unknown,0,0
0x00593cac,FUN_00593cac,1040,1,unknown,,unknown,0,0
0x005940bc,FUN_005940bc,1404,1,unknown,,unknown,0,0
0x00594638,FUN_00594638,604,1,unknown,,unknown,0,0
0x00594bf0,FUN_00594bf0,568,1,unknown,,unknown,0,0
0x00594e28,FUN_00594e28,332,1,unknown,,unknown,0,0
0x00594f74,FUN_00594f74,520,1,unknown,,unknown,0,0
0x00596998,FUN_00596998,532,1,unknown,,unknown,0,0
0x00596bac,FUN_00596bac,2156,1,unknown,,unknown,0,0
0x00597418,FUN_00597418,7908,1,unknown,,unknown,0,0
0x005992fc,FUN_005992fc,560,1,unknown,,unknown,0,0
0x0059952c,FUN_0059952c,196,1,unknown,,unknown,0,0
0x005995f0,FUN_005995f0,240,1,unknown,,unknown,0,0
0x005996e0,FUN_005996e0,352,1,unknown,,unknown,0,0
0x005998e8,FUN_005998e8,60,1,unknown,,unknown,0,0
0x00599df8,FUN_00599df8,256,1,unknown,,unknown,0,0
0x00599ef8,FUN_00599ef8,20,6,unknown,,unknown,0,0
0x00599f0c,FUN_00599f0c,112,3,unknown,,unknown,0,0
0x00599f7c,FUN_00599f7c,52,1,unknown,,unknown,0,0
0x0059a108,FUN_0059a108,48,1,unknown,,unknown,0,0
0x0059a15c,FUN_0059a15c,88,4,unknown,,unknown,0,0
0x0059a1b4,FUN_0059a1b4,80,1,unknown,,unknown,0,0
0x0059a204,FUN_0059a204,92,1,unknown,,unknown,0,0
0x0059a6c8,FUN_0059a6c8,192,1,unknown,,unknown,0,0
0x0059aaf0,FUN_0059aaf0,120,1,unknown,,unknown,0,0
0x0059ab68,FUN_0059ab68,92,1,unknown,,unknown,0,0
0x0059af48,FUN_0059af48,60,1,unknown,,unknown,0,0
0x0059b140,FUN_0059b140,92,1,unknown,,unknown,0,0
0x0059b19c,FUN_0059b19c,32,11,unknown,,unknown,0,0
0x0059b1bc,FUN_0059b1bc,364,17,unknown,,unknown,0,0
0x0059b328,FUN_0059b328,224,2,unknown,,unknown,0,0
0x0059b558,FUN_0059b558,176,1,unknown,,unknown,0,0
0x0059b608,FUN_0059b608,44,4,unknown,,unknown,0,0
0x0059b778,FUN_0059b778,192,1,unknown,,unknown,0,0
0x0059bd68,FUN_0059bd68,248,1,unknown,,unknown,0,0
0x0059be60,FUN_0059be60,480,1,unknown,,unknown,0,0
0x0059c040,FUN_0059c040,236,2,unknown,,unknown,0,0
0x0059c210,FUN_0059c210,76,1,unknown,,unknown,0,0
0x0059c25c,FUN_0059c25c,76,1,unknown,,unknown,0,0
0x0059c4a8,FUN_0059c4a8,276,3,unknown,,unknown,0,0
0x0059c5bc,FUN_0059c5bc,108,2,unknown,,unknown,0,0
0x0059c628,FUN_0059c628,260,1,unknown,,unknown,0,0
0x0059c72c,FUN_0059c72c,236,2,unknown,,unknown,0,0
0x0059c818,FUN_0059c818,240,2,unknown,,unknown,0,0
0x0059d9b8,FUN_0059d9b8,20,1,unknown,,unknown,0,0
0x0059d9cc,FUN_0059d9cc,36,1,unknown,,unknown,0,0
0x0059d9f0,FUN_0059d9f0,20,1,unknown,,unknown,0,0
0x0059da04,FUN_0059da04,60,2,unknown,,unknown,0,0
0x0059da40,FUN_0059da40,180,8,unknown,,unknown,0,0
0x0059db0c,FUN_0059db0c,24,13,unknown,,unknown,0,0
0x0059db24,FUN_0059db24,24,2,unknown,,unknown,0,0
0x0059db3c,FUN_0059db3c,140,1,unknown,,unknown,0,0
0x0059dbc8,FUN_0059dbc8,112,1,unknown,,unknown,0,0
0x0059dcb4,FUN_0059dcb4,188,1,unknown,,unknown,0,0
0x0059dd70,FUN_0059dd70,184,2,unknown,,unknown,0,0
0x0059e4b8,FUN_0059e4b8,92,1,unknown,,unknown,0,0
0x0059e798,FUN_0059e798,92,1,unknown,,unknown,0,0
0x0059e9c8,FUN_0059e9c8,136,1,unknown,,unknown,0,0
0x0059ea50,FUN_0059ea50,184,2,unknown,,unknown,0,0
0x0059eb08,FUN_0059eb08,244,1,unknown,,unknown,0,0
0x0059ebfc,FUN_0059ebfc,108,1,unknown,,unknown,0,0
0x0059ec68,FUN_0059ec68,96,1,unknown,,unknown,0,0
0x0059ecc8,FUN_0059ecc8,44,1,unknown,,unknown,0,0
0x0059ecf4,FUN_0059ecf4,180,3,unknown,,unknown,0,0
0x0059eda8,FUN_0059eda8,112,1,unknown,,unknown,0,0
0x0059ee18,FUN_0059ee18,52,1,unknown,,unknown,0,0
0x0059ee4c,FUN_0059ee4c,28,1,unknown,,unknown,0,0
0x0059ee68,FUN_0059ee68,188,34,unknown,,unknown,0,0
0x0059ef24,FUN_0059ef24,648,1,unknown,,unknown,0,0
0x0059f1ac,FUN_0059f1ac,12,1,unknown,,unknown,0,0
0x0059f494,FUN_0059f494,28,3,unknown,,unknown,0,0
0x0059f4b0,FUN_0059f4b0,64,5,unknown,,unknown,0,0
0x0059f4f0,FUN_0059f4f0,24,7,unknown,,unknown,0,0
0x0059f508,FUN_0059f508,64,2,unknown,,unknown,0,0
0x0059f548,FUN_0059f548,64,2,unknown,,unknown,0,0
0x0059f588,FUN_0059f588,80,2,unknown,,unknown,0,0
0x0059f5d8,FUN_0059f5d8,52,7,unknown,,unknown,0,0
0x0059f60c,FUN_0059f60c,152,5,unknown,,unknown,0,0
0x0059fc94,FUN_0059fc94,204,1,unknown,,unknown,0,0
0x005a008c,FUN_005a008c,144,2,vxworks,,region,1,0
0x005a011c,FUN_005a011c,148,2,vxworks,,region,1,0
0x005a0318,FUN_005a0318,644,1,vxworks,,region,1,0
0x005a059c,FUN_005a059c,144,1,vxworks,,region,1,0
0x005a08b0,FUN_005a08b0,96,30,vxworks,,region,1,0
0x005a0910,FUN_005a0910,308,3,vxworks,,region,1,0
0x005a0a44,FUN_005a0a44,164,13,vxworks,,region,1,0
0x005a0ae8,FUN_005a0ae8,44,55,vxworks,,region,1,0
0x005a0b14,FUN_005a0b14,44,20,vxworks,,region,1,0
0x005a0b40,FUN_005a0b40,376,8,vxworks,,region,1,0
0x005a0cb8,FUN_005a0cb8,188,1,vxworks,,region,1,0
0x005a0ef0,FUN_005a0ef0,160,5,vxworks,,region,1,0
0x005a0f90,FUN_005a0f90,12,7,vxworks,,region,1,0
0x005a0f9c,FUN_005a0f9c,60,1,vxworks,,region,1,0
0x005a1180,FUN_005a1180,172,1,vxworks,,region,1,0
0x005a1320,FUN_005a1320,64,1,vxworks,,region,1,0
0x005a153c,FUN_005a153c,108,1,vxworks,,region,1,0
0x005a15a8,FUN_005a15a8,184,6,vxworks,,region,1,0
0x005a1660,FUN_005a1660,124,3,vxworks,,region,1,0
0x005a16dc,FUN_005a16dc,296,1,vxworks,,region,1,0
0x005a1adc,FUN_005a1adc,316,1,vxworks,,region,1,0
0x005a1c18,FUN_005a1c18,552,7,vxworks,,region,1,0
0x005a2a28,FUN_005a2a28,584,1,vxworks,,region,1,0
0x005a2ee4,FUN_005a2ee4,104,1,vxworks,,region,1,0
0x005a3164,FUN_005a3164,80,1,vxworks,,region,1,0
0x005a31b4,FUN_005a31b4,160,1,vxworks,,region,1,0
0x005a37d4,FUN_005a37d4,76,1,vxworks,,region,1,0
0x005a3820,FUN_005a3820,68,1,vxworks,,region,1,0
0x005a3864,FUN_005a3864,168,1,vxworks,,region,1,0
0x005a39a4,FUN_005a39a4,36,1,vxworks,,region,1,0
0x005a39c8,FUN_005a39c8,96,2,vxworks,,region,1,0
0x005a3a28,FUN_005a3a28,116,3,vxworks,,region,1,0
0x005a3a9c,FUN_005a3a9c,320,2,vxworks,,region,1,0
0x005a3bdc,FUN_005a3bdc,200,7,vxworks,,region,1,0
0x005a3ca4,FUN_005a3ca4,792,1,vxworks,,region,1,0
0x005a3fbc,FUN_005a3fbc,900,1,vxworks,,region,1,0
0x005a4340,FUN_005a4340,248,6,vxworks,,region,1,0
0x005a4438,FUN_005a4438,1016,1,vxworks,,region,1,0
0x005a4830,FUN_005a4830,932,1,vxworks,,region,1,0
0x005a4bd4,FUN_005a4bd4,80,1,vxworks,,region,1,0
0x005a4c24,FUN_005a4c24,88,1,vxworks,,region,1,0
0x005a4c7c,FUN_005a4c7c,172,1,vxworks,,region,1,0
0x005a525c,FUN_005a525c,1240,2,vxworks,,region,1,0
0x005a585c,FUN_005a585c,124,5,vxworks,,region,1,0
0x005a58d8,FUN_005a58d8,1048,1,vxworks,,region,1,0
0x005a61cc,FUN_005a61cc,52,2,vxworks,,region,1,0
0x005a63e4,FUN_005a63e4,188,3,vxworks,,region,1,0
0x005a64a0,FUN_005a64a0,168,1,vxworks,,region,1,0
0x005a6548,FUN_005a6548,384,1,vxworks,,region,1,0
0x005a66c8,FUN_005a66c8,152,2,vxworks,,region,1,0
0x005a6aa4,FUN_005a6aa4,144,1,vxworks,,region,1,0
0x005a7010,FUN_005a7010,148,2,vxworks,,region,1,0
0x005a70a4,FUN_005a70a4,480,2,vxworks,,region,1,0
0x005a7284,FUN_005a7284,84,1,vxworks,,region,1,0
0x005a73b4,FUN_005a73b4,1156,2,vxworks,,region,1,0
0x005a7838,FUN_005a7838,668,4,vxworks,,region,1,0
0x005a7e04,FUN_005a7e04,300,2,vxworks,,region,1,0
0x005a7f30,FUN_005a7f30,632,1,vxworks,,region,1,0
0x005a81a8,FUN_005a81a8,12,2,vxworks,,region,1,0
0x005a81b4,FUN_005a81b4,152,1,vxworks,,region,1,0
0x005a83ec,FUN_005a83ec,24,1,vxworks,,region,1,0
0x005a8404,FUN_005a8404,528,10,vxworks,,region,1,0
0x005a8614,FUN_005a8614,312,3,vxworks,,region,1,0
0x005a874c,FUN_005a874c,880,3,vxworks,,region,1,0
0x005a8b14,FUN_005a8b14,76,11,vxworks,,region,1,0
0x005a8e48,FUN_005a8e48,412,2,vxworks,,region,1,0
0x005a8fe4,FUN_005a8fe4,176,2,vxworks,,region,1,0
0x005a9094,FUN_005a9094,152,11,vxworks,,region,1,0
0x005a912c,FUN_005a912c,600,2,vxworks,,region,1,0
0x005a9384,FUN_005a9384,88,8,vxworks,,region,1,0
0x005a93dc,FUN_005a93dc,472,3,vxworks,,region,1,0
0x005a95b4,FUN_005a95b4,1192,11,vxworks,,region,1,0
0x005a9a5c,FUN_005a9a5c,456,2,vxworks,,region,1,0
0x005a9c70,FUN_005a9c70,112,1,vxworks,,region,1,0
0x005a9e0c,FUN_005a9e0c,172,2,vxworks,,region,1,0
0x005aa0b4,FUN_005aa0b4,1592,15,vxworks,,region,1,0
0x005aa6ec,FUN_005aa6ec,20,1,vxworks,,region,1,0
0x005aa814,FUN_005aa814,60,1,vxworks,,region,1,0
0x005aaf5c,FUN_005aaf5c,1028,3,vxworks,,region,1,0
0x005ab360,FUN_005ab360,412,69,vxworks,,region,1,0
0x005ab4fc,FUN_005ab4fc,140,2,vxworks,,region,1,0
0x005ab588,FUN_005ab588,136,13,vxworks,,region,1,0
0x005ab888,FUN_005ab888,460,1,vxworks,,region,1,0
0x005abb7c,FUN_005abb7c,412,9,vxworks,,region,1,0
0x005abd18,FUN_005abd18,80,1,vxworks,,region,1,0
0x005abd68,FUN_005abd68,160,2,vxworks,,region,1,0
0x005ac33c,FUN_005ac33c,24,1,vxworks,,region,1,0
0x005ac354,FUN_005ac354,440,3,vxworks,,region,1,0
0x005ac50c,FUN_005ac50c,84,181,vxworks,,region,1,0
0x005ac560,FUN_005ac560,84,12,vxworks,,region,1,0
0x005ac874,FUN_005ac874,376,3,vxworks,,region,1,0
0x005ac9ec,FUN_005ac9ec,620,1,vxworks,,region,1,0
0x005acc58,FUN_005acc58,156,1,vxworks,,region,1,0
0x005accf4,FUN_005accf4,404,686,vxworks,,region,1,0
0x005ace88,FUN_005ace88,504,3,vxworks,,region,1,0
0x005ad080,FUN_005ad080,132,1,vxworks,,region,1,0
0x005ad104,FUN_005ad104,416,874,vxworks,,region,1,0
0x005ad2a4,FUN_005ad2a4,132,1,vxworks,,region,1,0
0x005ad328,FUN_005ad328,420,11,vxworks,,region,1,0
0x005ad55c,FUN_005ad55c,220,4,vxworks,,region,1,0
0x005ad830,FUN_005ad830,396,78,vxworks,,region,1,0
0x005ad9bc,FUN_005ad9bc,84,1,vxworks,,region,1,0
0x005ada10,FUN_005ada10,132,18,vxworks,,region,1,0
0x005adadc,FUN_005adadc,68,4,vxworks,,region,1,0
0x005adb20,FUN_005adb20,1036,22,vxworks,,region,1,0
0x005ae01c,FUN_005ae01c,1216,1,vxworks,,region,1,0
0x005ae4dc,FUN_005ae4dc,360,1,vxworks,,region,1,0
0x005ae644,FUN_005ae644,396,14,vxworks,,region,1,0
0x005ae7d0,FUN_005ae7d0,20,1,vxworks,,region,1,0
0x005ae888,FUN_005ae888,104,6,vxworks,,region,1,0
0x005ae8f0,FUN_005ae8f0,12,7,vxworks,,region,1,0
0x005ae908,FUN_005ae908,20,1,vxworks,,region,1,0
0x005af0ac,FUN_005af0ac,40,1,vxworks,,region,1,0
0x005af0d4,FUN_005af0d4,584,2,vxworks,,region,1,0
0x005af31c,FUN_005af31c,868,2,vxworks,,region,1,0
0x005af680,FUN_005af680,188,3,vxworks,,region,1,0
0x005af79c,FUN_005af79c,124,100,vxworks,,region,1,0
0x005af818,FUN_005af818,1560,1,vxworks,,region,1,0
0x005afe30,FUN_005afe30,1776,4,vxworks,,region,1,0
0x005b0520,FUN_005b0520,128,9,vxworks,,region,1,0
0x005b05a0,FUN_005b05a0,16,61,vxworks,,region,1,0
0x005b05b0,FUN_005b05b0,16,2,vxworks,,region,1,0
0x005b05c0,FUN_005b05c0,16,1,vxworks,,region,1,0
0x005b0628,FUN_005b0628,212,3,vxworks,,region,1,0
0x005b0744,FUN_005b0744,12,1,vxworks,,region,1,0
0x005b0750,FUN_005b0750,124,7,vxworks,,region,1,0
0x005b07cc,FUN_005b07cc,80,5,vxworks,,region,1,0
0x005b081c,FUN_005b081c,68,20,vxworks,,region,1,0
0x005b0860,FUN_005b0860,76,18,vxworks,,region,1,0
0x005b08ac,FUN_005b08ac,40,4,vxworks,,region,1,0
0x005b08d4,FUN_005b08d4,64,1,vxworks,,region,1,0
0x005b0914,FUN_005b0914,64,3,vxworks,,region,1,0
0x005b0954,FUN_005b0954,64,4,vxworks,,region,1,0
0x005b0994,FUN_005b0994,64,1,vxworks,,region,1,0
0x005b09d4,FUN_005b09d4,84,6,vxworks,,region,1,0
0x005b0a28,FUN_005b0a28,88,2,vxworks,,region,1,0
0x005b0a84,FUN_005b0a84,276,1,vxworks,,region,1,0
0x005b0b98,FUN_005b0b98,1116,21,vxworks,,region,1,0
0x005b0ff4,FUN_005b0ff4,440,3,vxworks,,region,1,0
0x005b11b0,FUN_005b11b0,508,2,vxworks,,region,1,0
0x005b13ac,FUN_005b13ac,8,3,vxworks,,region,1,0
0x005b13b4,FUN_005b13b4,8,4,vxworks,,region,1,0
0x005b13bc,FUN_005b13bc,476,2,vxworks,,region,1,0
0x005b1598,FUN_005b1598,568,23,vxworks,,region,1,0
0x005b17d0,FUN_005b17d0,196,44,vxworks,,region,1,0
0x005b1894,FUN_005b1894,412,146,vxworks,,region,1,0
0x005b1a30,FUN_005b1a30,344,5,vxworks,,region,1,0
0x005b1b88,FUN_005b1b88,340,14,vxworks,,region,1,0
0x005b1cdc,FUN_005b1cdc,512,50,vxworks,,region,1,0
0x005b1edc,FUN_005b1edc,508,189,vxworks,,region,1,0
0x005b2184,FUN_005b2184,12,76,vxworks,,region,1,0
0x005b2190,FUN_005b2190,12,57,vxworks,,region,1,0
0x005b219c,FUN_005b219c,92,65,vxworks,,region,1,0
0x005b21f8,FUN_005b21f8,124,14,vxworks,,region,1,0
0x005b2274,FUN_005b2274,168,3,vxworks,,region,1,0
0x005b231c,FUN_005b231c,1380,1,vxworks,,region,1,0
0x005b2880,FUN_005b2880,164,4,vxworks,,region,1,0
0x005b2924,FUN_005b2924,20,1,vxworks,,region,1,0
0x005b2c9c,FUN_005b2c9c,284,1,vxworks,,region,1,0
0x005b2dd0,FUN_005b2dd0,880,2,vxworks,,region,1,0
0x005b35d4,FUN_005b35d4,64,1,vxworks,,region,1,0
0x005b3614,FUN_005b3614,772,7,vxworks,,region,1,0
0x005b3918,FUN_005b3918,100,2,vxworks,,region,1,0
0x005b397c,FUN_005b397c,156,3,vxworks,,region,1,0
0x005b3a18,FUN_005b3a18,268,2,vxworks,,region,1,0
0x005b3b30,FUN_005b3b30,128,2,vxworks,,region,1,0
0x005b3de8,FUN_005b3de8,376,4,vxworks,,region,1,0
0x005b3f60,FUN_005b3f60,240,1,vxworks,,region,1,0
0x005b4050,FUN_005b4050,488,1,vxworks,,region,1,0
0x005b4910,FUN_005b4910,220,1,vxworks,,region,1,0
0x005b4a28,FUN_005b4a28,12,100,vxworks,,region,1,0
0x005b4a78,FUN_005b4a78,72,6,vxworks,,region,1,0
0x005b4ac0,FUN_005b4ac0,40,1,vxworks,,region,1,0
0x005b4ae8,FUN_005b4ae8,24,1,vxworks,,region,1,0
0x005b4b00,FUN_005b4b00,400,5,vxworks,,region,1,0
0x005b4c90,FUN_005b4c90,756,1,vxworks,,region,1,0
0x005b4f8c,FUN_005b4f8c,8,5,vxworks,,region,1,0
0x005b4f94,FUN_005b4f94,84,2,vxworks,,region,1,0
0x005b4fe8,FUN_005b4fe8,56,1,vxworks,,region,1,0
0x005b5070,FUN_005b5070,480,14,vxworks,,region,1,0
0x005b5250,FUN_005b5250,436,6,vxworks,,region,1,0
0x005b5408,FUN_005b5408,60,1,vxworks,,region,1,0
0x005b5600,FUN_005b5600,188,1,vxworks,,region,1,0
0x005b56bc,FUN_005b56bc,244,5,vxworks,,region,1,0
0x005b57b0,FUN_005b57b0,248,1,vxworks,,region,1,0
0x005b58a8,FUN_005b58a8,244,1,vxworks,,region,1,0
0x005b599c,FUN_005b599c,248,1,vxworks,,region,1,0
0x005b5a94,FUN_005b5a94,648,5,vxworks,,region,1,0
0x005b5d1c,FUN_005b5d1c,40,1,vxworks,,region,1,0
0x005b5d44,FUN_005b5d44,296,1,vxworks,,region,1,0
0x005b5e6c,FUN_005b5e6c,320,1,vxworks,,region,1,0
0x005b5fac,FUN_005b5fac,240,2,vxworks,,region,1,0
0x005b609c,FUN_005b609c,324,14,vxworks,,region,1,0
0x005b61e0,FUN_005b61e0,160,4,vxworks,,region,1,0
0x005b6280,FUN_005b6280,372,13,vxworks,,region,1,0
0x005b63f4,FUN_005b63f4,156,7,vxworks,,region,1,0
0x005b6490,FUN_005b6490,1028,2,vxworks,,region,1,0
0x005b6894,FUN_005b6894,428,1,vxworks,,region,1,0
0x005b6a40,FUN_005b6a40,392,7,vxworks,,region,1,0
0x005b6bc8,FUN_005b6bc8,596,1,vxworks,,region,1,0
0x005b6e1c,FUN_005b6e1c,244,1,vxworks,,region,1,0
0x005b6f10,FUN_005b6f10,84,1,vxworks,,region,1,0
0x005b6f64,FUN_005b6f64,88,3,vxworks,,region,1,0
0x005b6fbc,FUN_005b6fbc,544,13,vxworks,,region,1,0
0x005b72ec,FUN_005b72ec,380,1,vxworks,,region,1,0
0x005b7498,FUN_005b7498,156,1,vxworks,,region,1,0
0x005b75e8,FUN_005b75e8,128,1,vxworks,,region,1,0
0x005b7668,FUN_005b7668,168,4,vxworks,,region,1,0
0x005b7710,FUN_005b7710,284,3,vxworks,,region,1,0
0x005b782c,FUN_005b782c,188,4,vxworks,,region,1,0
0x005b78e8,FUN_005b78e8,204,9,vxworks,,region,1,0
0x005b79b4,FUN_005b79b4,188,1,vxworks,,region,1,0
0x005b7aa8,FUN_005b7aa8,196,1,vxworks,,region,1,0
0x005b7b6c,FUN_005b7b6c,228,2,vxworks,,region,1,0
0x005b7e80,FUN_005b7e80,60,27,vxworks,,region,1,0
0x005b7ebc,FUN_005b7ebc,88,5,vxworks,,region,1,0
0x005b7f18,FUN_005b7f18,244,1,vxworks,,region,1,0
0x005b800c,FUN_005b800c,60,13,vxworks,,region,1,0
0x005b804c,FUN_005b804c,124,21,vxworks,,region,1,0
0x005b80c8,FUN_005b80c8,140,8,vxworks,,region,1,0
0x005b8154,FUN_005b8154,140,1,vxworks,,region,1,0
0x005b81e0,FUN_005b81e0,112,1,vxworks,,region,1,0
0x005b8250,FUN_005b8250,92,4,vxworks,,region,1,0
0x005b82ac,FUN_005b82ac,84,7,vxworks,,region,1,0
0x005b8300,FUN_005b8300,20,1,vxworks,,region,1,0
0x005b8314,FUN_005b8314,8,1,vxworks,,region,1,0
0x005b831c,FUN_005b831c,272,1,vxworks,,region,1,0
0x005b842c,FUN_005b842c,56,1,vxworks,,region,1,0
0x005b846c,FUN_005b846c,84,2,vxworks,,region,1,0
0x005b84c0,FUN_005b84c0,40,3,vxworks,,region,1,0
0x005b87fc,FUN_005b87fc,136,2,vxworks,,region,1,0
0x005b88a0,FUN_005b88a0,300,1,vxworks,,region,1,0
0x005b94cc,FUN_005b94cc,264,1,vxworks,,region,1,0
0x005ba96c,FUN_005ba96c,424,1,vxworks,,region,1,0
0x005bab14,FUN_005bab14,68,1,vxworks,,region,1,0
0x005bad3c,FUN_005bad3c,12,11,vxworks,,region,1,0
0x005bad5c,FUN_005bad5c,64,265,vxworks,,region,1,0
0x005bad9c,FUN_005bad9c,40,1,vxworks,,region,1,0
0x005baefc,FUN_005baefc,48,2,vxworks,,region,1,0
0x005baf2c,FUN_005baf2c,56,5,vxworks,,region,1,0
0x005baf64,FUN_005baf64,32,5,vxworks,,region,1,0
0x005baf84,FUN_005baf84,8,4,vxworks,,region,1,0
0x005baf8c,FUN_005baf8c,8,1,vxworks,,region,1,0
0x005baf94,FUN_005baf94,312,2,vxworks,,region,1,0
0x005bb0cc,FUN_005bb0cc,72,2,vxworks,,region,1,0
0x005bb114,FUN_005bb114,32,5,vxworks,,region,1,0
0x005bb138,FUN_005bb138,500,5,vxworks,,region,1,0
0x005bb720,FUN_005bb720,328,2,vxworks,,region,1,0
0x005bb868,FUN_005bb868,120,1,vxworks,,region,1,0
0x005bb8e0,FUN_005bb8e0,140,2,vxworks,,region,1,0
0x005bb96c,FUN_005bb96c,164,4,vxworks,,region,1,0
0x005bba68,FUN_005bba68,40,1,vxworks,,region,1,0
0x005bba90,FUN_005bba90,48,5,vxworks,,region,1,0
0x005bbac0,FUN_005bbac0,48,1,vxworks,,region,1,0
0x005bbaf0,FUN_005bbaf0,48,1,vxworks,,region,1,0
0x005bbb20,FUN_005bbb20,48,1,vxworks,,region,1,0
0x005bbbf0,FUN_005bbbf0,8,6,vxworks,,region,1,0
0x005bbbf8,FUN_005bbbf8,8,3,vxworks,,region,1,0
0x005bbc00,FUN_005bbc00,8,1,vxworks,,region,1,0
0x005bbc08,FUN_005bbc08,8,2,vxworks,,region,1,0
0x005bbc10,FUN_005bbc10,8,1,vxworks,,region,1,0
0x005bbc18,FUN_005bbc18,8,2,vxworks,,region,1,0
0x005bbc20,FUN_005bbc20,8,1,vxworks,,region,1,0
0x005bbc28,FUN_005bbc28,8,2,vxworks,,region,1,0
0x005bbc30,FUN_005bbc30,8,1,vxworks,,region,1,0
0x005bbc38,FUN_005bbc38,8,2,vxworks,,region,1,0
0x005bbc40,FUN_005bbc40,8,1,vxworks,,region,1,0
0x005bbc48,FUN_005bbc48,8,2,vxworks,,region,1,0
0x005bbc50,FUN_005bbc50,8,1,vxworks,,region,1,0
0x005bbc58,FUN_005bbc58,8,2,vxworks,,region,1,0
0x005bbc60,FUN_005bbc60,8,1,vxworks,,region,1,0
0x005bbc68,FUN_005bbc68,8,2,vxworks,,region,1,0
0x005bbc70,FUN_005bbc70,8,1,vxworks,,region,1,0
0x005bbc78,FUN_005bbc78,8,2,vxworks,,region,1,0
0x005bbcb0,FUN_005bbcb0,20,2,vxworks,,region,1,0
0x005bbed8,FUN_005bbed8,136,2,vxworks,,region,1,0
0x005bc02c,FUN_005bc02c,124,11,vxworks,,region,1,0
0x005bc0a8,FUN_005bc0a8,80,1,vxworks,,region,1,0
0x005bc160,FUN_005bc160,252,1,vxworks,,region,1,0
0x005bc458,FUN_005bc458,276,1,vxworks,,region,1,0
0x005bc6dc,FUN_005bc6dc,176,1,vxworks,,region,1,0
0x005bc78c,FUN_005bc78c,176,1,vxworks,,region,1,0
0x005bca04,FUN_005bca04,204,1,vxworks,,region,1,0
0x005bcad0,FUN_005bcad0,204,1,vxworks,,region,1,0
0x005bccb0,FUN_005bccb0,116,3,vxworks,,region,1,0
0x005bcd24,FUN_005bcd24,216,2,vxworks,,region,1,0
0x005bcdfc,FUN_005bcdfc,184,1,vxworks,,region,1,0
0x005bceb4,FUN_005bceb4,16,1,vxworks,,region,1,0
0x005bcecc,FUN_005bcecc,8,1,vxworks,,region,1,0
0x005bcee4,FUN_005bcee4,488,2,vxworks,,region,1,0
0x005bd0cc,FUN_005bd0cc,280,2,vxworks,,region,1,0
0x005bd1e4,FUN_005bd1e4,176,1,vxworks,,region,1,0
0x005bd294,FUN_005bd294,16,1,vxworks,,region,1,0
0x005bd2b4,FUN_005bd2b4,44,1,vxworks,,region,1,0
0x005bd2e0,FUN_005bd2e0,1584,1,vxworks,,region,1,0
0x005bd910,FUN_005bd910,808,2,vxworks,,region,1,0
0x005bdc38,FUN_005bdc38,192,1,vxworks,,region,1,0
0x005bdcf8,FUN_005bdcf8,288,1,vxworks,,region,1,0
0x005bde18,FUN_005bde18,2080,1,vxworks,,region,1,0
0x005be638,FUN_005be638,276,2,vxworks,,region,1,0
0x005be760,FUN_005be760,132,2,vxworks,,region,1,0
0x005be81c,FUN_005be81c,596,1,vxworks,,region,1,0
0x005bedb4,FUN_005bedb4,536,2,vxworks,,region,1,0
0x005befcc,FUN_005befcc,208,5,vxworks,,region,1,0
0x005bf09c,FUN_005bf09c,84,15,vxworks,,region,1,0
0x005bf0f0,FUN_005bf0f0,416,2,vxworks,,region,1,0
0x005bf290,FUN_005bf290,204,3,vxworks,,region,1,0
0x005bf35c,FUN_005bf35c,84,17,vxworks,,region,1,0
0x005bf3b0,FUN_005bf3b0,76,17,vxworks,,region,1,0
0x005bf3fc,FUN_005bf3fc,68,2,vxworks,,region,1,0
0x005bf440,FUN_005bf440,72,6,vxworks,,region,1,0
0x005bf58c,FUN_005bf58c,104,2,vxworks,,region,1,0
0x005bf5f4,FUN_005bf5f4,112,2,vxworks,,region,1,0
0x005bf664,FUN_005bf664,148,3,vxworks,,region,1,0
0x005bf6f8,FUN_005bf6f8,16,2,vxworks,,region,1,0
0x005bf708,FUN_005bf708,528,1,vxworks,,region,1,0
0x005bf964,FUN_005bf964,32,1,vxworks,,region,1,0
0x005bf984,FUN_005bf984,624,1,vxworks,,region,1,0
0x005bfc00,FUN_005bfc00,108,4,vxworks,,region,1,0
0x005bfc6c,FUN_005bfc6c,1080,1,vxworks,,string-flavor,2,0
0x005c00a4,FUN_005c00a4,340,1,unknown,,unknown,0,0
0x005c0208,FUN_005c0208,52,2,unknown,,unknown,0,0
0x005c023c,FUN_005c023c,20,6,unknown,,unknown,0,0
0x005c0ea0,FUN_005c0ea0,20,3,unknown,,unknown,0,0
0x005c1590,FUN_005c1590,20,1,unknown,,unknown,0,0
0x005c15a4,FUN_005c15a4,104,1,unknown,,unknown,0,0
0x005c1670,FUN_005c1670,112,1,unknown,,unknown,0,0
0x005c16e0,FUN_005c16e0,100,1,unknown,,unknown,0,0
0x005c17b4,FUN_005c17b4,668,2,unknown,,unknown,0,0
0x005c1da4,FUN_005c1da4,108,1,unknown,,unknown,0,0
0x005c1e10,FUN_005c1e10,20,2,unknown,,unknown,0,0
0x005c1e8c,FUN_005c1e8c,76,1,unknown,,unknown,0,0
0x005c1f44,FUN_005c1f44,372,1,unknown,,unknown,0,0
0x005c2828,FUN_005c2828,384,2,unknown,,unknown,0,0
0x005c29a8,FUN_005c29a8,44,1,unknown,,unknown,0,0
0x005c29d4,FUN_005c29d4,44,1,unknown,,unknown,0,0
0x005c2a98,FUN_005c2a98,132,1,unknown,,unknown,0,0
0x005c2b1c,FUN_005c2b1c,96,1,unknown,,unknown,0,0
0x005c2b7c,FUN_005c2b7c,132,1,unknown,,unknown,0,0
0x005c319c,FUN_005c319c,140,1,unknown,,unknown,0,0
0x005c3228,FUN_005c3228,92,1,unknown,,unknown,0,0
0x005c3284,FUN_005c3284,20,3,unknown,,unknown,0,0
0x005c32e8,FUN_005c32e8,104,1,unknown,,unknown,0,0
0x005c38ac,FUN_005c38ac,108,1,unknown,,unknown,0,0
0x005c3918,FUN_005c3918,20,1,unknown,,unknown,0,0
0x005c392c,FUN_005c392c,104,2,unknown,,unknown,0,0
0x005c3a14,FUN_005c3a14,112,1,unknown,,unknown,0,0
0x005c3ee8,FUN_005c3ee8,96,1,unknown,,unknown,0,0
0x005c3f48,FUN_005c3f48,80,1,unknown,,unknown,0,0
0x005c40bc,FUN_005c40bc,20,1,unknown,,unknown,0,0
0x005c40d0,FUN_005c40d0,104,1,unknown,,unknown,0,0
0x005c4160,FUN_005c4160,100,1,unknown,,unknown,0,0
0x005c4320,FUN_005c4320,80,1,unknown,,unknown,0,0
0x005c4370,FUN_005c4370,80,2,unknown,,unknown,0,0
0x005c453c,FUN_005c453c,20,8,unknown,,unknown,0,0
0x005c4550,FUN_005c4550,176,3,unknown,,unknown,0,0
0x005c4654,FUN_005c4654,124,1,unknown,,unknown,0,0
0x005c46d0,FUN_005c46d0,280,1,unknown,,unknown,0,0
0x005c4bdc,FUN_005c4bdc,20,3,unknown,,unknown,0,0
0x005c4cbc,FUN_005c4cbc,20,4,unknown,,unknown,0,0
0x005c4cd0,FUN_005c4cd0,104,4,unknown,,unknown,0,0
0x005c4d5c,FUN_005c4d5c,112,1,unknown,,unknown,0,0
0x005c4eb0,FUN_005c4eb0,80,1,unknown,,unknown,0,0
0x005c4f00,FUN_005c4f00,80,8,unknown,,unknown,0,0
0x005c50cc,FUN_005c50cc,152,4,unknown,,unknown,0,0
0x005c5164,FUN_005c5164,80,6,unknown,,unknown,0,0
0x005c51b4,FUN_005c51b4,120,1,unknown,,unknown,0,0
0x005c522c,FUN_005c522c,120,1,unknown,,unknown,0,0
0x005c52a4,FUN_005c52a4,20,1,unknown,,unknown,0,0
0x005c5370,FUN_005c5370,20,2,unknown,,unknown,0,0
0x005c5384,FUN_005c5384,32,1,unknown,,unknown,0,0
0x005c53a4,FUN_005c53a4,308,2,unknown,,unknown,0,0
0x005c5548,FUN_005c5548,156,2,unknown,,unknown,0,0
0x005c5654,FUN_005c5654,372,2,unknown,,unknown,0,0
0x005c5838,FUN_005c5838,224,6,unknown,,unknown,0,0
0x005c5918,FUN_005c5918,20,1,unknown,,unknown,0,0
0x005c592c,FUN_005c592c,340,1,unknown,,unknown,0,0
0x005c5a80,FUN_005c5a80,128,1,unknown,,unknown,0,0
0x005c5b00,FUN_005c5b00,128,3,unknown,,unknown,0,0
0x005c5b80,FUN_005c5b80,56,9,unknown,,unknown,0,0
0x005c5bb8,FUN_005c5bb8,88,4,unknown,,unknown,0,0
0x005c5c10,FUN_005c5c10,40,8,unknown,,unknown,0,0
0x005c5c38,FUN_005c5c38,228,3,unknown,,unknown,0,0
0x005c5d1c,FUN_005c5d1c,16,4,unknown,,unknown,0,0
0x005c5d2c,FUN_005c5d2c,40,7,unknown,,unknown,0,0
0x005c5d54,FUN_005c5d54,164,1,unknown,,unknown,0,0
0x005c5df8,FUN_005c5df8,12,1,unknown,,unknown,0,0
0x005c5e04,FUN_005c5e04,64,1,unknown,,unknown,0,0
0x005c5e44,FUN_005c5e44,388,2,unknown,,unknown,0,0
0x005c5fc8,FUN_005c5fc8,336,1,unknown,,unknown,0,0
0x005c6118,FUN_005c6118,356,2,unknown,,unknown,0,0
0x005c628c,FUN_005c628c,16,2,unknown,,unknown,0,0
0x005c62ac,FUN_005c62ac,968,1,unknown,,unknown,0,0
0x005c6674,FUN_005c6674,148,5,unknown,,unknown,0,0
0x005c6708,FUN_005c6708,408,2,unknown,,unknown,0,0
0x005c68a0,FUN_005c68a0,476,2,unknown,,unknown,0,0
0x005c6a7c,FUN_005c6a7c,380,2,unknown,,unknown,0,0
0x005c6bf8,FUN_005c6bf8,412,2,unknown,,unknown,0,0
0x005c6d94,FUN_005c6d94,32,11,unknown,,unknown,0,0
0x005c6dd4,FUN_005c6dd4,32,4,unknown,,unknown,0,0
0x005c6e14,FUN_005c6e14,32,7,unknown,,unknown,0,0
0x005c6e54,FUN_005c6e54,32,3,unknown,,unknown,0,0
0x005c6e74,FUN_005c6e74,32,1,unknown,,unknown,0,0
0x005c6eb4,FUN_005c6eb4,32,2,unknown,,unknown,0,0
0x005c6f14,FUN_005c6f14,32,3,unknown,,unknown,0,0
0x005c6f54,FUN_005c6f54,32,1,unknown,,unknown,0,0
0x005c6f94,FUN_005c6f94,32,1,unknown,,unknown,0,0
0x005c6fd4,FUN_005c6fd4,32,16,unknown,,unknown,0,0
0x005c6ff4,FUN_005c6ff4,2136,3,unknown,,unknown,0,0
0x005c784c,FUN_005c784c,524,5,unknown,,unknown,0,0
0x005c7a58,FUN_005c7a58,632,3,unknown,,unknown,0,0
0x005c7cd0,FUN_005c7cd0,364,4,unknown,,unknown,0,0
0x005c7ea0,FUN_005c7ea0,1380,1,unknown,,unknown,0,0
0x005c8404,FUN_005c8404,20,5,unknown,,unknown,0,0
0x005c89ec,FUN_005c89ec,848,1,unknown,,unknown,0,0
0x005c8fc8,FUN_005c8fc8,20,1,unknown,,unknown,0,0
0x005c9024,FUN_005c9024,136,2,unknown,,unknown,0,0
0x005c90ac,FUN_005c90ac,196,6,unknown,,unknown,0,0
0x005c9170,FUN_005c9170,1664,2,unknown,,unknown,0,0
0x005c97f0,FUN_005c97f0,20,3,unknown,,unknown,0,0
0x005c98b8,FUN_005c98b8,652,3,red,,string-flavor,2,1
0x005c9bf8,FUN_005c9bf8,644,1,red,,string-flavor,2,1
0x005c9e7c,FUN_005c9e7c,40,1,unknown,,unknown,0,0
0x005c9ea4,FUN_005c9ea4,40,2,unknown,,unknown,0,0
0x005c9ecc,FUN_005c9ecc,40,1,unknown,,unknown,0,0
0x005c9ef4,FUN_005c9ef4,40,4,unknown,,unknown,0,0
0x005c9f1c,FUN_005c9f1c,40,1,unknown,,unknown,0,0
0x005c9f44,FUN_005c9f44,40,2,unknown,,unknown,0,0
0x005c9f6c,FUN_005c9f6c,40,1,unknown,,unknown,0,0
0x005c9f94,FUN_005c9f94,40,3,unknown,,unknown,0,0
0x005c9fbc,FUN_005c9fbc,1032,2,unknown,,unknown,0,0
0x005ca3d4,FUN_005ca3d4,968,1,unknown,,unknown,0,0
0x005ca898,FUN_005ca898,152,1,unknown,,unknown,0,0
0x005ca930,FUN_005ca930,92,2,unknown,,unknown,0,0
0x005ca98c,FUN_005ca98c,544,2,unknown,,unknown,0,0
0x005cabbc,FUN_005cabbc,232,3,unknown,,unknown,0,0
0x005caca4,FUN_005caca4,208,2,unknown,,unknown,0,0
0x005cb018,FUN_005cb018,56,1,unknown,,unknown,0,0
0x005cb260,FUN_005cb260,40,2,unknown,,unknown,0,0
0x005cb2d8,FUN_005cb2d8,40,2,unknown,,unknown,0,0
0x005cb524,FUN_005cb524,40,1,unknown,,unknown,0,0
0x005cb59c,FUN_005cb59c,40,1,unknown,,unknown,0,0
0x005cb63c,FUN_005cb63c,52,1,unknown,,unknown,0,0
0x005cb76c,FUN_005cb76c,36,1,unknown,,unknown,0,0
0x005cb7c0,FUN_005cb7c0,428,4,unknown,,unknown,0,0
0x005cb96c,FUN_005cb96c,312,1,unknown,,unknown,0,0
0x005cbaa4,FUN_005cbaa4,20,1,unknown,,unknown,0,0
0x005cbacc,FUN_005cbacc,220,1,unknown,,unknown,0,0
0x005cbba8,FUN_005cbba8,136,1,unknown,,unknown,0,0
0x005cc188,FUN_005cc188,1232,1,unknown,,unknown,0,0
0x005cc658,FUN_005cc658,432,3,unknown,,unknown,0,0
0x005cc808,FUN_005cc808,240,2,unknown,,unknown,0,0
0x005cc8f8,FUN_005cc8f8,116,3,unknown,,unknown,0,0
0x005cc96c,FUN_005cc96c,100,1,unknown,,unknown,0,0
0x005cc9d0,FUN_005cc9d0,600,1,unknown,,unknown,0,0
0x005ccc28,FUN_005ccc28,172,1,unknown,,unknown,0,0
0x005cccd4,FUN_005cccd4,176,1,unknown,,unknown,0,0
0x005ccd84,FUN_005ccd84,204,2,unknown,,unknown,0,0
0x005cce50,FUN_005cce50,416,1,unknown,,unknown,0,0
0x005ccff0,FUN_005ccff0,36,1,unknown,,unknown,0,0
0x005cd014,FUN_005cd014,156,2,unknown,,unknown,0,0
0x005cd0ec,FUN_005cd0ec,60,1,unknown,,unknown,0,0
0x005cd128,FUN_005cd128,200,1,unknown,,unknown,0,0
0x005cd1f0,FUN_005cd1f0,208,1,unknown,,unknown,0,0
0x005cd2c0,FUN_005cd2c0,168,1,unknown,,unknown,0,0
0x005cd368,FUN_005cd368,464,1,unknown,,unknown,0,0
0x005cd538,FUN_005cd538,40,1,unknown,,unknown,0,0
0x005cd560,FUN_005cd560,40,1,unknown,,unknown,0,0
0x005cd588,FUN_005cd588,16,1,unknown,,unknown,0,0
0x005cd598,FUN_005cd598,100,1,unknown,,unknown,0,0
0x005cd614,FUN_005cd614,252,2,unknown,,unknown,0,0
0x005cd710,FUN_005cd710,480,2,unknown,,unknown,0,0
0x005cd8f0,FUN_005cd8f0,168,2,unknown,,unknown,0,0
0x005cd998,FUN_005cd998,504,1,unknown,,unknown,0,0
0x005cdb90,FUN_005cdb90,268,2,unknown,,unknown,0,0
0x005cdc9c,FUN_005cdc9c,72,3,unknown,,unknown,0,0
0x005cdce4,FUN_005cdce4,24,2,unknown,,unknown,0,0
0x005cdcfc,FUN_005cdcfc,24,2,unknown,,unknown,0,0
0x005cdd14,FUN_005cdd14,88,2,unknown,,unknown,0,0
0x005cdd6c,FUN_005cdd6c,540,1,unknown,,unknown,0,0
0x005cdf88,FUN_005cdf88,1164,1,unknown,,unknown,0,0
0x005ce414,FUN_005ce414,292,2,unknown,,unknown,0,0
0x005ce538,FUN_005ce538,420,3,unknown,,unknown,0,0
0x005ce6dc,FUN_005ce6dc,1208,2,unknown,,unknown,0,0
0x005cee44,FUN_005cee44,1220,5,unknown,,unknown,0,0
0x005cf5f0,FUN_005cf5f0,72,11,unknown,,unknown,0,0
0x005cf680,FUN_005cf680,80,15,unknown,,unknown,0,0
0x005cf720,FUN_005cf720,72,2,unknown,,unknown,0,0
0x005cf7b0,FUN_005cf7b0,80,1,unknown,,unknown,0,0
0x005cf980,FUN_005cf980,328,1,unknown,,unknown,0,0
0x005cfb64,FUN_005cfb64,72,1,unknown,,unknown,0,0
0x005cfbf4,FUN_005cfbf4,80,2,unknown,,unknown,0,0
0x005cfc44,FUN_005cfc44,80,2,unknown,,unknown,0,0
0x005cfc94,FUN_005cfc94,580,5,unknown,,unknown,0,0
0x005cfed8,FUN_005cfed8,272,4,unknown,,unknown,0,0
0x005d0238,FUN_005d0238,72,1,unknown,,unknown,0,0
0x005d0318,FUN_005d0318,64,3,unknown,,unknown,0,0
0x005d0358,FUN_005d0358,68,1,unknown,,unknown,0,0
0x005d039c,FUN_005d039c,64,3,unknown,,unknown,0,0
0x005d045c,FUN_005d045c,204,4,unknown,,unknown,0,0
0x005d0580,FUN_005d0580,196,2,unknown,,unknown,0,0
0x005d0644,FUN_005d0644,292,1,unknown,,unknown,0,0
0x005d0768,FUN_005d0768,272,2,unknown,,unknown,0,0
0x005d0878,FUN_005d0878,364,2,unknown,,unknown,0,0
0x005d09e4,FUN_005d09e4,116,1,unknown,,unknown,0,0
0x005d0a58,FUN_005d0a58,980,1,unknown,,unknown,0,0
0x005d0e2c,FUN_005d0e2c,272,1,unknown,,unknown,0,0
0x005d0f3c,FUN_005d0f3c,872,2,unknown,,unknown,0,0
0x005d12a4,FUN_005d12a4,932,1,unknown,,unknown,0,0
0x005d1648,FUN_005d1648,500,2,unknown,,unknown,0,0
0x005d183c,FUN_005d183c,200,8,unknown,,unknown,0,0
0x005d1904,FUN_005d1904,552,1,unknown,,unknown,0,0
0x005d1b2c,FUN_005d1b2c,368,2,unknown,,unknown,0,0
0x005d1c9c,FUN_005d1c9c,796,1,unknown,,unknown,0,0
0x005d1fb8,FUN_005d1fb8,532,2,unknown,,unknown,0,0
0x005d21cc,FUN_005d21cc,1260,1,unknown,,unknown,0,0
0x005d26b8,FUN_005d26b8,492,1,unknown,,unknown,0,0
0x005d28a4,FUN_005d28a4,492,1,unknown,,unknown,0,0
0x005d2a90,FUN_005d2a90,356,1,unknown,,unknown,0,0
0x005d2c80,FUN_005d2c80,340,2,unknown,,unknown,0,0
0x005d2dd4,FUN_005d2dd4,196,2,unknown,,unknown,0,0
0x005d2e98,FUN_005d2e98,208,2,unknown,,unknown,0,0
0x005d2f68,FUN_005d2f68,96,2,unknown,,unknown,0,0
0x005d2fc8,FUN_005d2fc8,356,4,unknown,,unknown,0,0
0x005d312c,FUN_005d312c,1024,1,unknown,,unknown,0,0
0x005d352c,FUN_005d352c,244,2,unknown,,unknown,0,0
0x005d3620,FUN_005d3620,336,1,unknown,,unknown,0,0
0x005d3770,FUN_005d3770,256,1,unknown,,unknown,0,0
0x005d3bc4,FUN_005d3bc4,80,3,unknown,,unknown,0,0
0x005d3c14,FUN_005d3c14,360,2,unknown,,unknown,0,0
0x005d3e98,FUN_005d3e98,1512,1,unknown,,unknown,0,0
0x005d4480,FUN_005d4480,148,3,unknown,,unknown,0,0
0x005d4514,FUN_005d4514,248,2,unknown,,unknown,0,0
0x005d460c,FUN_005d460c,84,1,unknown,,unknown,0,0
0x005d4660,FUN_005d4660,88,2,unknown,,unknown,0,0
0x005d46b8,FUN_005d46b8,228,2,unknown,,unknown,0,0
0x005d479c,FUN_005d479c,256,1,unknown,,unknown,0,0
0x005d48a8,FUN_005d48a8,200,2,unknown,,unknown,0,0
0x005d4ef0,FUN_005d4ef0,192,2,unknown,,unknown,0,0
0x005d4fb0,FUN_005d4fb0,16,19,unknown,,unknown,0,0
0x005d4fc0,FUN_005d4fc0,624,8,unknown,,unknown,0,0
0x005d5230,FUN_005d5230,416,2,unknown,,unknown,0,0
0x005d5744,FUN_005d5744,784,1,unknown,,unknown,0,0
0x005d5a64,FUN_005d5a64,384,2,unknown,,unknown,0,0
0x005d5be4,FUN_005d5be4,2344,9,unknown,,unknown,0,0
0x005d650c,FUN_005d650c,68,2,unknown,,unknown,0,0
0x005d6550,FUN_005d6550,36,2,unknown,,unknown,0,0
0x005d6574,FUN_005d6574,36,1,unknown,,unknown,0,0
0x005d6598,FUN_005d6598,16,7,unknown,,unknown,0,0
0x005d65b8,FUN_005d65b8,16,2,unknown,,unknown,0,0
0x005d65c8,FUN_005d65c8,16,2,unknown,,unknown,0,0
0x005d65e8,FUN_005d65e8,176,2,unknown,,unknown,0,0
0x005d6698,FUN_005d6698,16,1,unknown,,unknown,0,0
0x005d66b8,FUN_005d66b8,16,1,unknown,,unknown,0,0
0x005d66c8,FUN_005d66c8,416,2,unknown,,unknown,0,0
0x005d6868,FUN_005d6868,24,1,unknown,,unknown,0,0
0x005d6880,FUN_005d6880,24,5,unknown,,unknown,0,0
0x005d6898,FUN_005d6898,120,1,unknown,,unknown,0,0
0x005d6910,FUN_005d6910,684,13,unknown,,unknown,0,0
0x005d6bbc,FUN_005d6bbc,28,1,unknown,,unknown,0,0
0x005d6bd8,FUN_005d6bd8,256,13,unknown,,unknown,0,0
0x005d6cd8,FUN_005d6cd8,52,1,unknown,,unknown,0,0
0x005d6d30,FUN_005d6d30,36,1,unknown,,unknown,0,0
0x005d6d7c,FUN_005d6d7c,16,1,unknown,,unknown,0,0
0x005d6d8c,FUN_005d6d8c,16,1,unknown,,unknown,0,0
0x005d6d9c,FUN_005d6d9c,16,1,unknown,,unknown,0,0
0x005d6dac,FUN_005d6dac,68,1,unknown,,unknown,0,0
0x005d6df0,FUN_005d6df0,16,1,unknown,,unknown,0,0
0x005d6e64,FUN_005d6e64,124,3,unknown,,unknown,0,0
0x005d6ee0,FUN_005d6ee0,116,4,unknown,,unknown,0,0
0x005d6f54,FUN_005d6f54,88,5,unknown,,unknown,0,0
0x005d6fac,FUN_005d6fac,88,4,unknown,,unknown,0,0
0x005d711c,FUN_005d711c,88,4,unknown,,unknown,0,0
0x005d7174,FUN_005d7174,124,1,unknown,,unknown,0,0
0x005d71f0,FUN_005d71f0,88,1,unknown,,unknown,0,0
0x005d7248,FUN_005d7248,116,1,unknown,,unknown,0,0
0x005d72bc,FUN_005d72bc,116,1,unknown,,unknown,0,0
0x005d7330,FUN_005d7330,128,1,unknown,,unknown,0,0
0x005d73b0,FUN_005d73b0,104,1,unknown,,unknown,0,0
0x005d7418,FUN_005d7418,104,1,unknown,,unknown,0,0
0x005d7480,FUN_005d7480,296,2,unknown,,unknown,0,0
0x005d75a8,FUN_005d75a8,156,1,unknown,,unknown,0,0
0x005d7644,FUN_005d7644,88,2,unknown,,unknown,0,0
0x005d76fc,FUN_005d76fc,96,1,unknown,,unknown,0,0
0x005d775c,FUN_005d775c,96,16,unknown,,unknown,0,0
0x005d77bc,FUN_005d77bc,92,1,unknown,,unknown,0,0
0x005d792c,FUN_005d792c,104,1,unknown,,unknown,0,0
0x005d7994,FUN_005d7994,208,6,unknown,,unknown,0,0
0x005d7af0,FUN_005d7af0,192,9,unknown,,unknown,0,0
0x005d7bb0,FUN_005d7bb0,196,10,unknown,,unknown,0,0
0x005d7c74,FUN_005d7c74,96,6,unknown,,unknown,0,0
0x005d7cd4,FUN_005d7cd4,128,4,unknown,,unknown,0,0
0x005d7d54,FUN_005d7d54,108,2,unknown,,unknown,0,0
0x005d7dc0,FUN_005d7dc0,76,1,unknown,,unknown,0,0
0x005d7e0c,FUN_005d7e0c,416,5,unknown,,unknown,0,0
0x005d7fac,FUN_005d7fac,256,2,unknown,,unknown,0,0
0x005d80ac,FUN_005d80ac,332,1,unknown,,unknown,0,0
0x005d81f8,FUN_005d81f8,328,3,unknown,,unknown,0,0
0x005d8530,FUN_005d8530,36,3,unknown,,unknown,0,0
0x005d85c4,FUN_005d85c4,36,2,unknown,,unknown,0,0
0x005d88d8,FUN_005d88d8,116,2,unknown,,unknown,0,0
0x005d894c,FUN_005d894c,96,4,unknown,,unknown,0,0
0x005d89ac,FUN_005d89ac,152,2,unknown,,unknown,0,0
0x005d8a44,FUN_005d8a44,132,1,unknown,,unknown,0,0
0x005d8cdc,FUN_005d8cdc,96,1,unknown,,unknown,0,0
0x005d8fac,FUN_005d8fac,20,5,unknown,,unknown,0,0
0x005d8fc0,FUN_005d8fc0,496,2,unknown,,unknown,0,0
0x005d93a0,FUN_005d93a0,388,2,unknown,,unknown,0,0
0x005d960c,FUN_005d960c,20,5,unknown,,unknown,0,0
0x005d97bc,FUN_005d97bc,692,2,unknown,,unknown,0,0
0x005d9e50,FUN_005d9e50,140,2,unknown,,unknown,0,0
0x005d9edc,FUN_005d9edc,84,5,unknown,,unknown,0,0
0x005d9f30,FUN_005d9f30,52,10,unknown,,unknown,0,0
0x005d9ff0,FUN_005d9ff0,56,3,unknown,,unknown,0,0
0x005da058,FUN_005da058,36,4,unknown,,unknown,0,0
0x005da07c,FUN_005da07c,36,3,unknown,,unknown,0,0
0x005da0a0,FUN_005da0a0,16,4,unknown,,unknown,0,0
0x005da0b0,FUN_005da0b0,28,1,unknown,,unknown,0,0
0x005da0cc,FUN_005da0cc,104,1,unknown,,unknown,0,0
0x005da134,FUN_005da134,304,2,unknown,,unknown,0,0
0x005da264,FUN_005da264,404,7,unknown,,unknown,0,0
0x005da3f8,FUN_005da3f8,24,1,unknown,,unknown,0,0
0x005da410,FUN_005da410,16,2,unknown,,unknown,0,0
0x005da544,FUN_005da544,156,2,unknown,,unknown,0,0
0x005da644,FUN_005da644,148,2,unknown,,unknown,0,0
0x005da720,FUN_005da720,280,4,unknown,,unknown,0,0
0x005da838,FUN_005da838,2336,1,unknown,,unknown,0,0
0x005db1c4,FUN_005db1c4,32,1,unknown,,unknown,0,0
0x005db1e4,FUN_005db1e4,60,2,unknown,,unknown,0,0
0x005db330,FUN_005db330,16,2,unknown,,unknown,0,0
0x005db340,FUN_005db340,136,5,unknown,,unknown,0,0
0x005db3c8,FUN_005db3c8,320,2,unknown,,unknown,0,0
0x005db508,FUN_005db508,1452,4,unknown,,unknown,0,0
0x005dbab4,FUN_005dbab4,1664,1,unknown,,unknown,0,0
0x005dc134,FUN_005dc134,244,2,unknown,,unknown,0,0
0x005dc2ac,FUN_005dc2ac,244,2,unknown,,unknown,0,0
0x005dc3a0,FUN_005dc3a0,56,1,unknown,,unknown,0,0
0x005dc3d8,FUN_005dc3d8,748,2,unknown,,unknown,0,0
0x005dc888,FUN_005dc888,16,2,unknown,,unknown,0,0
0x005dc9f0,FUN_005dc9f0,300,1,unknown,,unknown,0,0
0x005dcb2c,FUN_005dcb2c,16,4,unknown,,unknown,0,0
0x005dcb3c,FUN_005dcb3c,1556,3,unknown,,unknown,0,0
0x005dd188,FUN_005dd188,40,2,unknown,,unknown,0,0
0x005dd1b0,FUN_005dd1b0,92,2,unknown,,unknown,0,0
0x005dd20c,FUN_005dd20c,16,1,unknown,,unknown,0,0
0x005dd21c,FUN_005dd21c,32,2,unknown,,unknown,0,0
0x005dd23c,FUN_005dd23c,352,5,unknown,,unknown,0,0
0x005dd39c,FUN_005dd39c,144,1,unknown,,unknown,0,0
0x005dd42c,FUN_005dd42c,144,2,unknown,,unknown,0,0
0x005dd4bc,FUN_005dd4bc,404,3,unknown,,unknown,0,0
0x005dd650,FUN_005dd650,176,1,unknown,,unknown,0,0
0x005dd700,FUN_005dd700,292,8,unknown,,unknown,0,0
0x005dd824,FUN_005dd824,692,7,unknown,,unknown,0,0
0x005ddad8,FUN_005ddad8,436,9,unknown,,unknown,0,0
0x005ddc8c,FUN_005ddc8c,540,4,unknown,,unknown,0,0
0x005ddea8,FUN_005ddea8,312,3,unknown,,unknown,0,0
0x005ddfe0,FUN_005ddfe0,172,2,unknown,,unknown,0,0
0x005de08c,FUN_005de08c,836,2,unknown,,unknown,0,0
0x005de3d0,FUN_005de3d0,200,7,unknown,,unknown,0,0
0x005de498,FUN_005de498,208,1,unknown,,unknown,0,0
0x005de568,FUN_005de568,208,1,unknown,,unknown,0,0
0x005de638,FUN_005de638,216,1,unknown,,unknown,0,0
0x005de710,FUN_005de710,208,1,unknown,,unknown,0,0
0x005de7e0,FUN_005de7e0,216,2,unknown,,unknown,0,0
0x005de8b8,FUN_005de8b8,200,2,unknown,,unknown,0,0
0x005de980,FUN_005de980,476,3,unknown,,unknown,0,0
0x005deb5c,FUN_005deb5c,160,2,unknown,,unknown,0,0
0x005debfc,FUN_005debfc,116,3,unknown,,unknown,0,0
0x005dec70,FUN_005dec70,148,1,unknown,,unknown,0,0
0x005ded04,FUN_005ded04,140,1,unknown,,unknown,0,0
0x005deeb4,FUN_005deeb4,272,4,unknown,,unknown,0,0
0x005defc4,FUN_005defc4,384,4,unknown,,unknown,0,0
0x005df294,FUN_005df294,76,33,unknown,,unknown,0,0
0x005df2e0,FUN_005df2e0,60,106,unknown,,unknown,0,0
0x005df31c,FUN_005df31c,356,31,unknown,,unknown,0,0
0x005df480,FUN_005df480,744,10,unknown,,unknown,0,0
0x005df768,FUN_005df768,228,1,unknown,,unknown,0,0
0x005df84c,FUN_005df84c,328,2,unknown,,unknown,0,0
0x005dfb08,FUN_005dfb08,244,2,unknown,,unknown,0,0
0x005dfc70,FUN_005dfc70,184,2,unknown,,unknown,0,0
0x005e02a4,FUN_005e02a4,708,2,unknown,,unknown,0,0
0x005e0568,FUN_005e0568,168,2,unknown,,unknown,0,0
0x005e07ac,FUN_005e07ac,620,2,unknown,,unknown,0,0
0x005e157c,FUN_005e157c,764,4,unknown,,unknown,0,0
0x005e1878,FUN_005e1878,224,3,unknown,,unknown,0,0
0x005e1958,FUN_005e1958,60,1,unknown,,unknown,0,0
0x005e24c8,FUN_005e24c8,1416,1,unknown,,unknown,0,0
0x005e2a50,FUN_005e2a50,692,1,unknown,,unknown,0,0
0x005e2d04,FUN_005e2d04,1800,2,unknown,,unknown,0,0
0x005e340c,FUN_005e340c,3952,2,unknown,,unknown,0,0
0x005e437c,FUN_005e437c,172,3,unknown,,unknown,0,0
0x005e4428,FUN_005e4428,624,1,unknown,,unknown,0,0
0x005e4698,FUN_005e4698,1812,1,unknown,,unknown,0,0
0x005e4dac,FUN_005e4dac,5392,8,unknown,,unknown,0,0
0x005e62bc,FUN_005e62bc,100,142,unknown,,unknown,0,0
0x005e6320,FUN_005e6320,100,10,unknown,,unknown,0,0
0x005e6384,FUN_005e6384,72,228,unknown,,unknown,0,0
0x005e63cc,FUN_005e63cc,768,9,unknown,,unknown,0,0
0x005e66cc,FUN_005e66cc,836,1,unknown,,unknown,0,0
0x005e6a10,FUN_005e6a10,32,1,unknown,,unknown,0,0
0x005e6a3c,FUN_005e6a3c,140,2,unknown,,unknown,0,0
0x005e6ac8,FUN_005e6ac8,40,1,unknown,,unknown,0,0
0x005e6af0,FUN_005e6af0,40,1,unknown,,unknown,0,0
0x005e6b18,FUN_005e6b18,304,1,unknown,,unknown,0,0
0x005e6c48,FUN_005e6c48,128,1,unknown,,unknown,0,0
0x005e7004,FUN_005e7004,48,1,unknown,,unknown,0,0
0x005e74b0,FUN_005e74b0,52,15,unknown,,unknown,0,0
0x005e75e4,FUN_005e75e4,156,1117,unknown,,unknown,0,0
0x005e7680,FUN_005e7680,76,4,unknown,,unknown,0,0
0x005e791c,FUN_005e791c,76,4,unknown,,unknown,0,0
0x005e7bb8,FUN_005e7bb8,520,490,unknown,,unknown,0,0
0x005e7ed0,FUN_005e7ed0,124,90,unknown,,unknown,0,0
0x005e817c,FUN_005e817c,296,366,unknown,,unknown,0,0
0x005e82a4,FUN_005e82a4,196,1,unknown,,unknown,0,0
0x005e8368,FUN_005e8368,56,54,unknown,,unknown,0,0
0x005e83a0,FUN_005e83a0,368,1,unknown,,unknown,0,0
0x005e8510,FUN_005e8510,300,33,unknown,,unknown,0,0
0x005e863c,FUN_005e863c,368,1,unknown,,unknown,0,0
0x005e87ac,FUN_005e87ac,300,4,unknown,,unknown,0,0
0x005e88d8,FUN_005e88d8,360,1,unknown,,unknown,0,0
0x005e8a40,FUN_005e8a40,300,21,unknown,,unknown,0,0
0x005e8b6c,FUN_005e8b6c,360,1,unknown,,unknown,0,0
0x005e8cd4,FUN_005e8cd4,300,6,unknown,,unknown,0,0
0x005e8e00,FUN_005e8e00,128,742,unknown,,unknown,0,0
0x005e8e80,FUN_005e8e80,32,182,unknown,,unknown,0,0
0x005e97c0,FUN_005e97c0,432,11,unknown,,unknown,0,0
0x005ea15c,FUN_005ea15c,608,320,unknown,,unknown,0,0
0x005ea3bc,FUN_005ea3bc,284,1169,unknown,,unknown,0,0
0x005ea4d8,FUN_005ea4d8,472,1,unknown,,unknown,0,0
0x005ea6b0,FUN_005ea6b0,300,52,unknown,,unknown,0,0
0x005ea7dc,FUN_005ea7dc,204,1,unknown,,unknown,0,0
0x005ea8a8,FUN_005ea8a8,56,54,unknown,,unknown,0,0
0x005ea98c,FUN_005ea98c,632,3,unknown,,unknown,0,0
0x005eac90,FUN_005eac90,512,5,unknown,,unknown,0,0
0x005eaef8,FUN_005eaef8,2760,5,unknown,,unknown,0,0
0x005ed73c,FUN_005ed73c,396,5,unknown,,unknown,0,0
0x005ed8c8,FUN_005ed8c8,7380,2,unknown,,unknown,0,0
0x005efec4,FUN_005efec4,196,1,unknown,,unknown,0,0
0x005eff88,FUN_005eff88,56,39,unknown,,unknown,0,0
0x005f0030,FUN_005f0030,364,458,unknown,,unknown,0,0
0x005f019c,FUN_005f019c,424,78,unknown,,unknown,0,0
0x005f0400,FUN_005f0400,428,11,unknown,,unknown,0,0
0x005f0668,FUN_005f0668,424,102,unknown,,unknown,0,0
0x005f08cc,FUN_005f08cc,428,53,unknown,,unknown,0,0
0x005f0b34,FUN_005f0b34,420,20,unknown,,unknown,0,0
0x005f0cd8,FUN_005f0cd8,2328,109,unknown,,unknown,0,0
0x005f1618,FUN_005f1618,240,73,unknown,,unknown,0,0
0x005f1708,FUN_005f1708,252,4,unknown,,unknown,0,0
0x005f1804,FUN_005f1804,2028,71,unknown,,unknown,0,0
0x005f2100,FUN_005f2100,2100,1,unknown,,unknown,0,0
0x005f299c,FUN_005f299c,128,44,unknown,,unknown,0,0
0x005f2a1c,FUN_005f2a1c,668,89,unknown,,unknown,0,0
0x005f2d94,FUN_005f2d94,672,23,unknown,,unknown,0,0
0x005f3110,FUN_005f3110,672,27,unknown,,unknown,0,0
0x005f348c,FUN_005f348c,672,13,unknown,,unknown,0,0
0x005f3808,FUN_005f3808,220,173,unknown,,unknown,0,0
0x005f3c78,FUN_005f3c78,196,1,unknown,,unknown,0,0
0x005f3d3c,FUN_005f3d3c,56,19,unknown,,unknown,0,0
0x005f3de4,FUN_005f3de4,416,23,unknown,,unknown,0,0
0x005f4038,FUN_005f4038,420,27,unknown,,unknown,0,0
0x005f4290,FUN_005f4290,332,275,unknown,,unknown,0,0
0x005f43dc,FUN_005f43dc,516,103,unknown,,unknown,0,0
0x005f4b3c,FUN_005f4b3c,196,1,unknown,,unknown,0,0
0x005f4c00,FUN_005f4c00,56,9,unknown,,unknown,0,0
0x005f4d94,FUN_005f4d94,288,53,unknown,,unknown,0,0
0x005f551c,FUN_005f551c,232,3,unknown,,unknown,0,0
0x005f5604,FUN_005f5604,24,28,unknown,,unknown,0,0
0x005f561c,FUN_005f561c,220,2,unknown,,unknown,0,0
0x005f56f8,FUN_005f56f8,220,6,unknown,,unknown,0,0
0x005f67b4,FUN_005f67b4,1204,2,unknown,,unknown,0,0
0x005f7354,FUN_005f7354,216,3,unknown,,unknown,0,0
0x005f742c,FUN_005f742c,1384,6,unknown,,unknown,0,0
0x005f79fc,FUN_005f79fc,216,3,unknown,,unknown,0,0
0x005f7ad4,FUN_005f7ad4,1384,2,unknown,,unknown,0,0
0x005f80a4,FUN_005f80a4,228,4,unknown,,unknown,0,0
0x005f8188,FUN_005f8188,2092,1,unknown,,unknown,0,0
0x005f8a1c,FUN_005f8a1c,3176,6,unknown,,unknown,0,0
0x005f9708,FUN_005f9708,1360,1,unknown,,unknown,0,0
0x005fa0c0,FUN_005fa0c0,2972,2,red,lib/libcodec,source-path,3,1
0x005fad00,FUN_005fad00,260,19,unknown,,unknown,0,0
0x005fae2c,FUN_005fae2c,648,6,unknown,,unknown,0,0
0x005fb11c,FUN_005fb11c,44,24,unknown,,unknown,0,0
0x005fb148,FUN_005fb148,32,9,unknown,,unknown,0,0
0x005fb168,FUN_005fb168,32,5,unknown,,unknown,0,0
0x005fb188,FUN_005fb188,1028,2,unknown,,unknown,0,0
0x005fb758,FUN_005fb758,324,16,unknown,,unknown,0,0
0x005fbc34,FUN_005fbc34,444,22,unknown,,unknown,0,0
0x005fbdf0,FUN_005fbdf0,2184,3,unknown,,unknown,0,0
0x005fc6e0,FUN_005fc6e0,224,3,unknown,,unknown,0,0
0x005fc7c0,FUN_005fc7c0,984,20,unknown,,unknown,0,0
0x005fdc38,FUN_005fdc38,1868,8,unknown,,unknown,0,0
0x005fe544,FUN_005fe544,620,3,unknown,,unknown,0,0
0x005fe868,FUN_005fe868,412,1,unknown,,unknown,0,0
0x005fea5c,FUN_005fea5c,1276,2,unknown,,unknown,0,0
0x005fefc0,FUN_005fefc0,2012,1,unknown,,unknown,0,0
0x005ff79c,FUN_005ff79c,240,2,unknown,,unknown,0,0
0x00600854,FUN_00600854,368,7,unknown,,unknown,0,0
0x00600a3c,FUN_00600a3c,384,4,unknown,,unknown,0,0
0x00600c34,FUN_00600c34,1732,5,unknown,,unknown,0,0
0x00601478,FUN_00601478,484,1,unknown,,unknown,0,0
0x00603020,FUN_00603020,196,1,unknown,,unknown,0,0
0x006030e4,FUN_006030e4,56,1,unknown,,unknown,0,0
0x0060318c,FUN_0060318c,668,9,unknown,,unknown,0,0
0x006035e0,FUN_006035e0,424,79,unknown,,unknown,0,0
0x00603904,FUN_00603904,220,2,unknown,,unknown,0,0
0x006039e0,FUN_006039e0,240,1,unknown,,unknown,0,0
0x00603d68,FUN_00603d68,200,8,unknown,,unknown,0,0
0x00603f40,FUN_00603f40,692,12,unknown,,unknown,0,0
0x0060431c,FUN_0060431c,300,13,unknown,,unknown,0,0
0x00604448,FUN_00604448,1588,1,unknown,,unknown,0,0
0x00604b30,FUN_00604b30,1332,5,unknown,,unknown,0,0
0x00605258,FUN_00605258,180,41,unknown,,unknown,0,0
0x0060530c,FUN_0060530c,5772,8,unknown,,unknown,0,0
0x0060a278,FUN_0060a278,8860,3,unknown,,unknown,0,0
0x0060d734,FUN_0060d734,1684,4,unknown,,unknown,0,0
0x0060df90,FUN_0060df90,1548,23,unknown,,unknown,0,0
0x0060e7d8,FUN_0060e7d8,300,75,unknown,,unknown,0,0
0x0060e904,FUN_0060e904,1724,2,unknown,,unknown,0,0
0x0060f2d0,FUN_0060f2d0,1696,5,unknown,,unknown,0,0
0x0060ff4c,FUN_0060ff4c,2096,1,unknown,,unknown,0,0
0x006107e4,FUN_006107e4,128,8,unknown,,unknown,0,0
0x00610a18,FUN_00610a18,220,2,unknown,,unknown,0,0
0x00610b64,FUN_00610b64,160,6,unknown,,unknown,0,0
0x00610f84,FUN_00610f84,92,52,unknown,,unknown,0,0
0x00610fe0,FUN_00610fe0,384,6,unknown,,unknown,0,0
0x006111a0,FUN_006111a0,1696,5,unknown,,unknown,0,0
0x00611b50,FUN_00611b50,132,6,unknown,,unknown,0,0
0x00611bd4,FUN_00611bd4,1488,1,vxworks,,string-flavor,2,0
0x006121e4,FUN_006121e4,128,52,unknown,,unknown,0,0
0x00612264,FUN_00612264,28,18,unknown,,unknown,0,0
0x00612280,FUN_00612280,128,12,unknown,,unknown,0,0
0x00612300,FUN_00612300,1488,4,vxworks,,string-flavor,2,0
0x00612910,FUN_00612910,1488,1,vxworks,,string-flavor,2,0
0x00612f20,FUN_00612f20,2100,6,vxworks,,string-flavor,2,0
0x00613d04,FUN_00613d04,924,7,unknown,,unknown,0,0
0x006140c0,FUN_006140c0,516,2,unknown,,unknown,0,0
0x006142e4,FUN_006142e4,772,4,unknown,,unknown,0,0
0x00614760,FUN_00614760,1548,5,unknown,,unknown,0,0
0x00614fa8,FUN_00614fa8,1144,1,unknown,,unknown,0,0
0x0061554c,FUN_0061554c,384,4,unknown,,unknown,0,0
0x00615818,FUN_00615818,200,3,unknown,,unknown,0,0
0x0061593c,FUN_0061593c,1476,5,unknown,,unknown,0,0
0x00616020,FUN_00616020,1196,5,unknown,,unknown,0,0
0x006165ec,FUN_006165ec,496,2,unknown,,unknown,0,0
0x00616828,FUN_00616828,704,2,unknown,,unknown,0,0
0x00616bb4,FUN_00616bb4,704,3,unknown,,unknown,0,0
0x00616f40,FUN_00616f40,552,35,unknown,,unknown,0,0
0x00617168,FUN_00617168,2212,1,unknown,,unknown,0,0
0x00617af4,FUN_00617af4,2212,1,unknown,,unknown,0,0
0x00618480,FUN_00618480,2212,1,unknown,,unknown,0,0
0x00618e0c,FUN_00618e0c,2212,1,unknown,,unknown,0,0
0x00619798,FUN_00619798,412,2,unknown,,unknown,0,0
0x00619ccc,FUN_00619ccc,228,4,unknown,,unknown,0,0
0x00619db0,FUN_00619db0,1312,2,unknown,,unknown,0,0
0x0061a308,FUN_0061a308,2236,9,unknown,,unknown,0,0
0x0061ac20,FUN_0061ac20,604,1,unknown,,unknown,0,0
0x0061b17c,FUN_0061b17c,604,1,unknown,,unknown,0,0
0x0061b6d8,FUN_0061b6d8,604,1,unknown,,unknown,0,0
0x0061bc34,FUN_0061bc34,620,1,unknown,,unknown,0,0
0x0061c1a0,FUN_0061c1a0,2152,1,unknown,,unknown,0,0
0x0061ca50,FUN_0061ca50,2152,1,unknown,,unknown,0,0
0x0061d300,FUN_0061d300,2152,1,unknown,,unknown,0,0
0x0061dbb0,FUN_0061dbb0,2152,2,unknown,,unknown,0,0
0x0061e764,FUN_0061e764,100,6,unknown,,unknown,0,0
0x0061e7c8,FUN_0061e7c8,632,7,unknown,,unknown,0,0
0x0061ec18,FUN_0061ec18,3200,12,red,lib/libvpconfig,source-path,3,1
0x0061fa98,FUN_0061fa98,3452,1,unknown,,unknown,0,0
0x00620814,FUN_00620814,4200,1,unknown,,unknown,0,0
0x0062187c,FUN_0062187c,476,9,unknown,,unknown,0,0
0x00621da0,FUN_00621da0,704,59,unknown,,unknown,0,0
0x00622060,FUN_00622060,224,11,unknown,,unknown,0,0
0x00622188,FUN_00622188,272,1,unknown,,unknown,0,0
0x00622298,FUN_00622298,2016,2,unknown,,unknown,0,0
0x00622ae0,FUN_00622ae0,1004,4,unknown,,unknown,0,0
0x00622ecc,FUN_00622ecc,1620,152,unknown,,unknown,0,0
0x00623b0c,FUN_00623b0c,204,8,unknown,,unknown,0,0
0x00623c74,FUN_00623c74,1648,1,unknown,,unknown,0,0
0x006244bc,FUN_006244bc,3056,4,unknown,,unknown,0,0
0x00625114,FUN_00625114,116,3,unknown,,unknown,0,0
0x00625188,FUN_00625188,240,2,unknown,,unknown,0,0
0x006252f4,FUN_006252f4,1696,2,unknown,,unknown,0,0
0x00625ca4,FUN_00625ca4,1452,2,unknown,,unknown,0,0
0x00626290,FUN_00626290,256,1,unknown,,unknown,0,0
0x00626390,FUN_00626390,752,3,unknown,,unknown,0,0
0x006266c0,FUN_006266c0,24,11,unknown,,unknown,0,0
0x00626824,FUN_00626824,44,48,unknown,,unknown,0,0
0x006272e8,FUN_006272e8,2096,6,unknown,,unknown,0,0
0x00627b80,FUN_00627b80,2096,1,unknown,,unknown,0,0
0x00628418,FUN_00628418,384,1,unknown,,unknown,0,0
0x006289a8,FUN_006289a8,384,1,unknown,,unknown,0,0
0x00628f38,FUN_00628f38,2096,1,unknown,,unknown,0,0
0x006297d0,FUN_006297d0,384,1,unknown,,unknown,0,0
0x00629d60,FUN_00629d60,384,1,unknown,,unknown,0,0
0x0062a2f0,FUN_0062a2f0,384,3,unknown,,unknown,0,0
0x0062a8ec,FUN_0062a8ec,384,1,unknown,,unknown,0,0
0x0062ae7c,FUN_0062ae7c,384,1,unknown,,unknown,0,0
0x0062b40c,FUN_0062b40c,384,1,unknown,,unknown,0,0
0x0062b99c,FUN_0062b99c,384,3,unknown,,unknown,0,0
0x0062bf98,FUN_0062bf98,2096,1,unknown,,unknown,0,0
0x0062c8d4,FUN_0062c8d4,2096,5,unknown,,unknown,0,0
0x0062d210,FUN_0062d210,2096,1,unknown,,unknown,0,0
0x0062db4c,FUN_0062db4c,2096,1,unknown,,unknown,0,0
0x0062e488,FUN_0062e488,2096,1,unknown,,unknown,0,0
0x0062edc4,FUN_0062edc4,2096,1,unknown,,unknown,0,0
0x0062f700,FUN_0062f700,2096,3,unknown,,unknown,0,0
0x00632898,FUN_00632898,2096,1,unknown,,unknown,0,0
0x006331d4,FUN_006331d4,2096,1,unknown,,unknown,0,0
0x00633b10,FUN_00633b10,2360,1,unknown,,unknown,0,0
0x00634740,FUN_00634740,288,1,unknown,,unknown,0,0
0x00634860,FUN_00634860,116,5,unknown,,unknown,0,0
0x006348d4,FUN_006348d4,3056,4,unknown,,unknown,0,0
0x0063552c,FUN_0063552c,424,1,unknown,,unknown,0,0
0x006356d4,FUN_006356d4,2292,1,unknown,,unknown,0,0
0x00636030,FUN_00636030,504,8,unknown,,unknown,0,0
0x00636228,FUN_00636228,240,1,unknown,,unknown,0,0
0x00636318,FUN_00636318,60,19,unknown,,unknown,0,0
0x00636354,FUN_00636354,56,19,unknown,,unknown,0,0
0x0063638c,FUN_0063638c,204,1,unknown,,unknown,0,0
0x00636458,FUN_00636458,56,7,unknown,,unknown,0,0
0x00636490,FUN_00636490,404,1,unknown,,unknown,0,0
0x00636624,FUN_00636624,300,7,unknown,,unknown,0,0
0x00636750,FUN_00636750,256,10,unknown,,unknown,0,0
0x006369b4,FUN_006369b4,16,15,unknown,,unknown,0,0
0x006369c4,FUN_006369c4,328,2,unknown,,unknown,0,0
0x00636ba8,FUN_00636ba8,696,1,unknown,,unknown,0,0
0x00636e9c,FUN_00636e9c,4444,2,unknown,,unknown,0,0
0x00638058,FUN_00638058,1372,1,unknown,,unknown,0,0
0x00638904,FUN_00638904,2172,3,unknown,,unknown,0,0
0x00639690,FUN_00639690,556,38,unknown,,unknown,0,0
0x00639960,FUN_00639960,96,1,unknown,,unknown,0,0
0x00639a60,FUN_00639a60,108,4,unknown,,unknown,0,0
0x00639acc,FUN_00639acc,368,2,unknown,,unknown,0,0
0x00639c3c,FUN_00639c3c,668,7,unknown,,unknown,0,0
0x00639f90,FUN_00639f90,328,1,unknown,,unknown,0,0
0x0063a0d8,FUN_0063a0d8,72,1,unknown,,unknown,0,0
0x0063a120,FUN_0063a120,48,2,unknown,,unknown,0,0
0x0063a1bc,FUN_0063a1bc,68,15,unknown,,unknown,0,0
0x0063a200,FUN_0063a200,72,1,unknown,,unknown,0,0
0x0063a248,FUN_0063a248,84,2,unknown,,unknown,0,0
0x0063a29c,FUN_0063a29c,52,1,unknown,,unknown,0,0
0x0063a2d0,FUN_0063a2d0,1296,2,unknown,,unknown,0,0
0x0063a968,FUN_0063a968,1276,6,unknown,,unknown,0,0
0x0063affc,FUN_0063affc,120,11,unknown,,unknown,0,0
0x0063b074,FUN_0063b074,24,5,unknown,,unknown,0,0
0x0063b3ec,FUN_0063b3ec,68,9,unknown,,unknown,0,0
0x0063b5b4,FUN_0063b5b4,196,61,unknown,,unknown,0,0
0x0063b678,FUN_0063b678,220,46,unknown,,unknown,0,0
0x0063b754,FUN_0063b754,220,1,unknown,,unknown,0,0
0x0063b94c,FUN_0063b94c,104,2,unknown,,unknown,0,0
0x0063b9b4,FUN_0063b9b4,812,1,unknown,,unknown,0,0
0x0063bcfc,FUN_0063bcfc,220,4,unknown,,unknown,0,0
0x0063bdd8,FUN_0063bdd8,188,4,unknown,,unknown,0,0
0x0063be94,FUN_0063be94,188,4,unknown,,unknown,0,0
0x0063bf50,FUN_0063bf50,200,1,unknown,,unknown,0,0
0x0063c018,FUN_0063c018,88,1,unknown,,unknown,0,0
0x0063c070,FUN_0063c070,248,1,unknown,,unknown,0,0
0x0063c168,FUN_0063c168,316,1,unknown,,unknown,0,0
0x0063c2a4,FUN_0063c2a4,180,6,unknown,,unknown,0,0
0x0063c358,FUN_0063c358,168,3,unknown,,unknown,0,0
0x0063c400,FUN_0063c400,192,2,unknown,,unknown,0,0
0x0063c4c0,FUN_0063c4c0,196,2,unknown,,unknown,0,0
0x0063c584,FUN_0063c584,424,1,unknown,,unknown,0,0
0x0063c758,FUN_0063c758,232,3,unknown,,unknown,0,0
0x0063c840,FUN_0063c840,172,2,unknown,,unknown,0,0
0x0063ca50,FUN_0063ca50,232,1,unknown,,unknown,0,0
0x0063cb38,FUN_0063cb38,228,2,unknown,,unknown,0,0
0x0063cc1c,FUN_0063cc1c,160,6,unknown,,unknown,0,0
0x0063ccbc,FUN_0063ccbc,160,4,unknown,,unknown,0,0
0x0063cd5c,FUN_0063cd5c,160,4,unknown,,unknown,0,0
0x0063ce10,FUN_0063ce10,348,3,unknown,,unknown,0,0
0x0063cf6c,FUN_0063cf6c,280,2,unknown,,unknown,0,0
0x0063d504,FUN_0063d504,200,17,unknown,,unknown,0,0
0x0063d5cc,FUN_0063d5cc,104,64,unknown,,unknown,0,0
0x0063d634,FUN_0063d634,96,4,unknown,,unknown,0,0
0x0063d694,FUN_0063d694,68,9,unknown,,unknown,0,0
0x0063d6d8,FUN_0063d6d8,132,3,unknown,,unknown,0,0
0x0063d75c,FUN_0063d75c,52,3,unknown,,unknown,0,0
0x0063d790,FUN_0063d790,48,3,unknown,,unknown,0,0
0x0063d7c0,FUN_0063d7c0,56,3,unknown,,unknown,0,0
0x0063d7f8,FUN_0063d7f8,52,1,unknown,,unknown,0,0
0x0063d82c,FUN_0063d82c,220,3,unknown,,unknown,0,0
0x0063d908,FUN_0063d908,48,5,unknown,,unknown,0,0
0x0063d938,FUN_0063d938,96,2,unknown,,unknown,0,0
0x0063d998,FUN_0063d998,52,1,unknown,,unknown,0,0
0x0063d9cc,FUN_0063d9cc,52,3,unknown,,unknown,0,0
0x0063da00,FUN_0063da00,136,39,unknown,,unknown,0,0
0x0063daf8,FUN_0063daf8,1228,3,unknown,,unknown,0,0
0x0063e124,FUN_0063e124,24,2,unknown,,unknown,0,0
0x0063e13c,FUN_0063e13c,84,12,unknown,,unknown,0,0
0x0063e1d4,FUN_0063e1d4,396,2,unknown,,unknown,0,0
0x0063e6a8,FUN_0063e6a8,1196,2,unknown,,unknown,0,0
0x0063ebf8,FUN_0063ebf8,1280,2,unknown,,unknown,0,0
0x0063f1c4,FUN_0063f1c4,544,3,unknown,,unknown,0,0
0x0063f420,FUN_0063f420,544,3,unknown,,unknown,0,0
0x0063f67c,FUN_0063f67c,500,3,unknown,,unknown,0,0
0x0063f8e4,FUN_0063f8e4,424,1,unknown,,unknown,0,0
0x006431b0,FUN_006431b0,7012,2,unknown,,unknown,0,0
0x00646618,FUN_00646618,3084,10,unknown,,unknown,0,0
0x006472e0,FUN_006472e0,2244,2,unknown,,unknown,0,0
0x006493cc,FUN_006493cc,8980,2,unknown,,unknown,0,0
0x0064c3ac,FUN_0064c3ac,72,1,unknown,,unknown,0,0
0x0064c3f4,FUN_0064c3f4,72,3,unknown,,unknown,0,0
0x0064c43c,FUN_0064c43c,52,1,unknown,,unknown,0,0
0x0064c470,FUN_0064c470,52,1,unknown,,unknown,0,0
0x0064c4a4,FUN_0064c4a4,72,1,unknown,,unknown,0,0
0x0064c4ec,FUN_0064c4ec,80,2,unknown,,unknown,0,0
0x0064c53c,FUN_0064c53c,128,2,unknown,,unknown,0,0
