frame_idx,entropy,all_zero,ascii
0,0.1607,0,0
1,0.2798,0,0
2,0.1607,0,0
3,0.3088,0,0
4,0.7829,0,0
5,1.2187,0,0
6,1.4444,0,1
7,0.5931,0,0
8,0.0000,1,0
9,0.0000,1,0
10,0.0000,1,0
11,0.0000,1,0
12,0.0000,1,0
13,0.0000,1,0
14,0.0000,1,0
15,0.0000,1,0
16,0.0000,1,0
17,0.0000,1,0
18,0.0000,1,0
19,0.2020,0,0
20,0.9119,0,0
21,1.3992,0,0
22,1.1237,0,0
23,1.1085,0,0
24,2.6779,0,1
25,3.4412,0,0
26,3.8100,0,1
27,2.4470,0,0
28,2.3168,0,0
29,2.5728,0,0
30,2.2567,0,0
31,2.9193,0,0
32,4.4846,0,0
33,3.9017,0,0
34,3.2463,0,0
35,3.0998,0,1
36,4.1939,0,0
37,3.2859,0,0
38,3.0895,0,0
39,4.6884,0,0
40,4.4213,0,0
41,4.3672,0,0
42,0.5454,0,0
43,2.0964,0,0
44,1.1244,0,0
45,1.6480,0,0
46,3.5804,0,1
47,3.9946,0,0
48,4.3192,0,0
49,3.2929,0,0
50,2.4993,0,0
51,3.0056,0,0
52,2.5369,0,0
53,2.2429,0,0
54,4.6174,0,1
55,4.3725,0,1
56,3.9968,0,0
57,4.0707,0,1
58,4.5022,0,1
59,3.9540,0,0
60,4.1657,0,0
61,5.0527,0,0
62,4.6032,0,0
63,4.5941,0,1
64,1.2671,0,0
65,2.2217,0,0
66,1.2715,0,0
67,2.0618,0,0
68,3.8865,0,0
69,4.8222,0,1
70,5.0381,0,1
71,3.2614,0,0
72,3.2101,0,0
73,3.0011,0,0
74,2.8308,0,0
75,2.7148,0,0
76,4.8527,0,0
77,4.8680,0,1
78,4.2749,0,1
79,3.8968,0,1
80,4.0275,0,0
81,3.5297,0,0
82,4.0498,0,0
83,4.5249,0,0
84,4.3130,0,0
85,4.2231,0,0
86,1.2840,0,0
87,2.2400,0,0
88,1.5236,0,0
89,2.1710,0,0
90,4.0051,0,0
91,5.0094,0,0
92,5.1517,0,1
93,3.9161,0,0
94,2.7047,0,0
95,3.3306,0,0
96,2.5123,0,0
97,2.9570,0,0
98,4.6103,0,0
99,4.7842,0,0
100,3.5653,0,0
101,3.5210,0,1
102,4.4266,0,1
103,4.2055,0,0
104,4.2654,0,0
105,4.5700,0,1
106,4.2100,0,0
107,4.1322,0,0
108,1.5551,0,0
109,2.1954,0,0
110,1.4795,0,0
111,1.9193,0,0
112,4.0346,0,0
113,4.9432,0,0
114,5.1908,0,1
115,3.7166,0,0
116,2.5129,0,0
117,3.6999,0,0
118,2.6123,0,0
119,2.4321,0,0
120,4.8368,0,1
121,4.3842,0,0
122,3.8332,0,1
123,3.5810,0,1
124,4.5184,0,0
125,3.9002,0,0
126,4.2506,0,0
127,4.5915,0,0
128,3.9950,0,0
129,4.0647,0,0
130,1.8229,0,0
131,2.0989,0,0
132,1.1287,0,0
133,2.0839,0,0
134,3.9778,0,0
135,4.6704,0,1
136,5.2072,0,0
137,3.2606,0,0
138,3.1615,0,0
139,3.5091,0,0
140,2.4763,0,0
141,2.7113,0,0
142,4.9361,0,1
143,4.7460,0,0
144,3.8997,0,1
145,3.8113,0,0
146,3.7581,0,0
147,3.0912,0,0
148,4.4350,0,0
149,4.5703,0,0
150,4.3138,0,0
151,3.2899,0,0
152,1.7011,0,0
153,2.3440,0,0
154,2.2013,0,0
155,1.4181,0,0
156,3.5302,0,0
157,4.5029,0,1
158,5.1166,0,1
159,2.7968,0,0
160,1.3662,0,0
161,1.5120,0,0
162,1.2669,0,0
163,0.9256,0,0
164,2.6307,0,0
165,2.3909,0,0
166,2.3159,0,1
167,1.2018,0,0
168,0.5458,0,0
169,1.1404,0,0
170,1.9985,0,0
171,1.3432,0,0
172,1.8124,0,0
173,3.2124,0,0
174,1.1043,0,0
175,1.6786,0,0
176,3.5633,0,0
177,2.0923,0,0
178,3.6975,0,1
179,0.0000,1,0
180,0.0000,1,0
181,0.0000,1,0
182,1.7576,0,0
183,3.5415,0,0
184,2.8551,0,0
185,2.2160,0,0
186,3.7688,0,0
187,5.2136,0,0
188,5.2379,0,1
189,3.6520,0,0
190,3.0204,0,0
191,3.1083,0,1
192,2.3313,0,0
193,2.5610,0,0
194,4.5472,0,0
195,4.5719,0,1
196,4.1689,0,1
197,4.3314,0,1
198,4.1055,0,0
199,3.1628,0,1
200,4.0317,0,0
201,4.8302,0,0
202,3.5608,0,0
203,4.1630,0,0
204,1.8056,0,0
205,3.4005,0,0
206,2.4457,0,0
207,2.9124,0,0
208,4.3241,0,0
209,5.0509,0,0
210,5.2186,0,1
211,3.9366,0,1
212,2.3731,0,0
213,2.8913,0,0
214,2.0327,0,0
215,2.3719,0,0
216,4.4194,0,1
217,4.0626,0,0
218,4.4187,0,1
219,4.2409,0,1
220,4.2929,0,0
221,3.8986,0,0
222,4.2271,0,0
223,4.3786,0,1
224,4.3500,0,0
225,3.4055,0,0
226,1.8978,0,0
227,3.3272,0,0
228,2.5084,0,0
229,2.6163,0,0
230,4.3953,0,0
231,5.2945,0,0
232,5.5051,0,1
233,4.1854,0,1
234,2.7960,0,0
235,2.9568,0,0
236,2.4871,0,0
237,2.8528,0,0
238,4.7551,0,1
239,4.5483,0,1
240,4.6656,0,1
241,4.1502,0,1
242,3.8799,0,0
243,3.5079,0,1
244,3.7859,0,0
245,4.5554,0,1
246,4.5222,0,0
247,2.1547,0,0
248,2.1249,0,0
249,3.3983,0,0
250,2.5281,0,0
251,2.7550,0,0
252,4.3342,0,0
253,5.2661,0,1
254,5.4191,0,1
255,3.5929,0,1
256,2.7690,0,0
257,3.1923,0,1
258,2.8782,0,0
259,2.8261,0,0
260,4.9204,0,0
261,4.8286,0,1
262,4.5380,0,1
263,4.3798,0,1
264,3.7218,0,0
265,3.8165,0,0
266,3.8765,0,0
267,4.8231,0,1
268,4.3225,0,0
269,3.2773,0,0
270,1.5315,0,0
271,2.7985,0,0
272,2.2138,0,0
273,2.3667,0,0
274,4.3173,0,1
275,5.2727,0,0
276,5.6464,0,1
277,3.2953,0,0
278,3.0849,0,0
279,3.1266,0,0
280,2.4399,0,0
281,2.5620,0,0
282,4.5087,0,0
283,4.7820,0,0
284,3.9667,0,1
285,4.2138,0,1
286,3.5352,0,1
287,3.1901,0,0
288,3.6130,0,0
289,4.3676,0,1
290,4.1547,0,0
291,2.9289,0,0
292,1.8715,0,0
293,3.1060,0,0
294,1.8905,0,0
295,2.7197,0,0
296,4.2398,0,0
297,5.0354,0,0
298,5.5744,0,1
299,3.2588,0,0
300,2.5679,0,0
301,3.0381,0,0
302,2.5371,0,0
303,2.5208,0,0
304,4.4971,0,0
305,4.5048,0,0
306,4.3296,0,1
307,4.1441,0,1
308,3.7867,0,0
309,3.4982,0,0
310,3.8261,0,0
311,4.3663,0,1
312,4.4568,0,0
313,3.4063,0,1
314,1.4731,0,0
315,2.9220,0,0
316,1.9556,0,0
317,2.3510,0,0
318,4.1280,0,0
319,5.0570,0,1
320,5.2817,0,1
321,3.4623,0,0
322,3.1943,0,0
323,3.2979,0,0
324,2.5136,0,0
325,2.4523,0,0
326,4.6299,0,0
327,5.0191,0,0
328,3.7315,0,1
329,4.4416,0,1
330,3.6631,0,1
331,3.8119,0,0
332,4.0400,0,0
333,5.0345,0,0
334,4.2981,0,0
335,4.3116,0,0
336,1.8722,0,0
337,3.2192,0,0
338,2.4641,0,0
339,2.5086,0,0
340,4.1759,0,0
341,4.6819,0,0
342,5.2673,0,1
343,3.4260,0,1
344,2.9283,0,0
345,3.3245,0,0
346,2.0435,0,0
347,2.3499,0,0
348,4.6112,0,1
349,4.5030,0,0
350,3.9718,0,1
351,4.0395,0,1
352,3.8446,0,0
353,3.3418,0,0
354,3.8369,0,0
355,4.1185,0,0
356,4.1831,0,0
357,3.4586,0,1
358,0.9955,0,0
359,2.4638,0,0
360,1.6645,0,0
361,1.9042,0,0
362,3.9722,0,1
363,4.8885,0,0
364,4.9884,0,1
365,3.6386,0,0
366,2.8390,0,0
367,2.6517,0,0
368,2.5546,0,0
369,2.2988,0,0
370,4.1936,0,1
371,4.3145,0,1
372,3.7995,0,0
373,3.9108,0,0
374,4.8909,0,0
375,3.7909,0,0
376,3.9388,0,0
377,4.2613,0,0
378,4.5293,0,0
379,4.2395,0,0
380,1.3434,0,0
381,2.8685,0,0
382,1.8504,0,0
383,2.3061,0,0
384,3.9371,0,0
385,5.0448,0,0
386,5.1488,0,1
387,3.9334,0,0
388,2.7172,0,0
389,2.6417,0,0
390,3.1377,0,0
391,3.0030,0,0
392,4.7386,0,1
393,4.7895,0,1
394,4.2606,0,1
395,3.9027,0,0
396,4.0804,0,1
397,3.7452,0,0
398,3.7411,0,0
399,4.7310,0,0
400,3.9036,0,1
401,4.5811,0,1
402,1.2148,0,0
403,3.1214,0,0
404,2.0230,0,0
405,2.5408,0,0
406,3.7905,0,1
407,4.8164,0,0
408,5.2001,0,1
409,3.6380,0,0
410,2.5188,0,0
411,2.8921,0,0
412,2.4287,0,0
413,2.3534,0,0
414,4.4578,0,1
415,4.2652,0,1
416,3.7720,0,1
417,4.0360,0,1
418,3.8656,0,0
419,3.9682,0,0
420,3.9263,0,0
421,4.3049,0,1
422,4.1454,0,0
423,3.5910,0,1
424,1.6359,0,0
425,2.5240,0,0
426,1.8869,0,0
427,2.0010,0,0
428,4.2424,0,0
429,4.9830,0,0
430,5.1804,0,1
431,3.8357,0,1
432,2.7704,0,0
433,2.8442,0,0
434,2.5455,0,0
435,2.3289,0,0
436,4.6087,0,1
437,4.3636,0,0
438,4.0231,0,1
439,4.0941,0,0
440,4.2663,0,0
441,3.6633,0,0
442,4.0287,0,0
443,4.3100,0,0
444,4.3005,0,0
445,3.8922,0,0
446,1.2002,0,0
447,3.1540,0,0
448,2.1934,0,0
449,2.4267,0,0
450,4.4350,0,0
451,5.1044,0,1
452,5.5264,0,1
453,3.8710,0,0
454,3.1389,0,0
455,2.9545,0,0
456,2.7485,0,0
457,2.4023,0,0
458,4.6224,0,0
459,4.7070,0,1
460,3.4936,0,0
461,3.6307,0,1
462,4.3111,0,0
463,3.9645,0,0
464,4.0917,0,0
465,3.8170,0,0
466,3.9094,0,0
467,3.4654,0,0
468,1.3819,0,0
469,3.4673,0,0
470,2.3820,0,0
471,2.7862,0,0
472,4.3242,0,1
473,5.2036,0,0
474,5.4767,0,1
475,3.9703,0,0
476,2.6195,0,0
477,3.5285,0,0
478,3.0706,0,0
479,2.8718,0,0
480,4.8865,0,0
481,5.1895,0,1
482,4.0221,0,1
483,4.1132,0,1
484,3.7709,0,0
485,3.9712,0,0
486,4.1538,0,0
487,4.2881,0,0
488,4.4254,0,0
489,3.2373,0,1
490,1.6356,0,0
491,3.5473,0,0
492,2.6625,0,0
493,2.6825,0,0
494,4.4295,0,0
495,5.1708,0,0
496,5.5677,0,1
497,4.0670,0,0
498,3.0775,0,1
499,3.3346,0,1
500,2.3849,0,0
501,2.8780,0,0
502,4.9677,0,1
503,4.8118,0,1
504,3.8951,0,1
505,3.6977,0,0
506,3.3063,0,0
507,3.5825,0,0
508,4.3066,0,0
509,4.6398,0,1
510,4.4314,0,0
511,2.5991,0,0
512,1.6312,0,0
513,3.5276,0,0
514,2.6168,0,0
515,2.6404,0,0
516,4.6247,0,0
517,5.1419,0,0
518,5.4380,0,1
519,4.1511,0,0
520,3.2401,0,0
521,3.0210,0,1
522,2.7991,0,0
523,2.9715,0,0
524,5.2367,0,1
525,4.7433,0,0
526,3.5085,0,0
527,3.4740,0,1
528,3.6254,0,0
529,4.2391,0,0
530,4.0584,0,0
531,4.8823,0,1
532,4.5166,0,0
533,2.8275,0,1
534,1.6794,0,0
535,3.1855,0,0
536,2.4398,0,0
537,2.4052,0,0
538,4.4562,0,0
539,5.0040,0,0
540,5.6179,0,1
541,3.6107,0,0
542,1.6538,0,0
543,1.5874,0,0
544,2.6410,0,0
545,1.1325,0,0
546,4.1387,0,0
547,4.0674,0,0
548,4.4469,0,1
549,4.3078,0,0
550,0.8386,0,0
551,1.0463,0,0
552,3.6542,0,0
553,0.0000,1,0
554,0.0000,1,0
555,1.7501,0,0
556,3.3590,0,0
557,2.4012,0,0
558,2.8332,0,0
559,4.4667,0,0
560,5.4118,0,1
561,5.5380,0,1
562,4.0541,0,0
563,3.5390,0,1
564,3.2835,0,0
565,2.4512,0,0
566,3.0688,0,0
567,5.1646,0,1
568,4.9047,0,0
569,3.8065,0,1
570,4.1684,0,1
571,3.7366,0,0
572,3.5380,0,0
573,4.1595,0,0
574,4.5534,0,0
575,4.2696,0,0
576,3.2084,0,0
577,2.0413,0,0
578,3.9492,0,0
579,2.5664,0,0
580,3.4816,0,0
581,4.7944,0,1
582,5.1452,0,1
583,5.4656,0,1
584,4.3011,0,1
585,3.5068,0,0
586,2.8625,0,0
587,2.5158,0,0
588,2.3935,0,0
589,4.7422,0,0
590,4.6704,0,0
591,3.7493,0,0
592,3.9378,0,1
593,3.9057,0,0
594,3.7623,0,0
595,4.2086,0,0
596,4.2112,0,1
597,4.4613,0,0
598,3.2010,0,0
599,2.4744,0,0
600,4.2767,0,0
601,3.1598,0,0
602,3.4125,0,1
603,4.8489,0,1
604,5.3159,0,1
605,5.4322,0,1
606,4.4211,0,0
607,3.3177,0,0
608,3.2408,0,0
609,2.7878,0,0
610,2.4743,0,0
611,4.8244,0,0
612,4.9428,0,0
613,3.5588,0,1
614,3.3965,0,0
615,4.1260,0,1
616,4.0665,0,0
617,4.3104,0,0
618,3.9442,0,0
619,3.9666,0,0
620,3.8716,0,0
621,1.7346,0,0
622,3.5135,0,0
623,2.2795,0,0
624,3.0346,0,0
625,4.7811,0,0
626,5.2284,0,1
627,5.6200,0,1
628,4.1786,0,0
629,3.1776,0,0
630,3.2224,0,0
631,2.3959,0,0
632,2.5121,0,0
633,4.6507,0,1
634,4.6934,0,0
635,3.6211,0,1
636,3.6762,0,1
637,3.8446,0,0
638,3.4297,0,0
639,4.3132,0,0
640,4.1955,0,0
641,4.1515,0,0
642,3.3460,0,0
643,1.7653,0,0
644,3.3253,0,0
645,2.4058,0,0
646,2.7975,0,0
647,4.6234,0,1
648,5.2195,0,0
649,5.6484,0,1
650,3.8863,0,0
651,2.9500,0,0
652,3.1730,0,0
653,2.8282,0,0
654,2.4599,0,0
655,4.9057,0,0
656,4.6350,0,0
657,3.7686,0,1
658,3.9209,0,1
659,4.1525,0,1
660,3.2435,0,0
661,4.2336,0,0
662,3.6978,0,0
663,3.9623,0,0
664,4.0406,0,0
665,2.2384,0,0
666,3.4308,0,0
667,2.3754,0,0
668,3.0564,0,0
669,4.5557,0,0
670,5.0329,0,0
671,5.4439,0,1
672,4.0249,0,1
673,2.6761,0,0
674,2.7805,0,0
675,2.4404,0,0
676,2.8343,0,0
677,4.3225,0,0
678,4.5610,0,1
679,3.6044,0,1
680,3.5406,0,0
681,4.1056,0,0
682,3.2555,0,0
683,4.0009,0,0
684,4.5175,0,1
685,4.4107,0,0
686,3.1022,0,0
687,1.9705,0,0
688,3.5955,0,0
689,2.7423,0,0
690,2.9385,0,0
691,4.8667,0,1
692,5.0202,0,1
693,5.5487,0,1
694,4.4157,0,0
695,2.8531,0,0
696,3.3788,0,0
697,2.4649,0,0
698,3.0886,0,0
699,4.9393,0,0
700,4.7014,0,0
701,3.9662,0,1
702,3.4915,0,1
703,4.5656,0,0
704,3.3527,0,0
705,3.9532,0,0
706,4.2351,0,0
707,3.5745,0,0
708,3.8843,0,0
709,2.1004,0,0
710,3.6026,0,0
711,3.0940,0,0
712,2.7063,0,0
713,4.9475,0,1
714,5.3231,0,1
715,5.7471,0,1
716,3.8592,0,0
717,3.0356,0,0
718,3.3344,0,0
719,2.2153,0,0
720,2.3605,0,0
721,4.6250,0,0
722,4.6792,0,1
723,4.2048,0,1
724,3.3984,0,1
725,4.2092,0,0
726,3.1924,0,0
727,4.1686,0,0
728,3.4603,0,0
729,3.7906,0,0
730,3.9282,0,0
731,2.0138,0,0
732,3.6843,0,0
733,2.3477,0,0
734,3.2373,0,0
735,4.5595,0,1
736,5.2941,0,0
737,5.6726,0,1
738,3.7170,0,0
739,3.2078,0,0
740,3.3153,0,0
741,2.5617,0,0
742,2.3136,0,0
743,4.8967,0,0
744,4.4506,0,0
745,3.8439,0,1
746,3.7489,0,1
747,4.2798,0,0
748,3.4495,0,0
749,3.9628,0,0
750,4.1707,0,0
751,4.1163,0,0
752,2.9539,0,0
753,2.1880,0,0
754,4.0604,0,0
755,2.8162,0,0
756,3.3550,0,0
757,4.8959,0,0
758,5.1246,0,1
759,5.6822,0,1
760,4.0911,0,0
761,3.3812,0,0
762,2.9344,0,0
763,2.6213,0,0
764,3.1825,0,0
765,4.9786,0,1
766,4.8046,0,0
767,3.5406,0,0
768,3.5455,0,1
769,3.5866,0,0
770,3.4098,0,0
771,4.0999,0,0
772,4.6243,0,1
773,4.4421,0,1
774,3.3919,0,1
775,2.3762,0,0
776,3.9837,0,0
777,2.2724,0,0
778,3.6253,0,0
779,4.7744,0,0
780,5.3255,0,1
781,5.5443,0,1
782,4.3727,0,0
783,2.7296,0,0
784,2.9292,0,0
785,2.1299,0,0
786,2.5327,0,0
787,4.4408,0,0
788,4.4313,0,0
789,4.1019,0,1
790,3.8391,0,1
791,4.6559,0,0
792,3.8638,0,0
793,4.0623,0,0
794,4.1838,0,1
795,4.2279,0,0
796,4.0149,0,0
797,2.1880,0,0
798,3.5870,0,0
799,2.6901,0,0
800,3.2047,0,0
801,4.9370,0,1
802,5.3478,0,1
803,5.5309,0,1
804,4.3165,0,1
805,3.3179,0,0
806,3.0323,0,0
807,2.4180,0,0
808,2.3956,0,0
809,4.7762,0,0
810,4.6561,0,1
811,3.9252,0,0
812,3.8863,0,1
813,4.7064,0,0
814,3.1721,0,1
815,3.8765,0,0
816,4.6672,0,0
817,4.3261,0,0
818,3.4285,0,0
819,1.5090,0,0
820,3.2561,0,0
821,2.3967,0,0
822,2.4712,0,0
823,4.1754,0,0
824,4.5797,0,0
825,5.2319,0,1
826,2.9033,0,0
827,0.4031,0,0
828,0.2966,0,0
829,0.4031,0,0
830,0.2554,0,0
831,0.7394,0,0
832,0.7661,0,0
833,0.7724,0,0
834,0.6391,0,0
835,0.0000,1,0
836,0.0000,1,0
837,0.9830,0,0
838,0.8563,0,0
839,1.0225,0,0
840,1.9274,0,0
841,0.3863,0,0
842,0.7382,0,0
843,1.4817,0,0
844,1.7211,0,0
845,2.3312,0,0
846,0.0000,1,0
847,0.0000,1,0
848,0.0000,1,0
849,1.3378,0,0
850,2.6255,0,0
851,1.0040,0,0
852,2.5712,0,0
853,3.5961,0,0
854,2.5260,0,0
855,3.1248,0,1
856,4.6246,0,0
857,5.0257,0,0
858,5.4518,0,1
859,3.5835,0,0
860,3.2772,0,1
861,3.0091,0,0
862,2.2323,0,0
863,2.9456,0,0
864,4.8202,0,0
865,4.6368,0,0
866,3.8898,0,0
867,3.8094,0,0
868,4.0124,0,1
869,3.2591,0,0
870,4.0614,0,0
871,4.3789,0,1
872,4.2615,0,0
873,3.5697,0,0
874,2.4114,0,0
875,3.8136,0,0
876,2.6042,0,0
877,3.0241,0,0
878,4.6659,0,0
879,4.8592,0,0
880,5.5542,0,1
881,3.8379,0,0
882,3.2434,0,0
883,3.0028,0,0
884,2.3093,0,0
885,2.5653,0,0
886,4.7233,0,1
887,4.7364,0,0
888,4.1637,0,1
889,4.1950,0,1
890,3.6274,0,0
891,3.2644,0,0
892,3.8488,0,0
893,4.6826,0,0
894,4.3250,0,0
895,3.7889,0,0
896,2.0572,0,0
897,3.2966,0,0
898,2.3809,0,0
899,2.5689,0,0
900,4.4467,0,0
901,5.1933,0,1
902,5.6628,0,1
903,3.3813,0,0
904,2.6333,0,0
905,2.2249,0,0
906,2.3910,0,0
907,2.3328,0,0
908,4.1888,0,1
909,4.0708,0,0
910,4.2387,0,0
911,4.3746,0,1
912,4.3128,0,0
913,2.8570,0,0
914,3.9181,0,0
915,4.2614,0,0
916,3.8366,0,0
917,4.2468,0,1
918,2.3298,0,0
919,3.2943,0,0
920,2.2744,0,0
921,2.8129,0,0
922,4.7568,0,0
923,4.9232,0,0
924,5.4424,0,0
925,4.1484,0,0
926,2.5179,0,0
927,2.8106,0,0
928,2.2324,0,0
929,2.0230,0,0
930,4.3484,0,0
931,3.8789,0,0
932,4.1280,0,1
933,4.2558,0,0
934,4.5995,0,0
935,3.4266,0,0
936,4.2604,0,0
937,3.7937,0,0
938,4.1332,0,0
939,3.6702,0,0
940,1.7799,0,0
941,3.4677,0,0
942,2.6512,0,0
943,2.8064,0,0
944,4.5257,0,0
945,4.9047,0,0
946,5.4393,0,1
947,3.7633,0,0
948,2.5070,0,0
949,2.2724,0,0
950,2.0288,0,0
951,1.8735,0,0
952,3.7559,0,0
953,3.7891,0,0
954,4.2319,0,1
955,4.5250,0,0
956,3.8955,0,0
957,2.6433,0,0
958,4.0276,0,0
959,3.2964,0,0
960,3.6987,0,0
961,3.6671,0,0
962,1.4480,0,0
963,2.9872,0,0
964,2.1392,0,0
965,2.3876,0,0
966,4.5085,0,0
967,4.6303,0,0
968,5.4594,0,1
969,3.2082,0,0
970,2.3091,0,0
971,2.7635,0,0
972,2.3360,0,0
973,2.2991,0,0
974,4.3119,0,0
975,3.9221,0,0
976,4.3137,0,1
977,4.3023,0,1
978,3.5825,0,0
979,2.6273,0,0
980,3.5570,0,0
981,3.8582,0,0
982,4.0008,0,0
983,4.1251,0,0
984,1.8154,0,0
985,3.4766,0,0
986,2.4920,0,0
987,2.7674,0,0
988,4.3152,0,0
989,5.0243,0,0
990,5.3513,0,1
991,3.2631,0,0
992,2.3828,0,0
993,2.6055,0,0
994,2.1937,0,0
995,2.2987,0,0
996,4.1565,0,0
997,3.9500,0,0
998,3.9721,0,0
999,4.1493,0,0
1000,3.7673,0,0
1001,3.1077,0,0
1002,3.8424,0,0
1003,3.9597,0,1
1004,4.1135,0,0
1005,4.0685,0,0
1006,1.5750,0,0
1007,3.7027,0,0
1008,3.0773,0,0
1009,2.4373,0,0
1010,4.0955,0,0
1011,4.7974,0,0
1012,5.2609,0,1
1013,3.2874,0,0
1014,2.3585,0,0
1015,2.8087,0,0
1016,1.9741,0,0
1017,2.2228,0,0
1018,3.8115,0,1
1019,4.0275,0,0
1020,3.6568,0,1
1021,4.0333,0,1
1022,3.9984,0,0
1023,2.7114,0,0
1024,3.9495,0,0
1025,3.9231,0,0
1026,4.0110,0,0
1027,3.1767,0,0
1028,1.2887,0,0
1029,2.8346,0,0
1030,1.9842,0,0
1031,2.1873,0,0
1032,4.4130,0,0
1033,4.7893,0,0
1034,5.3778,0,1
1035,3.3526,0,0
1036,3.2436,0,0
1037,2.6383,0,0
1038,1.9442,0,0
1039,2.2664,0,0
1040,3.9355,0,0
1041,4.5327,0,1
1042,3.9853,0,1
1043,4.3302,0,1
1044,3.7540,0,0
1045,2.7841,0,0
1046,3.6513,0,0
1047,3.7258,0,0
1048,4.1770,0,0
1049,4.0019,0,1
1050,1.5766,0,0
1051,3.3579,0,0
1052,2.4497,0,0
1053,2.6326,0,0
1054,4.4232,0,1
1055,4.8179,0,1
1056,5.5251,0,1
1057,3.2923,0,0
1058,2.4904,0,0
1059,2.4224,0,0
1060,2.1773,0,0
1061,2.6011,0,0
1062,3.8486,0,0
1063,4.3104,0,1
1064,4.4926,0,1
1065,4.3108,0,0
1066,3.6747,0,0
1067,2.8702,0,0
1068,3.8546,0,0
1069,3.6222,0,0
1070,3.9679,0,0
1071,3.5604,0,1
1072,1.4129,0,0
1073,2.9755,0,0
1074,1.5993,0,0
1075,2.6762,0,0
1076,4.3559,0,0
1077,4.6930,0,0
1078,5.3296,0,1
1079,3.3735,0,0
1080,2.2890,0,0
1081,3.0578,0,0
1082,2.3737,0,0
1083,2.4092,0,0
1084,4.1951,0,0
1085,4.4844,0,1
1086,3.9949,0,1
1087,4.1901,0,0
1088,3.8503,0,0
1089,3.0038,0,0
1090,3.8860,0,0
1091,3.9004,0,0
1092,4.1189,0,0
1093,3.7713,0,0
1094,2.0248,0,0
1095,2.8040,0,0
1096,1.7527,0,0
1097,2.7243,0,0
1098,4.3445,0,0
1099,4.7245,0,0
1100,5.1963,0,0
1101,3.5472,0,0
1102,2.5856,0,0
1103,2.3552,0,0
1104,1.9031,0,0
1105,2.4093,0,0
1106,3.8734,0,0
1107,3.6905,0,0
1108,4.2071,0,0
1109,4.0485,0,1
1110,4.4026,0,0
1111,3.0853,0,0
1112,4.0355,0,0
1113,2.4274,0,0
1114,3.4394,0,0
1115,2.8724,0,0
1116,1.8808,0,0
1117,3.3725,0,0
1118,2.5638,0,0
1119,2.9876,0,0
1120,3.7392,0,0
1121,4.1508,0,0
1122,4.8258,0,0
1123,3.1461,0,0
1124,1.5800,0,0
1125,1.8425,0,0
1126,2.7788,0,0
1127,1.1300,0,0
1128,4.2545,0,1
1129,4.2420,0,0
1130,3.9304,0,1
1131,3.8698,0,0
1132,0.4685,0,0
1133,0.3621,0,0
1134,3.8246,0,0
1135,0.0000,1,0
1136,0.0000,1,0
1137,1.4299,0,0
1138,2.1155,0,0
1139,1.6571,0,0
1140,1.7234,0,0
1141,4.4190,0,0
1142,4.6401,0,0
1143,5.2195,0,1
1144,3.4842,0,0
1145,2.3683,0,0
1146,2.2879,0,0
1147,1.9483,0,0
1148,1.8099,0,0
1149,3.8083,0,1
1150,3.4970,0,0
1151,4.3954,0,0
1152,4.5248,0,1
1153,4.2760,0,0
1154,3.0662,0,0
1155,3.9054,0,0
1156,4.0798,0,1
1157,3.7010,0,1
1158,3.2686,0,0
1159,1.5380,0,0
1160,2.8726,0,0
1161,2.2523,0,0
1162,2.1385,0,0
1163,4.0791,0,0
1164,4.5342,0,1
1165,4.9198,0,1
1166,3.6956,0,0
1167,1.9786,0,0
1168,2.1443,0,0
1169,1.7073,0,0
1170,2.1211,0,0
1171,3.5984,0,1
1172,3.1930,0,0
1173,4.3280,0,0
1174,4.3664,0,1
1175,4.2431,0,1
1176,3.2672,0,0
1177,3.9092,0,0
1178,3.3741,0,1
1179,3.6947,0,0
1180,2.5098,0,0
1181,1.4276,0,0
1182,2.8249,0,0
1183,1.8473,0,0
1184,2.3244,0,0
1185,4.1184,0,1
1186,4.6315,0,1
1187,5.1251,0,1
1188,3.3600,0,0
1189,2.1587,0,0
1190,2.5601,0,0
1191,2.3173,0,0
1192,2.1299,0,0
1193,3.8443,0,1
1194,4.1991,0,0
1195,4.1784,0,0
1196,4.3291,0,1
1197,4.1130,0,0
1198,3.4620,0,0
1199,3.9344,0,0
1200,4.5304,0,1
1201,4.5941,0,0
1202,3.9711,0,1
1203,1.2947,0,0
1204,2.5827,0,0
1205,1.3958,0,0
1206,2.2124,0,0
1207,3.5909,0,0
1208,3.8019,0,0
1209,4.5117,0,0
1210,2.7529,0,0
1211,1.8180,0,0
1212,2.0026,0,0
1213,2.2787,0,1
1214,1.3869,0,0
1215,3.3257,0,1
1216,3.6535,0,1
1217,4.5058,0,0
1218,4.4279,0,0
1219,4.0700,0,0
1220,3.2038,0,0
1221,3.5116,0,0
1222,3.1280,0,0
1223,4.2051,0,0
1224,3.0355,0,0
1225,1.8429,0,0
1226,2.8093,0,0
1227,1.7876,0,0
1228,2.3408,0,0
1229,3.5026,0,0
1230,4.5035,0,0
1231,4.4275,0,1
1232,3.4300,0,0
1233,2.0754,0,0
1234,2.6743,0,0
1235,2.0204,0,0
1236,1.5946,0,0
1237,4.0347,0,0
1238,3.4899,0,0
1239,4.1423,0,1
1240,4.4298,0,1
1241,4.3045,0,0
1242,3.1370,0,1
1243,4.1772,0,0
1244,4.1363,0,1
1245,4.3888,0,0
1246,3.7147,0,0
1247,1.5312,0,0
1248,2.9872,0,0
1249,2.0938,0,0
1250,2.4503,0,0
1251,4.1896,0,0
1252,4.3963,0,0
1253,4.9793,0,0
1254,3.6621,0,0
1255,2.5790,0,0
1256,2.1344,0,0
1257,2.4985,0,0
1258,2.3767,0,0
1259,4.2894,0,1
1260,4.1821,0,1
1261,4.4840,0,0
1262,4.1982,0,0
1263,3.9135,0,0
1264,3.4973,0,1
1265,3.7543,0,0
1266,4.4016,0,1
1267,4.0097,0,0
1268,3.0541,0,0
1269,1.6192,0,0
1270,2.4518,0,0
1271,1.5307,0,0
1272,2.2573,0,0
1273,3.9885,0,0
1274,4.2733,0,0
1275,4.6834,0,1
1276,3.8547,0,0
1277,2.4067,0,0
1278,2.5301,0,0
1279,2.3084,0,0
1280,2.4626,0,0
1281,4.2745,0,0
1282,4.1977,0,0
1283,4.3809,0,0
1284,4.0531,0,1
1285,4.1427,0,0
1286,3.7558,0,1
1287,3.5860,0,0
1288,4.1171,0,0
1289,3.6348,0,0
1290,3.8616,0,0
1291,1.4513,0,0
1292,2.3649,0,0
1293,1.0715,0,0
1294,2.2671,0,0
1295,3.5290,0,0
1296,4.6744,0,0
1297,4.8990,0,0
1298,3.1706,0,1
1299,1.9428,0,0
1300,2.5940,0,0
1301,2.2184,0,0
1302,1.8859,0,0
1303,3.7143,0,1
1304,3.9159,0,0
1305,4.1457,0,0
1306,4.3801,0,0
1307,4.5417,0,1
1308,3.5501,0,0
1309,3.9155,0,0
1310,3.9577,0,1
1311,4.5729,0,0
1312,4.1604,0,1
1313,1.7234,0,0
1314,2.7833,0,0
1315,1.8681,0,0
1316,2.2568,0,0
1317,3.7114,0,0
1318,4.5796,0,0
1319,4.8322,0,1
1320,3.4358,0,0
1321,1.8754,0,0
1322,1.6566,0,0
1323,1.7605,0,0
1324,1.4405,0,0
1325,2.8160,0,0
1326,3.2375,0,0
1327,3.8026,0,0
1328,4.0496,0,0
1329,3.6470,0,0
1330,2.6044,0,0
1331,3.9989,0,0
1332,2.8272,0,1
1333,4.0693,0,0
1334,3.2217,0,0
1335,1.6951,0,0
1336,2.7746,0,0
1337,2.0474,0,0
1338,2.2101,0,0
1339,4.0822,0,1
1340,4.2420,0,0
1341,4.5936,0,1
1342,3.6034,0,0
1343,2.5096,0,0
1344,2.8928,0,0
1345,2.5746,0,0
1346,2.7239,0,0
1347,4.3116,0,0
1348,4.6650,0,1
1349,4.1325,0,1
1350,4.4738,0,0
1351,4.5710,0,0
1352,3.8483,0,0
1353,4.1201,0,0
1354,4.2950,0,0
1355,4.3586,0,1
1356,4.4766,0,0
1357,1.1698,0,0
1358,3.2436,0,0
1359,1.7170,0,0
1360,2.9218,0,0
1361,3.9124,0,0
1362,4.6534,0,0
1363,4.8541,0,1
1364,3.6632,0,1
1365,1.9573,0,0
1366,2.3568,0,0
1367,1.6710,0,0
1368,1.8175,0,0
1369,3.2703,0,0
1370,3.4749,0,0
1371,4.3680,0,1
1372,4.2575,0,0
1373,4.1709,0,0
1374,3.1249,0,0
1375,4.1204,0,0
1376,3.5410,0,1
1377,4.0980,0,1
1378,3.4369,0,0
1379,1.5047,0,0
1380,3.0607,0,0
1381,2.2219,0,0
1382,2.1644,0,0
1383,4.0360,0,1
1384,4.2368,0,1
1385,4.9475,0,1
1386,3.0859,0,0
1387,2.1497,0,0
1388,2.4931,0,0
1389,1.4588,0,0
1390,1.5879,0,0
1391,3.1237,0,0
1392,3.7175,0,0
1393,3.8916,0,1
1394,3.6463,0,0
1395,3.4712,0,0
1396,2.7293,0,0
1397,4.0973,0,0
1398,3.2225,0,0
1399,3.8432,0,0
1400,3.1448,0,0
1401,1.9509,0,0
1402,3.5424,0,0
1403,2.2413,0,0
1404,3.0799,0,0
1405,3.9123,0,0
1406,4.9499,0,1
1407,5.2418,0,1
1408,3.4447,0,0
1409,2.5305,0,0
1410,2.6955,0,0
1411,2.3418,0,0
1412,2.3412,0,0
1413,4.2962,0,0
1414,4.3580,0,1
1415,4.2268,0,0
1416,4.3009,0,0
1417,4.6604,0,0
1418,3.2328,0,1
1419,3.9377,0,0
1420,3.7546,0,1
1421,4.3909,0,0
1422,4.4648,0,0
1423,2.1892,0,0
1424,3.6871,0,0
1425,2.3784,0,0
1426,3.1650,0,0
1427,4.3805,0,0
1428,4.9401,0,1
1429,5.3174,0,1
1430,3.8224,0,0
1431,2.1954,0,0
1432,2.4541,0,0
1433,2.5545,0,0
1434,2.6142,0,0
1435,4.3680,0,0
1436,4.1525,0,0
1437,4.0367,0,1
1438,4.1256,0,0
1439,3.7791,0,0
1440,3.3449,0,0
1441,4.1461,0,0
1442,4.0970,0,1
1443,3.9592,0,0
1444,3.8695,0,0
1445,1.6754,0,0
1446,3.4686,0,0
1447,2.2785,0,0
1448,3.1702,0,0
1449,4.0410,0,0
1450,4.6752,0,0
1451,4.6385,0,1
1452,3.9974,0,1
1453,1.8975,0,0
1454,2.6210,0,1
1455,2.2008,0,1
1456,2.1213,0,0
1457,3.8997,0,1
1458,3.9665,0,1
1459,4.3124,0,1
1460,4.1454,0,0
1461,4.2906,0,0
1462,4.0110,0,0
1463,4.0466,0,0
1464,4.3399,0,0
1465,4.0508,0,0
1466,3.4618,0,0
1467,1.7196,0,0
1468,2.3137,0,0
1469,1.6388,0,0
1470,2.0687,0,0
1471,3.9936,0,0
1472,4.5557,0,0
1473,4.9552,0,1
1474,3.5366,0,0
1475,2.1319,0,0
1476,2.5641,0,0
1477,2.1709,0,0
1478,2.1687,0,0
1479,3.7765,0,1
1480,4.3617,0,0
1481,4.0797,0,1
1482,4.0695,0,0
1483,3.9645,0,0
1484,2.9373,0,0
1485,3.8027,0,0
1486,3.9314,0,0
1487,3.7758,0,0
1488,3.3878,0,0
1489,1.3811,0,0
1490,2.6208,0,0
1491,1.5870,0,0
1492,2.3783,0,0
1493,3.7491,0,0
1494,3.8331,0,0
1495,4.6595,0,1
1496,2.6414,0,0
1497,1.3372,0,0
1498,1.6053,0,0
1499,0.7395,0,0
1500,0.8379,0,0
1501,2.5497,0,0
1502,2.0997,0,0
1503,2.0134,0,0
1504,1.8404,0,0
1505,0.4031,0,0
1506,0.7859,0,0
1507,1.9559,0,0
1508,1.2966,0,0
1509,1.2966,0,0
1510,3.2772,0,0
1511,0.8301,0,0
1512,1.5801,0,0
1513,3.8068,0,0
1514,2.1677,0,1
1515,3.8722,0,0
1516,0.0000,1,0
1517,0.0000,1,0
1518,0.0000,1,0
1519,1.2211,0,0
1520,2.3648,0,0
1521,1.6946,0,0
1522,1.9233,0,0
1523,3.6339,0,0
1524,4.4907,0,0
1525,4.7629,0,1
1526,3.1216,0,0
1527,2.9638,0,0
1528,2.7794,0,0
1529,1.8172,0,0
1530,2.3815,0,0
1531,4.1810,0,1
1532,3.8814,0,0
1533,4.0606,0,0
1534,3.9512,0,1
1535,3.8534,0,0
1536,3.4162,0,0
1537,4.1255,0,0
1538,4.2513,0,0
1539,3.4547,0,0
1540,3.2482,0,0
1541,1.4755,0,0
1542,2.9183,0,0
1543,1.9244,0,0
1544,2.3669,0,1
1545,4.4284,0,0
1546,4.7242,0,1
1547,5.2628,0,1
1548,3.7131,0,0
1549,2.4230,0,0
1550,2.6889,0,0
1551,2.5440,0,0
1552,2.3564,0,0
1553,4.2631,0,1
1554,3.8911,0,0
1555,4.0335,0,0
1556,4.1619,0,1
1557,4.1142,0,0
1558,3.2061,0,0
1559,4.0001,0,0
1560,4.3272,0,0
1561,3.9714,0,0
1562,4.3836,0,0
1563,1.5041,0,0
1564,2.5997,0,0
1565,1.6855,0,0
1566,2.2378,0,0
1567,4.5160,0,1
1568,4.5295,0,0
1569,4.8640,0,1
1570,4.2260,0,1
1571,2.3151,0,0
1572,2.8574,0,0
1573,2.1996,0,0
1574,2.0978,0,0
1575,3.8484,0,0
1576,4.1668,0,1
1577,4.2842,0,0
1578,4.2171,0,0
1579,4.3398,0,0
1580,3.6410,0,0
1581,4.3118,0,0
1582,3.0257,0,0
1583,3.8308,0,0
1584,3.6562,0,0
1585,1.2605,0,0
1586,2.6427,0,0
1587,1.6721,0,0
1588,2.3250,0,0
1589,4.3856,0,0
1590,4.5665,0,1
1591,4.6271,0,1
1592,4.0938,0,0
1593,2.8953,0,0
1594,3.1608,0,0
1595,2.7231,0,0
1596,2.9643,0,0
1597,4.5455,0,1
1598,4.9527,0,1
1599,4.0922,0,1
1600,4.0749,0,0
1601,4.6633,0,1
1602,3.9647,0,0
1603,4.3252,0,0
1604,4.1910,0,1
1605,3.8212,0,0
1606,4.5522,0,0
1607,0.7131,0,0
1608,1.8835,0,0
1609,1.1042,0,0
1610,1.7100,0,0
1611,3.7817,0,0
1612,4.0257,0,0
1613,4.3470,0,1
1614,3.3074,0,0
1615,2.4645,0,0
1616,2.7860,0,0
1617,2.7213,0,0
1618,2.6020,0,0
1619,4.3584,0,1
1620,4.6015,0,1
1621,3.4159,0,1
1622,3.4303,0,0
1623,4.2465,0,0
1624,3.7780,0,0
1625,4.3066,0,0
1626,4.0493,0,0
1627,3.9876,0,0
1628,3.7615,0,0
1629,0.6867,0,0
1630,1.0211,0,0
1631,0.5664,0,0
1632,1.1150,0,0
1633,2.5636,0,0
1634,2.8688,0,0
1635,2.8668,0,0
1636,2.6309,0,0
1637,2.1955,0,0
1638,2.9350,0,0
1639,2.5575,0,1
1640,2.6832,0,0
1641,4.5375,0,0
1642,4.6926,0,1
1643,2.8018,0,0
1644,2.9678,0,0
1645,3.0176,0,1
1646,3.0374,0,0
1647,3.6609,0,0
1648,4.4120,0,1
1649,3.2937,0,0
1650,4.2241,0,0
1651,0.4517,0,0
1652,0.5731,0,0
1653,0.4927,0,0
1654,0.3788,0,0
1655,1.2135,0,0
1656,0.7633,0,0
1657,1.2703,0,0
1658,0.6959,0,0
1659,0.0000,1,0
1660,0.0000,1,0
1661,0.0000,1,0
1662,0.0000,1,0
1663,0.0000,1,0
1664,0.0000,1,0
1665,0.0000,1,0
1666,0.0000,1,0
1667,0.0000,1,0
1668,0.0000,1,0
1669,0.1607,0,0
1670,0.2020,0,0
1671,0.0000,1,0
1672,0.0000,1,0
1673,0.4153,0,0
1674,0.3088,0,0
1675,0.4153,0,0
1676,0.2142,0,0
1677,0.8744,0,0
1678,1.1753,0,0
1679,1.3049,0,0
1680,0.9534,0,0
1681,0.0000,1,0
1682,0.0000,1,0
1683,0.0000,1,0
1684,0.0000,1,0
1685,0.0000,1,0
1686,0.0000,1,0
1687,0.0000,1,0
1688,0.0000,1,0
1689,0.0000,1,0
1690,0.0000,1,0
1691,0.1607,0,0
1692,0.2142,0,0
1693,0.3088,0,0
1694,0.7562,0,0
1695,0.6198,0,0
1696,0.4759,0,0
1697,2.4691,0,0
1698,3.0365,0,0
1699,3.2961,0,0
1700,2.4351,0,0
1701,2.2281,0,0
1702,2.9077,0,0
1703,2.4136,0,0
1704,2.4348,0,0
1705,4.4922,0,1
1706,4.1956,0,1
1707,3.8120,0,1
1708,2.8051,0,0
1709,3.8135,0,0
1710,2.8359,0,0
1711,3.4695,0,0
1712,4.5960,0,0
1713,4.1819,0,0
1714,4.2656,0,0
1715,1.1137,0,0
1716,1.9683,0,0
1717,1.5361,0,0
1718,1.2874,0,0
1719,3.2157,0,0
1720,4.0812,0,1
1721,4.2851,0,0
1722,3.0519,0,0
1723,2.6097,0,0
1724,2.9938,0,1
1725,2.8701,0,0
1726,2.6921,0,0
1727,4.7194,0,1
1728,4.7736,0,0
1729,3.8439,0,0
1730,3.4247,0,0
1731,4.1452,0,0
1732,3.4389,0,0
1733,3.7334,0,0
1734,4.6075,0,0
1735,3.7656,0,0
1736,4.3670,0,0
1737,1.0637,0,0
1738,2.3725,0,0
1739,1.7010,0,0
1740,1.7821,0,0
1741,3.4568,0,0
1742,4.8087,0,1
1743,4.8402,0,1
1744,3.4214,0,0
1745,2.4907,0,0
1746,2.6639,0,0
1747,2.4112,0,0
1748,2.1194,0,0
1749,4.0823,0,0
1750,4.3125,0,0
1751,3.6609,0,0
1752,3.3096,0,1
1753,4.1937,0,1
1754,3.5350,0,0
1755,3.7668,0,0
1756,4.4190,0,1
1757,4.0328,0,0
1758,4.5720,0,1
1759,1.0829,0,0
1760,2.0001,0,0
1761,1.1562,0,0
1762,1.6711,0,0
1763,3.4342,0,0
1764,4.7058,0,0
1765,4.2531,0,0
1766,3.9988,0,0
1767,2.4706,0,0
1768,2.8340,0,1
1769,2.5540,0,0
1770,2.3266,0,0
1771,4.3852,0,0
1772,4.5063,0,1
1773,3.5995,0,0
1774,3.7548,0,0
1775,4.0943,0,0
1776,3.7909,0,0
1777,4.1161,0,0
1778,4.9720,0,1
1779,4.0747,0,0
1780,3.8722,0,0
1781,1.5634,0,0
1782,2.9400,0,0
1783,2.1009,0,0
1784,2.1953,0,0
1785,3.9402,0,0
1786,4.7266,0,1
1787,4.4445,0,0
1788,4.1970,0,1
1789,2.6337,0,1
1790,2.4777,0,0
1791,2.3469,0,0
1792,2.3259,0,0
1793,4.1449,0,0
1794,4.2956,0,1
1795,3.8824,0,0
1796,3.7809,0,1
1797,4.4134,0,0
1798,3.3949,0,0
1799,4.1292,0,0
1800,4.1421,0,1
1801,4.2037,0,0
1802,4.3771,0,0
1803,1.3953,0,0
1804,2.3934,0,0
1805,1.5947,0,0
1806,1.9949,0,0
1807,3.9086,0,1
1808,4.1799,0,0
1809,4.7939,0,0
1810,2.8548,0,0
1811,2.7820,0,0
1812,3.0696,0,1
1813,2.2922,0,0
1814,2.2464,0,0
1815,4.5570,0,1
1816,4.5185,0,0
1817,3.6527,0,0
1818,3.5160,0,1
1819,3.7651,0,0
1820,3.0791,0,0
1821,3.8767,0,0
1822,4.2633,0,0
1823,3.7666,0,0
1824,4.5621,0,0
1825,1.4803,0,0
1826,2.6287,0,0
1827,2.5809,0,0
1828,1.8409,0,0
1829,3.0025,0,0
1830,3.5293,0,0
1831,3.9491,0,0
1832,2.5640,0,0
1833,0.6105,0,0
1834,0.6338,0,0
1835,0.5698,0,0
1836,0.3863,0,0
1837,1.1383,0,0
1838,0.7425,0,0
1839,1.3461,0,0
1840,1.0295,0,0
1841,0.0000,1,0
1842,0.0000,1,0
1843,1.2377,0,0
1844,1.3898,0,0
1845,1.9991,0,0
1846,2.9794,0,0
1847,1.6344,0,0
1848,1.5713,0,0
1849,3.3008,0,0
1850,1.8085,0,0
1851,2.4597,0,0
1852,0.0000,1,0
1853,0.0000,1,0
1854,0.0000,1,0
1855,1.8633,0,0
1856,3.3123,0,0
1857,3.2518,0,0
1858,1.7471,0,0
1859,4.2543,0,1
1860,4.6050,0,0
1861,5.1382,0,1
1862,3.2888,0,1
1863,3.2470,0,0
1864,3.0035,0,0
1865,2.4682,0,0
1866,2.6187,0,0
1867,4.6257,0,1
1868,4.7321,0,1
1869,3.5116,0,0
1870,3.1501,0,1
1871,3.5325,0,0
1872,3.0706,0,0
1873,3.6860,0,0
1874,4.4840,0,1
1875,3.9951,0,0
1876,4.8609,0,0
1877,1.0911,0,0
1878,2.7635,0,0
1879,2.2600,0,0
1880,1.7053,0,0
1881,4.0606,0,1
1882,4.8170,0,0
1883,5.2282,0,1
1884,3.5748,0,1
1885,2.9085,0,0
1886,3.1826,0,0
1887,2.0272,0,0
1888,3.0963,0,0
1889,5.1290,0,1
1890,4.2648,0,0
1891,3.4620,0,0
1892,3.2888,0,1
1893,2.8997,0,0
1894,2.6853,0,0
1895,3.9841,0,0
1896,5.0564,0,1
1897,3.8919,0,0
1898,3.9081,0,0
1899,2.2549,0,0
1900,3.2676,0,0
1901,2.6752,0,0
1902,2.5817,0,0
1903,4.3216,0,0
1904,5.3473,0,0
1905,5.1889,0,1
1906,4.5946,0,0
1907,2.8199,0,0
1908,3.1797,0,0
1909,2.6338,0,1
1910,2.6576,0,1
1911,4.6980,0,1
1912,4.9218,0,1
1913,4.2742,0,1
1914,4.3001,0,1
1915,4.8622,0,0
1916,3.9869,0,0
1917,4.4486,0,1
1918,4.9987,0,0
1919,4.6371,0,0
1920,4.5069,0,0
1921,2.2316,0,0
1922,3.6422,0,0
1923,3.0211,0,0
1924,2.7504,0,0
1925,4.5398,0,0
1926,4.7754,0,0
1927,5.2300,0,1
1928,4.0933,0,0
1929,3.4723,0,0
1930,3.1037,0,0
1931,2.5935,0,0
1932,2.5565,0,0
1933,4.8358,0,1
1934,5.1438,0,0
1935,3.7168,0,1
1936,3.3286,0,0
1937,3.7893,0,0
1938,2.9009,0,0
1939,4.2855,0,0
1940,5.1945,0,1
1941,3.9654,0,0
1942,3.9553,0,0
1943,1.7359,0,0
1944,2.6741,0,0
1945,1.8037,0,0
1946,2.3943,0,0
1947,3.6396,0,0
1948,4.1658,0,0
1949,4.5183,0,1
1950,3.0885,0,1
1951,2.3389,0,0
1952,2.1209,0,0
1953,2.1238,0,0
1954,1.9963,0,0
1955,3.6611,0,1
1956,3.6348,0,0
1957,3.0894,0,0
1958,2.8190,0,1
1959,3.1883,0,0
1960,2.7245,0,0
1961,3.7112,0,0
1962,3.9954,0,1
1963,3.5237,0,0
1964,3.3915,0,1
1965,1.9762,0,0
1966,3.3339,0,0
1967,2.4380,0,0
1968,2.4652,0,0
1969,3.7628,0,1
1970,4.1988,0,1
1971,4.7160,0,1
1972,3.1404,0,0
1973,2.5304,0,0
1974,2.7306,0,0
1975,2.1201,0,0
1976,2.2412,0,1
1977,4.2756,0,1
1978,4.0196,0,1
1979,3.0941,0,1
1980,2.7019,0,0
1981,3.1519,0,0
1982,2.7570,0,0
1983,3.7522,0,1
1984,3.8680,0,1
1985,3.1123,0,0
1986,3.6104,0,0
1987,1.7847,0,0
1988,2.6475,0,0
1989,1.8374,0,0
1990,2.1564,0,0
1991,3.8042,0,0
1992,4.6350,0,0
1993,5.0365,0,1
1994,3.2174,0,0
1995,2.5187,0,0
1996,2.8094,0,0
1997,2.1140,0,0
1998,2.3863,0,0
1999,4.0195,0,0
2000,4.0549,0,0
2001,3.2278,0,0
2002,2.5848,0,0
2003,2.9186,0,1
2004,2.5012,0,0
2005,3.8346,0,0
2006,4.1507,0,1
2007,3.4889,0,0
2008,3.5082,0,0
2009,2.1069,0,0
2010,2.8491,0,0
2011,2.4225,0,0
2012,1.8579,0,0
2013,3.7955,0,0
2014,4.1005,0,0
2015,4.6411,0,1
2016,3.2914,0,0
2017,2.3195,0,0
2018,2.5992,0,0
2019,2.0572,0,0
2020,1.7457,0,0
2021,3.7844,0,1
2022,3.7477,0,0
2023,3.0083,0,1
2024,2.5330,0,0
2025,3.3824,0,0
2026,2.7272,0,0
2027,3.6935,0,0
2028,3.8260,0,0
2029,3.7795,0,0
2030,2.8255,0,0
2031,1.3274,0,0
2032,2.6418,0,0
2033,1.7462,0,0
2034,2.0390,0,0
2035,4.0097,0,0
2036,4.1967,0,1
2037,4.9767,0,0
2038,2.5953,0,0
2039,3.1765,0,0
2040,2.7675,0,0
2041,2.0651,0,0
2042,2.3357,0,0
2043,4.1059,0,1
2044,4.2727,0,0
2045,3.0560,0,1
2046,3.0290,0,0
2047,2.7620,0,0
2048,2.3982,0,0
2049,3.6274,0,0
2050,3.5820,0,0
2051,3.3708,0,0
2052,2.9894,0,0
2053,1.4210,0,0
2054,2.0810,0,0
2055,1.5085,0,0
2056,1.6588,0,0
2057,3.4462,0,0
2058,4.4110,0,1
2059,4.7845,0,1
2060,2.8994,0,0
2061,2.3379,0,0
2062,2.0842,0,0
2063,2.1347,0,0
2064,1.9407,0,0
2065,3.5329,0,1
2066,3.8637,0,1
2067,3.3819,0,1
2068,3.1153,0,1
2069,2.9980,0,0
2070,2.8740,0,0
2071,3.6916,0,0
2072,2.8455,0,1
2073,3.4315,0,0
2074,2.4706,0,0
2075,2.0121,0,0
2076,3.8063,0,1
2077,2.5213,0,0
2078,3.2755,0,0
2079,3.8732,0,0
2080,5.2212,0,1
2081,5.3421,0,1
2082,3.6495,0,0
2083,2.2681,0,0
2084,2.6341,0,1
2085,2.5182,0,0
2086,1.8819,0,0
2087,4.0085,0,0
2088,4.0701,0,1
2089,4.2016,0,1
2090,3.9305,0,1
2091,3.9170,0,0
2092,3.5581,0,0
2093,3.6684,0,0
2094,3.7585,0,0
2095,4.0855,0,0
2096,2.7174,0,0
2097,2.3217,0,0
2098,3.6547,0,0
2099,2.2908,0,0
2100,3.5076,0,1
2101,4.2905,0,0
2102,5.1166,0,1
2103,5.3630,0,1
2104,3.7386,0,0
2105,2.7444,0,0
2106,2.9218,0,0
2107,2.4130,0,0
2108,2.2584,0,0
2109,4.4602,0,1
2110,4.2554,0,0
2111,3.9787,0,1
2112,3.7928,0,1
2113,4.3205,0,1
2114,3.1742,0,0
2115,4.2341,0,0
2116,3.9697,0,1
2117,3.9526,0,0
2118,3.1019,0,0
2119,2.1132,0,0
2120,3.5361,0,0
2121,2.5858,0,0
2122,2.9527,0,0
2123,4.1303,0,0
2124,4.9852,0,1
2125,5.2638,0,1
2126,4.0441,0,0
2127,2.1371,0,0
2128,2.7678,0,0
2129,2.0949,0,0
2130,1.8121,0,0
2131,3.7985,0,0
2132,3.9271,0,0
2133,3.7625,0,1
2134,3.6847,0,1
2135,4.5591,0,0
2136,3.6051,0,0
2137,4.0007,0,0
2138,3.7854,0,0
2139,4.1554,0,0
2140,3.3043,0,1
2141,1.6324,0,0
2142,3.4572,0,0
2143,2.4040,0,0
2144,2.7728,0,0
2145,4.6086,0,0
2146,4.8670,0,0
2147,5.3031,0,1
2148,3.9429,0,0
2149,2.4504,0,0
2150,2.6297,0,0
2151,2.7740,0,0
2152,2.3704,0,0
2153,4.5479,0,1
2154,4.6133,0,0
2155,4.1911,0,0
2156,3.7528,0,1
2157,3.3984,0,0
2158,3.1444,0,0
2159,4.2384,0,0
2160,4.6154,0,0
2161,4.3956,0,0
2162,2.9470,0,0
2163,1.5791,0,0
2164,3.4976,0,0
2165,2.3271,0,0
2166,2.7038,0,0
2167,4.4180,0,0
2168,5.1174,0,0
2169,5.3857,0,1
2170,3.8273,0,0
2171,2.4285,0,0
2172,3.0498,0,0
2173,2.8972,0,0
2174,2.3659,0,0
2175,4.7952,0,1
2176,4.5947,0,1
2177,4.2740,0,1
2178,3.8608,0,1
2179,4.0887,0,0
2180,3.9397,0,0
2181,4.2836,0,0
2182,4.3288,0,0
2183,4.4106,0,0
2184,3.3188,0,0
2185,2.0100,0,0
2186,3.6814,0,0
2187,3.1709,0,0
2188,2.5856,0,0
2189,4.4696,0,0
2190,5.0319,0,0
2191,5.3823,0,1
2192,3.8221,0,1
2193,3.1950,0,0
2194,3.1040,0,0
2195,2.1408,0,0
2196,1.9549,0,0
2197,4.2611,0,1
2198,4.4448,0,1
2199,3.9378,0,0
2200,3.8351,0,1
2201,3.3726,0,0
2202,3.3069,0,0
2203,4.1667,0,0
2204,4.0201,0,0
2205,4.2478,0,0
2206,2.0178,0,0
2207,1.8114,0,0
2208,3.5945,0,0
2209,2.7675,0,0
2210,2.8059,0,0
2211,4.5785,0,1
2212,4.9018,0,1
2213,5.0452,0,1
2214,4.3789,0,0
2215,1.7223,0,0
2216,1.7971,0,0
2217,2.9774,0,0
2218,1.6625,0,0
2219,4.4916,0,0
2220,4.4216,0,0
2221,4.1100,0,1
2222,4.1864,0,0
2223,3.2165,0,0
2224,3.7794,0,1
2225,4.1105,0,0
2226,0.0000,1,0
2227,0.0000,1,0
2228,1.8847,0,0
2229,3.7109,0,0
2230,2.8523,0,0
2231,2.9536,0,0
2232,4.4031,0,0
2233,5.3822,0,1
2234,5.3478,0,1
2235,4.2972,0,0
2236,3.3081,0,0
2237,3.3542,0,0
2238,2.5822,0,0
2239,2.6479,0,0
2240,4.9237,0,1
2241,4.9017,0,1
2242,3.9819,0,1
2243,4.1632,0,1
2244,4.2766,0,0
2245,3.8467,0,0
2246,4.2377,0,0
2247,4.4367,0,0
2248,4.0920,0,0
2249,3.2359,0,1
2250,1.7908,0,0
2251,3.6765,0,0
2252,2.5241,0,0
2253,3.0798,0,0
2254,4.4223,0,0
2255,5.2332,0,1
2256,5.3545,0,1
2257,4.0922,0,0
2258,2.8666,0,0
2259,2.7331,0,0
2260,2.3381,0,0
2261,2.7299,0,0
2262,4.5780,0,0
2263,4.1207,0,0
2264,3.8194,0,0
2265,3.9946,0,1
2266,4.2755,0,0
2267,3.4782,0,0
2268,4.2698,0,0
2269,4.6780,0,0
2270,4.3398,0,0
2271,4.2471,0,0
2272,1.8550,0,0
2273,3.2579,0,0
2274,2.4823,0,0
2275,2.7128,0,0
2276,4.7534,0,0
2277,5.1875,0,1
2278,5.6680,0,1
2279,4.0793,0,0
2280,2.8246,0,0
2281,2.8290,0,0
2282,2.7597,0,0
2283,2.4360,0,0
2284,4.5304,0,0
2285,4.7695,0,0
2286,4.0795,0,1
2287,4.2510,0,1
2288,3.9792,0,0
2289,3.3270,0,0
2290,4.1595,0,0
2291,4.3885,0,1
2292,4.1822,0,1
2293,3.2109,0,0
2294,1.7921,0,0
2295,3.1701,0,0
2296,2.2255,0,0
2297,2.6530,0,0
2298,4.6541,0,0
2299,5.2665,0,0
2300,5.6743,0,1
2301,3.7227,0,0
2302,2.8661,0,0
2303,2.9950,0,0
2304,2.6256,0,0
2305,2.6766,0,0
2306,4.5345,0,0
2307,4.8156,0,1
2308,4.0735,0,0
2309,4.0646,0,1
2310,4.1264,0,1
2311,3.4762,0,0
2312,4.3121,0,0
2313,4.4544,0,1
2314,4.5751,0,0
2315,4.0966,0,1
2316,2.0765,0,0
2317,2.9531,0,0
2318,2.1131,0,0
2319,2.8631,0,0
2320,4.4376,0,1
2321,5.0286,0,0
2322,5.1549,0,1
2323,4.0941,0,0
2324,2.6914,0,0
2325,2.6643,0,0
2326,2.2913,0,0
2327,2.4021,0,0
2328,4.2315,0,1
2329,3.9705,0,0
2330,4.1616,0,1
2331,4.2407,0,1
2332,4.1617,0,1
2333,3.1647,0,0
2334,4.1388,0,0
2335,3.8788,0,0
2336,4.3160,0,0
2337,2.8270,0,0
2338,1.6109,0,0
2339,2.8336,0,0
2340,1.7635,0,0
2341,2.5858,0,0
2342,4.0064,0,0
2343,4.8379,0,1
2344,5.0833,0,1
2345,3.5655,0,0
2346,2.3311,0,0
2347,2.5266,0,0
2348,2.1085,0,0
2349,2.1920,0,0
2350,3.9599,0,1
2351,3.9515,0,1
2352,4.0016,0,0
2353,4.1857,0,1
2354,4.1354,0,0
2355,3.4073,0,0
2356,4.1369,0,0
2357,3.6547,0,0
2358,4.1756,0,0
2359,3.2269,0,0
2360,1.4675,0,0
2361,2.4763,0,0
2362,1.5975,0,0
2363,2.0389,0,0
2364,4.1003,0,0
2365,4.5853,0,0
2366,5.0694,0,1
2367,3.4385,0,0
2368,1.6660,0,0
2369,2.0304,0,0
2370,1.8449,0,0
2371,1.4645,0,0
2372,3.3889,0,1
2373,2.7929,0,0
2374,3.7480,0,0
2375,3.9018,0,1
2376,3.7761,0,0
2377,2.7866,0,0
2378,3.9538,0,0
2379,2.6724,0,0
2380,4.0782,0,0
2381,2.5534,0,0
2382,1.5867,0,0
2383,2.7688,0,0
2384,1.6271,0,0
2385,2.3898,0,0
2386,4.0994,0,1
2387,5.0828,0,1
2388,5.5469,0,1
2389,3.3434,0,1
2390,2.2918,0,0
2391,2.5466,0,0
2392,2.1814,0,0
2393,2.1171,0,0
2394,4.0196,0,0
2395,3.8448,0,0
2396,4.1696,0,1
2397,4.1574,0,1
2398,4.4993,0,0
2399,3.6158,0,0
2400,4.1026,0,0
2401,3.3233,0,0
2402,3.5205,0,0
2403,2.9403,0,0
2404,1.4139,0,0
2405,2.8398,0,0
2406,1.7626,0,0
2407,2.3291,0,0
2408,3.8365,0,0
2409,5.0124,0,1
2410,5.1937,0,1
2411,3.6358,0,0
2412,2.5360,0,0
2413,2.6718,0,0
2414,2.6551,0,0
2415,2.4016,0,0
2416,4.1469,0,1
2417,4.4543,0,0
2418,3.6169,0,1
2419,4.1366,0,0
2420,4.1324,0,0
2421,3.5849,0,0
2422,4.1705,0,0
2423,3.5734,0,0
2424,3.7353,0,0
2425,2.9474,0,0
2426,1.5298,0,0
2427,2.5049,0,0
2428,1.7675,0,0
2429,2.0195,0,0
2430,4.1664,0,1
2431,4.9656,0,1
2432,5.1368,0,1
2433,3.7356,0,0
2434,1.8413,0,0
2435,2.4557,0,0
2436,2.4740,0,0
2437,2.1575,0,0
2438,4.0347,0,0
2439,3.9407,0,0
2440,3.9041,0,0
2441,4.0769,0,0
2442,4.4363,0,0
2443,3.2482,0,0
2444,3.9547,0,0
2445,3.1034,0,1
2446,3.7676,0,0
2447,3.0005,0,0
2448,1.6244,0,0
2449,2.4413,0,0
2450,1.8810,0,0
2451,1.8850,0,0
2452,4.0064,0,0
2453,4.9780,0,0
2454,5.2195,0,1
2455,3.7253,0,0
2456,2.4944,0,0
2457,2.7669,0,0
2458,2.3510,0,0
2459,2.5829,0,0
2460,4.7554,0,1
2461,4.0561,0,0
2462,3.8820,0,1
2463,3.8398,0,1
2464,4.5460,0,0
2465,3.8513,0,0
2466,4.2505,0,0
2467,3.4286,0,0
2468,4.0129,0,0
2469,3.4462,0,1
2470,1.5123,0,0
2471,2.3784,0,0
2472,1.8286,0,0
2473,1.8763,0,0
2474,4.3673,0,0
2475,4.7627,0,1
2476,5.2602,0,1
2477,3.6120,0,0
2478,3.4190,0,0
2479,3.1898,0,0
2480,2.8554,0,0
2481,2.4972,0,0
2482,5.0439,0,0
2483,4.6813,0,1
2484,4.1570,0,0
2485,3.9986,0,1
2486,4.2837,0,0
2487,3.9914,0,0
2488,4.0560,0,0
2489,4.2910,0,0
2490,4.0544,0,0
2491,4.1559,0,0
2492,1.0068,0,0
2493,2.1743,0,0
2494,1.5712,0,0
2495,1.5133,0,0
2496,3.1595,0,0
2497,4.5498,0,1
2498,4.6894,0,1
2499,2.9448,0,0
2500,0.3210,0,0
2501,0.3210,0,0
2502,0.3863,0,0
2503,0.1485,0,0
2504,0.6797,0,0
2505,0.5912,0,0
2506,1.5881,0,0
2507,0.7961,0,0
2508,0.2676,0,0
2509,0.4563,0,0
2510,1.1914,0,0
2511,0.8754,0,0
2512,1.1709,0,0
2513,2.1959,0,0
2514,0.6599,0,0
2515,1.2635,0,0
2516,2.3396,0,0
2517,2.0113,0,1
2518,3.0513,0,0
2519,0.0000,1,0
2520,0.0000,1,0
2521,0.0000,1,0
2522,1.4243,0,0
2523,1.1013,0,0
2524,1.2060,0,0
2525,2.0092,0,0
2526,2.8895,0,0
2527,2.8144,0,0
2528,1.8756,0,0
2529,4.4891,0,1
2530,4.8025,0,1
2531,5.1795,0,1
2532,3.6253,0,0
2533,2.5588,0,0
2534,2.5758,0,0
2535,2.6389,0,0
2536,2.4643,0,0
2537,4.0223,0,0
2538,4.3917,0,1
2539,4.0917,0,1
2540,4.2583,0,1
2541,4.2092,0,1
2542,3.3264,0,0
2543,4.0772,0,0
2544,3.8958,0,0
2545,3.7718,0,0
2546,3.2395,0,0
2547,1.3642,0,0
2548,3.2358,0,0
2549,2.2475,0,0
2550,2.6125,0,0
2551,4.2943,0,0
2552,4.8420,0,0
2553,5.1756,0,1
2554,3.6934,0,0
2555,2.9184,0,0
2556,3.1375,0,0
2557,2.4960,0,0
2558,2.4435,0,0
2559,4.6124,0,1
2560,4.5178,0,0
2561,4.2285,0,0
2562,4.1952,0,0
2563,4.3038,0,0
2564,3.6758,0,1
2565,3.8740,0,0
2566,4.0409,0,0
2567,3.7841,0,0
2568,3.9250,0,0
2569,1.2534,0,0
2570,2.7265,0,0
2571,2.0972,0,0
2572,2.1264,0,0
2573,3.6849,0,0
2574,5.3367,0,1
2575,5.5110,0,1
2576,3.8560,0,0
2577,2.4622,0,0
2578,2.9848,0,0
2579,2.1275,0,0
2580,1.9047,0,0
2581,4.3820,0,0
2582,3.9608,0,0
2583,4.2601,0,1
2584,4.2322,0,1
2585,3.8668,0,0
2586,3.7682,0,0
2587,4.1241,0,0
2588,3.4445,0,0
2589,4.1309,0,0
2590,3.5904,0,0
2591,1.4946,0,0
2592,2.9252,0,0
2593,2.4294,0,0
2594,2.0817,0,0
2595,4.0143,0,0
2596,5.1394,0,0
2597,5.2481,0,1
2598,3.9098,0,0
2599,2.6355,0,0
2600,2.6521,0,0
2601,2.4645,0,0
2602,2.3832,0,0
2603,4.1356,0,0
2604,4.3163,0,0
2605,4.2013,0,0
2606,4.3618,0,1
2607,4.3892,0,1
2608,3.3864,0,1
2609,4.2903,0,0
2610,3.6895,0,0
2611,3.7397,0,0
2612,3.4807,0,0
2613,1.8447,0,0
2614,2.7506,0,0
2615,2.2141,0,0
2616,1.9175,0,0
2617,3.9104,0,0
2618,5.1217,0,0
2619,5.3220,0,1
2620,3.1942,0,0
2621,2.1704,0,0
2622,2.3822,0,0
2623,2.1669,0,0
2624,1.7271,0,0
2625,3.7655,0,0
2626,3.5620,0,0
2627,4.0204,0,1
2628,4.2580,0,0
2629,3.7205,0,0
2630,2.5733,0,0
2631,3.9992,0,0
2632,3.3850,0,0
2633,3.8443,0,0
2634,3.3410,0,0
2635,1.0301,0,0
2636,2.4278,0,0
2637,1.4298,0,0
2638,2.0065,0,0
2639,4.0203,0,0
2640,4.9734,0,1
2641,5.1983,0,1
2642,3.2101,0,0
2643,2.2040,0,0
2644,2.3725,0,0
2645,2.1995,0,0
2646,2.1193,0,0
2647,3.9934,0,0
2648,3.5681,0,0
2649,4.2225,0,1
2650,4.4526,0,1
2651,3.7197,0,0
2652,2.6922,0,1
2653,3.9854,0,0
2654,3.0078,0,0
2655,3.6883,0,0
2656,3.0043,0,0
2657,1.5700,0,0
2658,3.2744,0,0
2659,2.1314,0,0
2660,2.7121,0,0
2661,4.0629,0,0
2662,5.0222,0,0
2663,5.0652,0,1
2664,3.6668,0,0
2665,1.9621,0,0
2666,2.2527,0,0
2667,2.0552,0,0
2668,1.7779,0,0
2669,3.5118,0,0
2670,3.8231,0,0
2671,4.3580,0,0
2672,4.4837,0,0
2673,4.1445,0,0
2674,2.7379,0,0
2675,3.8935,0,0
2676,2.5628,0,0
2677,3.7444,0,1
2678,2.6513,0,0
2679,1.5681,0,0
2680,3.1708,0,0
2681,2.6313,0,0
2682,1.9467,0,0
2683,4.1219,0,0
2684,4.9021,0,0
2685,5.5950,0,1
2686,3.0238,0,0
2687,2.7654,0,0
2688,2.7875,0,0
2689,1.6121,0,0
2690,1.8299,0,0
2691,3.8507,0,0
2692,3.6656,0,0
2693,4.0040,0,1
2694,4.3912,0,1
2695,3.8148,0,0
2696,2.3125,0,0
2697,4.1125,0,0
2698,3.1553,0,1
2699,3.6213,0,0
2700,3.6637,0,1
2701,1.5797,0,0
2702,2.5526,0,0
2703,1.8593,0,0
2704,2.0484,0,0
2705,4.1187,0,0
2706,4.9681,0,1
2707,5.3829,0,1
2708,3.0580,0,0
2709,2.4255,0,0
2710,2.7666,0,0
2711,1.7870,0,0
2712,2.0181,0,0
2713,3.8479,0,0
2714,3.8607,0,1
2715,4.0577,0,0
2716,4.3755,0,1
2717,4.2076,0,0
2718,3.0272,0,0
2719,3.8658,0,0
2720,4.3099,0,0
2721,4.1903,0,0
2722,3.9403,0,0
2723,1.8001,0,0
2724,3.1871,0,0
2725,2.5083,0,0
2726,2.3094,0,0
2727,4.5045,0,0
2728,4.6214,0,0
2729,5.3783,0,1
2730,3.3899,0,0
2731,2.5392,0,0
2732,2.8690,0,0
2733,2.0774,0,0
2734,2.2833,0,0
2735,4.3989,0,1
2736,4.0357,0,0
2737,4.0229,0,1
2738,4.3523,0,1
2739,3.8979,0,0
2740,3.4314,0,0
2741,4.1134,0,0
2742,4.6854,0,1
2743,4.0063,0,0
2744,3.0276,0,0
2745,1.1335,0,0
2746,2.7506,0,0
2747,1.6047,0,0
2748,2.3561,0,0
2749,3.8840,0,0
2750,4.7697,0,1
2751,5.2455,0,1
2752,2.9947,0,0
2753,2.2989,0,0
2754,2.0826,0,0
2755,2.0482,0,0
2756,1.2997,0,0
2757,3.3084,0,0
2758,3.4782,0,0
2759,4.1609,0,1
2760,4.3362,0,0
2761,3.8265,0,0
2762,2.8304,0,1
2763,4.2808,0,0
2764,3.1645,0,0
2765,4.0010,0,0
2766,3.5499,0,0
2767,1.5846,0,0
2768,3.0231,0,0
2769,1.8298,0,0
2770,2.8165,0,0
2771,3.8816,0,0
2772,4.8597,0,0
2773,5.1996,0,0
2774,3.3906,0,0
2775,2.2154,0,0
2776,2.2539,0,0
2777,1.9918,0,0
2778,1.7421,0,0
2779,3.9383,0,0
2780,3.4328,0,0
2781,4.5495,0,1
2782,4.4381,0,0
2783,3.8612,0,0
2784,3.0537,0,0
2785,4.0165,0,0
2786,2.6569,0,0
2787,3.4128,0,0
2788,2.4128,0,0
2789,2.2963,0,0
2790,3.7080,0,0
2791,2.0817,0,0
2792,3.7405,0,0
2793,3.6887,0,0
2794,4.5200,0,0
2795,4.7756,0,1
2796,3.2361,0,0
2797,0.7364,0,0
2798,0.7453,0,0
2799,1.8487,0,0
2800,0.7453,0,0
2801,2.8849,0,0
2802,2.5149,0,0
2803,2.8801,0,1
2804,2.9571,0,0
2805,3.2149,0,0
2806,3.7180,0,1
2807,3.2854,0,0
2808,0.0000,1,0
2809,0.0000,1,0
2810,1.2692,0,0
2811,2.4473,0,0
2812,1.3166,0,0
2813,2.1341,0,0
2814,3.6340,0,0
2815,5.1472,0,0
2816,5.0334,0,1
2817,3.4169,0,0
2818,2.7218,0,0
2819,2.4171,0,0
2820,2.4869,0,0
2821,2.3254,0,0
2822,4.3154,0,0
2823,4.3425,0,1
2824,4.5255,0,1
2825,4.4483,0,1
2826,3.9719,0,0
2827,3.3480,0,0
2828,4.0426,0,0
2829,4.3043,0,1
2830,4.1770,0,0
2831,4.2098,0,1
2832,1.0033,0,0
2833,1.9328,0,0
2834,1.1042,0,0
2835,1.7353,0,0
2836,4.0133,0,0
2837,4.7249,0,0
2838,4.9315,0,1
2839,3.5030,0,0
2840,2.2191,0,0
2841,2.5282,0,0
2842,2.0792,0,0
2843,2.0713,0,0
2844,3.4025,0,1
2845,3.8931,0,0
2846,4.0195,0,1
2847,4.3386,0,1
2848,3.7760,0,0
2849,3.2859,0,0
2850,4.0155,0,0
2851,2.5063,0,0
2852,3.6065,0,0
2853,3.4078,0,0
2854,1.5419,0,0
2855,2.5669,0,0
2856,1.3042,0,0
2857,2.5775,0,0
2858,4.0427,0,0
2859,4.6657,0,1
2860,5.0740,0,1
2861,3.6480,0,0
2862,2.6047,0,0
2863,2.5962,0,0
2864,2.0038,0,0
2865,2.0160,0,0
2866,3.7386,0,1
2867,3.9525,0,0
2868,4.3030,0,1
2869,4.0986,0,1
2870,4.1208,0,1
2871,2.9906,0,0
2872,4.1311,0,0
2873,2.5779,0,0
2874,3.6530,0,0
2875,3.7104,0,1
2876,0.9515,0,0
2877,1.8251,0,0
2878,1.3104,0,0
2879,1.3984,0,0
2880,3.6395,0,0
2881,4.3518,0,1
2882,4.9427,0,1
2883,2.8241,0,0
2884,1.6009,0,0
2885,1.8080,0,0
2886,1.5062,0,0
2887,1.4961,0,0
2888,3.0186,0,0
2889,2.7829,0,0
2890,4.2071,0,1
2891,4.3269,0,0
2892,3.9713,0,0
2893,2.4480,0,0
2894,3.7447,0,0
2895,2.1171,0,0
2896,3.7997,0,0
2897,1.9597,0,0
2898,1.4629,0,0
2899,2.2120,0,0
2900,1.8120,0,0
2901,1.7241,0,0
2902,3.5634,0,0
2903,4.2747,0,0
2904,4.6703,0,1
2905,2.8291,0,0
2906,1.9783,0,0
2907,2.4582,0,0
2908,1.7024,0,0
2909,2.0714,0,0
2910,3.7518,0,1
2911,3.5901,0,1
2912,4.3553,0,1
2913,4.2913,0,0
2914,4.4215,0,0
2915,3.2588,0,0
2916,3.8050,0,0
2917,4.1941,0,1
2918,4.0543,0,0
2919,2.9177,0,0
2920,1.2891,0,0
2921,2.8451,0,0
2922,2.0420,0,0
2923,2.2666,0,0
2924,3.5403,0,0
2925,4.1151,0,0
2926,4.3303,0,1
2927,3.3813,0,0
2928,1.9148,0,0
2929,2.1426,0,0
2930,2.3151,0,0
2931,2.1870,0,0
2932,3.6908,0,1
2933,3.7821,0,1
2934,4.3989,0,1
2935,4.5526,0,1
2936,4.0681,0,0
2937,3.0033,0,0
2938,3.7163,0,0
2939,3.2261,0,0
2940,3.7376,0,0
2941,3.3253,0,0
2942,1.5972,0,0
2943,2.7199,0,0
2944,1.9668,0,0
2945,2.3290,0,0
2946,3.3217,0,0
2947,4.4074,0,0
2948,4.6347,0,1
2949,3.1222,0,0
2950,1.9945,0,0
2951,2.1626,0,0
2952,1.8431,0,0
2953,2.0164,0,0
2954,3.7588,0,0
2955,3.3750,0,0
2956,3.9097,0,0
2957,3.8450,0,0
2958,3.8054,0,0
2959,3.2085,0,1
2960,3.6377,0,0
2961,3.6377,0,0
2962,3.5524,0,0
2963,3.4495,0,0
2964,1.0787,0,0
2965,2.5577,0,0
2966,1.5654,0,0
2967,2.1892,0,0
2968,3.5947,0,0
2969,4.1545,0,0
2970,4.4220,0,1
2971,3.3333,0,0
2972,2.0347,0,0
2973,2.5699,0,0
2974,1.8933,0,0
2975,2.1369,0,1
2976,3.7858,0,0
2977,3.5877,0,0
2978,4.2734,0,0
2979,4.2821,0,1
2980,4.5901,0,1
2981,3.4416,0,0
2982,3.9159,0,0
2983,3.5156,0,1
2984,4.4997,0,0
2985,4.1689,0,1
2986,1.4353,0,0
2987,2.7565,0,0
2988,2.2455,0,0
2989,1.9334,0,0
2990,3.4235,0,1
2991,4.3571,0,1
2992,4.3321,0,1
2993,3.2036,0,0
2994,1.9831,0,0
2995,1.9071,0,0
2996,1.6264,0,0
2997,1.3760,0,0
2998,3.1516,0,1
2999,3.0155,0,1
3000,3.8945,0,0
3001,3.8864,0,0
3002,4.5923,0,0
3003,3.6966,0,0
3004,3.9083,0,0
3005,2.5036,0,0
3006,4.0405,0,0
3007,4.1455,0,0
3008,1.6811,0,0
3009,2.6692,0,0
3010,1.9511,0,0
3011,2.0231,0,0
3012,3.2106,0,1
3013,4.2541,0,0
3014,4.2384,0,1
3015,3.1516,0,1
3016,1.7222,0,0
3017,1.9360,0,0
3018,2.2287,0,0
3019,1.8508,0,0
3020,3.4442,0,0
3021,3.4977,0,0
3022,4.0618,0,0
3023,4.1221,0,1
3024,4.0345,0,0
3025,3.2254,0,0
3026,3.6070,0,0
3027,3.7653,0,0
3028,4.0377,0,0
3029,2.9079,0,0
3030,1.5259,0,0
3031,3.0282,0,0
3032,2.2429,0,0
3033,2.4467,0,0
3034,3.5375,0,1
3035,4.5605,0,0
3036,4.6915,0,1
3037,3.6362,0,0
3038,1.8997,0,0
3039,2.2087,0,0
3040,2.0224,0,0
3041,1.8733,0,0
3042,3.5068,0,1
3043,3.7170,0,1
3044,3.6692,0,0
3045,4.0702,0,1
3046,3.8503,0,0
3047,3.9017,0,1
3048,4.0881,0,0
3049,4.1963,0,1
3050,4.2822,0,0
3051,3.8049,0,1
3052,1.4344,0,0
3053,2.9875,0,0
3054,2.2635,0,0
3055,1.8655,0,0
3056,4.0598,0,0
3057,4.0690,0,0
3058,4.6339,0,1
3059,3.4324,0,1
3060,2.3784,0,0
3061,2.4454,0,0
3062,2.0961,0,0
3063,2.3095,0,0
3064,4.2179,0,1
3065,3.8190,0,0
3066,4.1828,0,1
3067,4.0099,0,0
3068,3.7445,0,0
3069,3.4414,0,1
3070,3.9314,0,0
3071,3.8239,0,0
3072,3.8174,0,0
3073,3.2343,0,0
3074,1.7808,0,0
3075,3.1670,0,0
3076,2.0137,0,0
3077,2.7227,0,0
3078,4.3086,0,1
3079,4.4242,0,0
3080,4.7317,0,1
3081,4.0613,0,0
3082,2.4196,0,0
3083,2.3947,0,0
3084,2.0948,0,0
3085,2.1312,0,0
3086,4.0405,0,0
3087,3.8227,0,0
3088,4.2003,0,1
3089,4.1749,0,0
3090,4.4583,0,1
3091,3.6524,0,1
3092,4.2888,0,0
3093,3.7635,0,1
3094,4.3005,0,0
3095,3.3170,0,0
3096,1.4848,0,0
3097,2.5057,0,0
3098,1.8696,0,0
3099,2.1543,0,0
3100,4.0025,0,0
3101,4.1850,0,0
3102,4.8792,0,1
3103,3.0419,0,0
3104,2.0178,0,0
3105,2.0891,0,0
3106,1.7341,0,0
3107,2.0117,0,0
3108,3.6338,0,0
3109,3.2966,0,1
3110,3.9020,0,1
3111,4.1270,0,0
3112,3.3605,0,0
3113,2.4513,0,0
3114,3.8775,0,0
3115,2.6195,0,1
3116,3.8183,0,0
3117,2.7691,0,0
3118,1.7711,0,0
3119,2.8499,0,0
3120,1.8549,0,0
3121,2.6311,0,0
3122,4.5811,0,0
3123,4.4450,0,0
3124,5.1103,0,1
3125,3.5520,0,0
3126,3.0756,0,0
3127,2.8906,0,0
3128,2.3811,0,0
3129,2.7036,0,0
3130,4.4306,0,0
3131,4.6126,0,0
3132,4.2814,0,0
3133,4.0909,0,0
3134,3.9674,0,1
3135,2.9744,0,0
3136,4.2619,0,0
3137,3.2973,0,1
3138,3.3808,0,0
3139,3.9553,0,1
3140,1.4767,0,0
3141,2.7987,0,0
3142,1.6758,0,0
3143,2.5643,0,0
3144,4.0441,0,0
3145,4.1973,0,0
3146,4.7565,0,1
3147,3.3421,0,0
3148,2.4147,0,0
3149,2.1673,0,0
3150,2.0599,0,0
3151,2.4534,0,0
3152,3.9091,0,0
3153,3.5896,0,1
3154,4.1710,0,0
3155,3.9991,0,1
3156,4.1136,0,0
3157,3.3446,0,0
3158,4.1596,0,0
3159,3.8011,0,0
3160,3.7053,0,0
3161,2.4527,0,0
3162,1.3642,0,0
3163,2.4260,0,0
3164,1.2408,0,0
3165,2.5628,0,0
3166,3.3957,0,0
3167,4.4176,0,0
3168,4.6217,0,1
3169,3.1257,0,0
3170,0.6076,0,0
3171,0.4685,0,0
3172,0.7310,0,0
3173,0.6667,0,0
3174,1.7671,0,0
3175,1.2917,0,0
3176,1.4714,0,0
3177,1.1670,0,0
3178,0.1607,0,0
3179,0.1607,0,0
3180,1.7441,0,0
3181,1.6591,0,0
3182,2.4180,0,0
3183,3.0367,0,0
3184,0.9212,0,0
3185,1.5880,0,0
3186,2.8100,0,0
3187,2.2174,0,0
3188,2.5024,0,0
3189,0.0000,1,0
3190,0.0000,1,0
3191,0.0000,1,0
3192,1.8002,0,0
3193,2.9519,0,0
3194,2.1420,0,0
3195,2.4326,0,0
3196,4.4005,0,0
3197,4.7843,0,0
3198,5.1989,0,1
3199,3.7150,0,1
3200,3.0906,0,0
3201,2.8599,0,0
3202,2.4086,0,0
3203,2.8775,0,0
3204,4.3779,0,1
3205,4.5846,0,1
3206,4.2100,0,0
3207,4.0902,0,0
3208,4.0159,0,0
3209,3.2528,0,1
3210,4.0358,0,0
3211,3.9052,0,1
3212,3.5563,0,0
3213,3.5431,0,0
3214,1.6294,0,0
3215,3.1463,0,0
3216,2.3552,0,0
3217,2.5964,0,0
3218,4.1744,0,0
3219,4.8457,0,0
3220,5.3384,0,0
3221,3.5748,0,0
3222,2.6624,0,0
3223,3.0402,0,0
3224,2.4843,0,0
3225,2.4942,0,0
3226,4.5183,0,1
3227,4.4185,0,0
3228,4.0573,0,1
3229,4.2372,0,1
3230,3.9426,0,0
3231,3.1256,0,0
3232,4.1459,0,0
3233,3.8103,0,0
3234,3.5312,0,0
3235,3.5390,0,1
3236,1.4206,0,0
3237,2.6287,0,0
3238,1.5577,0,0
3239,2.4914,0,0
3240,4.4006,0,1
3241,4.7814,0,1
3242,5.2446,0,1
3243,3.6329,0,0
3244,2.7750,0,0
3245,2.8315,0,0
3246,2.4147,0,0
3247,2.5098,0,0
3248,4.3329,0,1
3249,4.4716,0,1
3250,3.8418,0,1
3251,4.0141,0,1
3252,3.7156,0,0
3253,3.2857,0,0
3254,3.8812,0,0
3255,3.9674,0,1
3256,3.4977,0,0
3257,3.4781,0,1
3258,1.5649,0,0
3259,2.9047,0,0
3260,2.0269,0,0
3261,2.5735,0,0
3262,4.3052,0,0
3263,4.5641,0,1
3264,5.0777,0,1
3265,3.8098,0,0
3266,2.9693,0,0
3267,2.3732,0,0
3268,2.2599,0,0
3269,2.6933,0,0
3270,4.4047,0,0
3271,3.9531,0,1
3272,3.9973,0,0
3273,4.2762,0,1
3274,4.1925,0,0
3275,3.3560,0,0
3276,4.0018,0,0
3277,3.3175,0,1
3278,3.5284,0,0
3279,3.4892,0,1
3280,1.2125,0,0
3281,2.3395,0,0
3282,1.5991,0,0
3283,1.8799,0,0
3284,3.8907,0,0
3285,4.0882,0,0
3286,4.5313,0,0
3287,3.5895,0,0
3288,2.3689,0,0
3289,2.5408,0,0
3290,2.0242,0,0
3291,1.9657,0,0
3292,4.0644,0,1
3293,3.6512,0,0
3294,3.9423,0,0
3295,4.1462,0,0
3296,3.7208,0,0
3297,2.7421,0,0
3298,3.9103,0,0
3299,3.9185,0,0
3300,4.0491,0,0
3301,3.3417,0,1
3302,0.9333,0,0
3303,1.5457,0,0
3304,1.2356,0,0
3305,1.3109,0,0
3306,2.6786,0,0
3307,2.9681,0,0
3308,3.5111,0,0
3309,2.2245,0,0
3310,1.2859,0,0
3311,1.4176,0,0
3312,1.6928,0,0
3313,1.1332,0,0
3314,2.1431,0,1
3315,2.6599,0,0
3316,2.7920,0,0
3317,3.2143,0,0
3318,3.1164,0,0
3319,2.0182,0,0
3320,3.2683,0,0
3321,2.0043,0,0
3322,3.8827,0,0
3323,3.1633,0,0
3324,0.9122,0,0
3325,1.5771,0,0
3326,1.1959,0,0
3327,1.4527,0,0
3328,2.4346,0,0
3329,1.2320,0,0
3330,1.9983,0,0
3331,1.6804,0,0
3332,0.7388,0,0
3333,0.6667,0,0
3334,2.1985,0,1
3335,0.4273,0,0
3336,3.0099,0,1
3337,3.1142,0,1
3338,2.2845,0,0
3339,2.3955,0,0
3340,0.6727,0,0
3341,0.8739,0,0
3342,1.2745,0,0
3343,4.4454,0,0
3344,0.0000,1,0
3345,0.0000,1,0
3346,0.2676,0,0
3347,0.4099,0,0
3348,0.4076,0,0
3349,0.2142,0,0
3350,0.5931,0,0
3351,0.5671,0,0
3352,0.8592,0,0
3353,0.3035,0,0
3354,0.0000,1,0
3355,0.0000,1,0
3356,0.0000,1,0
3357,0.0000,1,0
3358,0.0000,1,0
3359,0.0000,1,0
3360,0.0000,1,0
3361,0.0000,1,0
3362,0.0000,1,0
3363,0.0000,1,0
3364,0.0000,1,0
3365,0.2020,0,0
3366,0.5336,0,0
3367,0.8020,0,0
3368,0.3621,0,0
3369,0.8219,0,0
3370,2.4570,0,0
3371,2.7275,0,0
3372,2.6724,0,0
3373,2.6467,0,0
3374,2.0599,0,0
3375,2.2591,0,0
3376,2.7436,0,0
3377,2.6463,0,0
3378,4.2423,0,0
3379,4.1681,0,0
3380,3.7543,0,0
3381,3.3299,0,0
3382,3.5337,0,0
3383,3.5038,0,0
3384,3.3673,0,0
3385,4.8409,0,1
3386,4.1922,0,1
3387,4.4133,0,0
3388,1.2504,0,0
3389,2.2621,0,0
3390,1.8951,0,0
3391,1.3028,0,0
3392,3.0387,0,0
3393,3.9356,0,0
3394,3.8916,0,0
3395,3.2859,0,0
3396,2.1417,0,0
3397,2.8488,0,0
3398,2.9102,0,0
3399,2.7606,0,0
3400,4.7147,0,1
3401,4.5786,0,1
3402,4.1589,0,0
3403,3.9459,0,1
3404,4.3789,0,0
3405,4.0695,0,0
3406,3.8991,0,0
3407,5.1055,0,0
3408,3.9730,0,0
3409,4.2903,0,0
3410,1.2997,0,0
3411,2.3401,0,0
3412,1.5545,0,0
3413,2.0133,0,0
3414,3.6163,0,1
3415,4.7011,0,1
3416,4.7346,0,1
3417,3.6926,0,0
3418,2.1122,0,0
3419,2.3903,0,0
3420,2.2899,0,0
3421,2.8335,0,0
3422,4.2085,0,1
3423,4.4707,0,1
3424,3.8882,0,0
3425,3.5169,0,0
3426,4.4161,0,1
3427,3.6363,0,0
3428,4.1472,0,0
3429,5.0734,0,0
3430,4.1260,0,0
3431,3.6836,0,0
3432,0.6269,0,0
3433,1.9612,0,0
3434,1.5818,0,0
3435,1.4682,0,0
3436,3.5363,0,0
3437,4.8424,0,0
3438,4.9093,0,1
3439,3.1921,0,0
3440,2.0534,0,0
3441,2.7915,0,1
3442,3.0180,0,0
3443,2.5016,0,0
3444,4.2190,0,0
3445,4.5704,0,0
3446,4.2720,0,1
3447,3.8164,0,0
3448,3.9707,0,0
3449,3.6146,0,0
3450,3.6967,0,0
3451,4.2555,0,0
3452,3.9152,0,0
3453,4.0131,0,1
3454,1.2287,0,0
3455,2.6302,0,0
3456,1.5868,0,0
3457,2.0114,0,0
3458,4.0440,0,0
3459,4.5234,0,0
3460,4.8191,0,1
3461,3.7990,0,0
3462,2.4011,0,0
3463,2.9641,0,0
3464,2.6865,0,0
3465,2.4529,0,0
3466,4.7161,0,0
3467,4.3048,0,1
3468,3.8515,0,0
3469,3.5441,0,0
3470,4.3760,0,0
3471,3.5553,0,0
3472,3.8095,0,0
3473,3.6007,0,0
3474,4.0259,0,0
3475,4.9598,0,0
3476,1.0539,0,0
3477,2.0905,0,0
3478,1.3227,0,0
3479,1.8135,0,0
3480,3.5116,0,0
3481,4.3984,0,0
3482,4.7819,0,0
3483,2.9857,0,1
3484,2.3464,0,0
3485,3.2685,0,1
3486,2.2836,0,0
3487,2.1664,0,0
3488,4.2295,0,1
3489,4.4536,0,1
3490,3.9723,0,1
3491,3.9851,0,1
3492,3.9549,0,0
3493,3.3865,0,0
3494,3.7104,0,0
3495,4.2063,0,0
3496,4.1386,0,1
3497,4.7231,0,1
3498,1.6539,0,0
3499,1.9633,0,0
3500,1.9869,0,0
3501,1.5085,0,0
3502,3.1900,0,0
3503,3.9129,0,0
3504,4.4709,0,1
3505,2.4701,0,0
3506,0.4441,0,0
3507,0.8257,0,0
3508,0.4970,0,0
3509,0.5168,0,0
3510,1.3292,0,0
3511,0.8685,0,0
3512,1.2487,0,0
3513,1.0328,0,0
3514,0.1607,0,0
3515,0.3088,0,0
3516,1.4971,0,0
3517,1.4773,0,0
3518,2.2396,0,0
3519,3.1172,0,0
3520,1.5725,0,0
3521,1.6842,0,0
3522,3.3425,0,0
3523,1.8062,0,0
3524,2.0541,0,0
3525,0.0000,1,0
3526,0.0000,1,0
3527,0.0000,1,0
3528,2.1140,0,0
3529,2.9677,0,0
3530,3.1032,0,0
3531,1.7097,0,0
3532,3.8445,0,0
3533,5.0622,0,1
3534,5.2242,0,1
3535,3.1730,0,0
3536,3.0450,0,0
3537,2.6894,0,0
3538,2.3212,0,0
3539,2.1284,0,0
3540,4.1801,0,1
3541,4.5532,0,1
3542,4.4077,0,1
3543,4.0527,0,0
3544,3.6420,0,0
3545,2.6802,0,0
3546,3.8902,0,0
3547,4.3405,0,1
3548,4.1388,0,1
3549,4.6950,0,0
3550,1.9017,0,0
3551,2.7546,0,0
3552,2.2995,0,0
3553,2.0857,0,0
3554,4.1511,0,1
3555,4.7335,0,0
3556,4.9105,0,1
3557,3.7020,0,0
3558,2.3057,0,0
3559,2.5062,0,0
3560,2.5338,0,0
3561,2.3908,0,0
3562,4.2442,0,0
3563,4.4386,0,1
3564,4.1070,0,1
3565,4.1361,0,1
3566,4.1717,0,0
3567,3.5115,0,0
3568,4.1229,0,0
3569,4.4879,0,1
3570,3.8598,0,0
3571,3.5656,0,0
3572,2.2696,0,0
3573,2.9877,0,0
3574,2.6989,0,0
3575,2.2093,0,0
3576,4.5332,0,0
3577,4.5257,0,0
3578,5.4756,0,1
3579,3.3606,0,0
3580,2.4960,0,0
3581,2.7759,0,0
3582,2.1366,0,0
3583,2.1916,0,0
3584,4.3875,0,0
3585,4.0595,0,1
3586,4.0091,0,1
3587,3.6603,0,1
3588,3.3008,0,0
3589,3.1134,0,0
3590,4.0571,0,0
3591,4.2906,0,0
3592,3.7987,0,0
3593,2.9049,0,0
3594,2.7286,0,0
3595,3.0863,0,0
3596,2.5787,0,0
3597,2.6388,0,0
3598,4.4360,0,0
3599,3.6777,0,0
3600,4.7863,0,0
3601,2.9987,0,0
3602,2.9659,0,0
3603,3.0211,0,1
3604,1.9693,0,0
3605,2.7415,0,0
3606,4.5044,0,0
3607,4.4670,0,1
3608,3.8466,0,1
3609,3.6023,0,1
3610,3.3175,0,1
3611,3.0952,0,0
3612,3.8858,0,0
3613,4.6266,0,1
3614,3.9785,0,0
3615,2.1116,0,0
3616,0.0000,1,0
3617,0.0000,1,0
3618,0.0000,1,0
3619,0.0000,1,0
3620,0.0000,1,0
3621,0.0000,1,0
3622,0.0000,1,0
3623,0.0000,1,0
3624,0.0000,1,0
3625,0.0000,1,0
3626,0.0000,1,0
3627,0.0000,1,0
3628,0.0000,1,0
3629,0.0000,1,0
3630,0.0000,1,0
3631,0.0000,1,0
3632,0.0000,1,0
3633,0.0000,1,0
3634,0.0000,1,0
3635,0.0000,1,0
3636,0.0000,1,0
3637,0.0000,1,0
3638,0.0000,1,0
3639,0.0000,1,0
3640,0.0000,1,0
3641,0.0000,1,0
3642,0.0000,1,0
3643,0.0000,1,0
3644,0.0000,1,0
3645,0.0000,1,0
3646,0.0000,1,0
3647,0.0000,1,0
3648,0.0000,1,0
3649,0.0000,1,0
3650,0.0000,1,0
3651,0.0000,1,0
3652,0.0000,1,0
3653,0.0000,1,0
3654,0.0000,1,0
3655,0.0000,1,0
3656,0.0000,1,0
3657,0.0000,1,0
3658,0.0000,1,0
3659,0.0000,1,0
3660,0.0000,1,0
3661,0.0000,1,0
3662,0.0000,1,0
3663,0.0000,1,0
3664,0.0000,1,0
3665,0.0000,1,0
3666,0.0000,1,0
3667,0.0000,1,0
3668,0.0000,1,0
3669,0.0000,1,0
3670,0.0000,1,0
3671,0.0000,1,0
3672,0.0000,1,0
3673,0.0000,1,0
3674,0.0000,1,0
3675,0.0000,1,0
3676,0.0000,1,0
3677,0.0000,1,0
3678,0.0000,1,0
3679,0.0000,1,0
3680,0.0000,1,0
3681,0.0000,1,0
3682,0.0000,1,0
3683,0.0000,1,0
3684,0.0000,1,0
3685,0.0000,1,0
3686,0.0000,1,0
3687,0.0000,1,0
3688,0.0000,1,0
3689,0.0000,1,0
3690,0.0000,1,0
3691,0.0000,1,0
3692,0.0000,1,0
3693,0.0000,1,0
3694,0.0000,1,0
3695,0.0000,1,0
3696,0.0000,1,0
3697,0.0000,1,0
3698,0.0000,1,0
3699,0.0000,1,0
3700,0.0000,1,0
3701,0.0000,1,0
3702,0.0000,1,0
3703,0.0000,1,0
3704,0.0000,1,0
3705,0.0000,1,0
3706,0.0000,1,0
3707,0.0000,1,0
3708,0.0000,1,0
3709,0.0000,1,0
3710,0.0000,1,0
3711,0.0000,1,0
3712,0.0000,1,0
3713,0.0000,1,0
3714,0.0000,1,0
3715,0.0000,1,0
3716,0.0000,1,0
3717,0.0000,1,0
3718,0.0000,1,0
3719,0.0000,1,0
3720,0.0000,1,0
3721,0.0000,1,0
3722,0.0000,1,0
3723,0.0000,1,0
3724,0.0000,1,0
3725,0.0000,1,0
3726,0.0000,1,0
3727,0.0000,1,0
3728,0.0000,1,0
3729,0.0000,1,0
3730,0.0000,1,0
3731,0.0000,1,0
3732,0.0000,1,0
3733,0.0000,1,0
3734,0.0000,1,0
3735,0.0000,1,0
3736,0.0000,1,0
3737,0.0000,1,0
3738,0.0000,1,0
3739,0.0000,1,0
3740,0.0000,1,0
3741,0.0000,1,0
3742,0.0000,1,0
3743,0.0000,1,0
3744,0.0000,1,0
3745,0.0000,1,0
3746,0.0000,1,0
3747,0.0000,1,0
3748,2.7915,0,0
3749,3.6337,0,0
3750,2.9008,0,0
3751,3.0736,0,0
3752,3.2511,0,0
3753,3.8828,0,0
3754,4.6276,0,1
3755,3.0168,0,0
3756,1.3535,0,0
3757,0.9339,0,0
3758,1.4402,0,0
3759,1.1817,0,0
3760,2.5979,0,0
3761,2.2296,0,0
3762,3.2082,0,0
3763,2.8567,0,0
3764,1.5633,0,0
3765,2.3181,0,0
3766,1.2395,0,0
3767,0.0000,1,0
3768,0.0000,1,0
3769,0.0000,1,0
3770,3.0148,0,0
3771,3.7012,0,0
3772,3.3411,0,0
3773,3.2620,0,0
3774,4.2047,0,1
3775,4.7206,0,0
3776,5.1636,0,1
3777,3.6265,0,0
3778,3.0703,0,0
3779,3.3188,0,0
3780,2.1002,0,0
3781,2.7516,0,0
3782,4.7284,0,1
3783,4.6836,0,0
3784,4.4116,0,1
3785,3.4881,0,0
3786,3.7380,0,0
3787,3.8351,0,1
3788,4.3078,0,0
3789,4.5713,0,0
3790,3.9354,0,0
3791,3.1665,0,0
3792,1.8704,0,0
3793,3.2960,0,0
3794,2.1348,0,0
3795,2.8981,0,0
3796,4.4203,0,0
3797,5.2666,0,1
3798,5.5347,0,1
3799,3.9828,0,0
3800,2.4378,0,0
3801,2.8359,0,0
3802,2.2961,0,0
3803,2.4225,0,0
3804,4.1166,0,0
3805,4.1070,0,0
3806,4.1607,0,0
3807,4.1330,0,0
3808,3.9038,0,0
3809,3.3863,0,0
3810,4.2281,0,0
3811,3.6720,0,0
3812,3.5967,0,0
3813,3.1629,0,0
3814,1.5794,0,0
3815,3.4168,0,0
3816,2.3623,0,0
3817,2.7838,0,0
3818,4.6386,0,0
3819,5.1984,0,1
3820,5.5487,0,1
3821,4.0695,0,0
3822,2.7480,0,1
3823,2.9125,0,0
3824,2.0440,0,0
3825,2.4694,0,0
3826,4.4483,0,1
3827,4.3915,0,0
3828,4.1045,0,1
3829,3.9021,0,0
3830,3.7509,0,0
3831,3.6400,0,0
3832,4.1891,0,0
3833,3.8808,0,0
3834,3.9212,0,0
3835,2.7619,0,0
3836,1.8780,0,0
3837,3.0621,0,0
3838,1.8534,0,0
3839,2.9026,0,0
3840,4.5464,0,0
3841,5.1987,0,0
3842,5.4351,0,1
3843,3.8984,0,1
3844,3.0286,0,0
3845,2.6915,0,0
3846,2.7576,0,0
3847,2.7409,0,0
3848,4.7217,0,1
3849,4.7193,0,0
3850,4.3060,0,0
3851,3.5981,0,1
3852,3.6925,0,0
3853,3.3376,0,0
3854,4.1774,0,0
3855,3.8152,0,1
3856,3.6004,0,0
3857,3.4640,0,0
3858,1.7135,0,0
3859,3.3722,0,0
3860,2.4239,0,0
3861,2.8402,0,0
3862,4.4244,0,0
3863,5.0568,0,1
3864,5.6391,0,1
3865,3.2999,0,0
3866,3.0814,0,0
3867,3.3656,0,0
3868,1.9457,0,0
3869,2.3514,0,0
3870,4.5315,0,1
3871,4.6683,0,0
3872,4.0668,0,1
3873,3.6022,0,0
3874,3.6709,0,0
3875,2.9163,0,0
3876,4.1406,0,0
3877,4.2244,0,0
3878,3.8263,0,1
3879,3.2938,0,0
3880,1.9898,0,0
3881,3.2844,0,0
3882,2.5345,0,0
3883,2.5127,0,0
3884,4.1893,0,1
3885,4.7449,0,1
3886,5.4147,0,1
3887,2.8613,0,0
3888,1.1174,0,0
3889,1.0887,0,0
3890,2.4872,0,0
3891,0.7657,0,0
3892,3.4284,0,0
3893,3.5364,0,0
3894,3.9630,0,1
3895,3.7453,0,0
3896,1.0450,0,0
3897,1.5047,0,0
3898,3.8933,0,0
3899,0.0000,1,0
3900,0.0000,1,0
3901,2.2322,0,0
3902,3.6243,0,0
3903,2.6352,0,0
3904,3.0674,0,0
3905,4.8429,0,0
3906,5.2550,0,0
3907,5.7345,0,1
3908,3.5806,0,0
3909,3.5986,0,0
3910,3.2098,0,0
3911,2.5904,0,0
3912,2.6700,0,0
3913,4.8242,0,1
3914,4.8851,0,1
3915,4.2406,0,1
3916,4.2340,0,1
3917,3.8751,0,0
3918,3.1146,0,0
3919,4.5556,0,0
3920,4.5959,0,0
3921,4.0307,0,0
3922,4.1145,0,0
3923,1.7325,0,0
3924,3.4212,0,0
3925,2.1457,0,0
3926,3.0942,0,0
3927,4.5123,0,0
3928,5.1371,0,0
3929,5.5146,0,1
3930,3.8307,0,1
3931,2.5633,0,0
3932,2.9117,0,0
3933,2.3703,0,0
3934,2.2991,0,0
3935,4.4677,0,1
3936,4.4494,0,0
3937,4.1276,0,1
3938,4.0170,0,0
3939,3.7215,0,0
3940,3.2270,0,0
3941,3.7224,0,0
3942,4.9258,0,0
3943,4.2031,0,1
3944,3.0636,0,0
3945,1.7879,0,0
3946,3.3085,0,0
3947,2.3407,0,0
3948,2.7752,0,0
3949,4.8220,0,1
3950,5.0894,0,0
3951,5.5055,0,1
3952,4.1217,0,0
3953,3.1220,0,0
3954,3.2511,0,0
3955,2.3647,0,0
3956,2.3599,0,0
3957,4.8605,0,1
3958,4.3504,0,0
3959,3.8611,0,0
3960,3.8972,0,1
3961,3.4537,0,0
3962,3.1216,0,0
3963,3.7787,0,0
3964,4.5981,0,1
3965,3.8989,0,0
3966,3.4537,0,0
3967,1.4312,0,0
3968,2.6920,0,0
3969,1.7699,0,0
3970,2.2611,0,0
3971,4.2524,0,0
3972,4.9717,0,0
3973,5.2329,0,1
3974,3.7600,0,0
3975,2.5268,0,1
3976,2.8763,0,0
3977,2.3350,0,0
3978,2.4087,0,0
3979,4.4353,0,1
3980,4.0700,0,0
3981,3.5831,0,0
3982,3.4914,0,1
3983,4.1492,0,0
3984,3.5988,0,0
3985,3.9662,0,0
3986,4.2752,0,1
3987,3.9972,0,1
3988,3.4724,0,0
3989,1.5804,0,0
3990,3.2331,0,0
3991,2.3047,0,0
3992,2.4601,0,0
3993,4.2122,0,0
3994,4.9569,0,0
3995,5.1504,0,1
3996,3.7535,0,0
3997,2.8434,0,0
3998,2.6685,0,0
3999,2.3324,0,0
4000,2.1577,0,0
4001,4.4940,0,1
4002,4.0647,0,1
4003,3.6360,0,0
4004,3.3694,0,0
4005,3.9456,0,0
4006,3.0402,0,0
4007,4.0095,0,0
4008,3.9041,0,1
4009,3.5738,0,0
4010,3.7278,0,0
4011,1.6633,0,0
4012,3.1503,0,0
4013,2.2085,0,0
4014,2.4927,0,0
4015,3.9300,0,0
4016,4.8384,0,1
4017,5.0040,0,1
4018,3.7641,0,0
4019,2.4173,0,0
4020,2.4345,0,0
4021,2.5139,0,0
4022,2.3445,0,0
4023,4.1140,0,1
4024,4.1184,0,0
4025,4.0025,0,1
4026,3.9994,0,1
4027,4.0617,0,1
4028,3.8707,0,0
4029,4.1825,0,0
4030,3.8810,0,1
4031,3.8262,0,0
4032,3.6192,0,0
4033,1.3903,0,0
4034,2.7295,0,0
4035,1.5487,0,0
4036,2.4870,0,0
4037,3.9750,0,0
4038,4.6191,0,0
4039,4.9200,0,1
4040,3.6909,0,0
4041,2.2152,0,0
4042,2.7041,0,0
4043,2.1873,0,0
4044,1.9605,0,0
4045,4.1511,0,0
4046,3.7336,0,0
4047,3.8835,0,0
4048,4.0711,0,0
4049,3.6755,0,0
4050,2.8955,0,0
4051,3.9389,0,0
4052,3.4240,0,0
4053,3.8538,0,0
4054,2.4308,0,0
4055,1.1896,0,0
4056,2.3666,0,0
4057,1.4523,0,0
4058,1.8481,0,0
4059,3.8936,0,0
4060,4.6607,0,1
4061,4.7900,0,1
4062,3.5144,0,0
4063,2.3892,0,1
4064,2.4739,0,0
4065,2.2452,0,0
4066,2.1607,0,0
4067,3.9544,0,0
4068,4.0761,0,1
4069,3.6875,0,0
4070,3.4651,0,0
4071,4.2571,0,0
4072,3.2377,0,0
4073,4.0723,0,0
4074,2.8939,0,0
4075,3.7419,0,0
4076,3.6131,0,0
4077,1.4691,0,0
4078,2.6572,0,0
4079,1.8298,0,0
4080,2.0835,0,0
4081,3.7452,0,1
4082,4.9121,0,1
4083,5.0667,0,1
4084,3.5604,0,0
4085,2.5638,0,0
4086,2.7571,0,0
4087,2.6071,0,0
4088,2.3227,0,0
4089,4.3837,0,1
4090,4.2305,0,1
4091,3.8779,0,0
4092,3.7501,0,1
4093,4.2713,0,0
4094,3.8306,0,0
4095,4.2630,0,0
4096,3.6453,0,0
4097,3.8852,0,0
4098,3.4841,0,0
4099,1.4845,0,0
4100,2.7892,0,0
4101,2.0227,0,0
4102,2.3500,0,0
4103,4.1540,0,0
4104,4.6898,0,0
4105,5.1758,0,1
4106,3.4347,0,0
4107,2.1085,0,0
4108,2.4952,0,0
4109,2.0849,0,0
4110,1.9917,0,0
4111,3.7079,0,0
4112,3.8854,0,0
4113,3.8645,0,1
4114,4.0376,0,1
4115,3.7659,0,0
4116,2.9546,0,0
4117,4.1474,0,0
4118,3.1942,0,0
4119,4.0487,0,1
4120,2.7806,0,0
4121,1.5095,0,0
4122,2.7495,0,0
4123,1.8875,0,0
4124,2.3679,0,0
4125,4.3052,0,0
4126,5.0124,0,1
4127,5.1144,0,1
4128,3.9480,0,1
4129,2.4467,0,0
4130,2.6543,0,0
4131,2.0915,0,0
4132,2.5741,0,0
4133,4.0252,0,1
4134,4.2568,0,0
4135,3.9243,0,0
4136,3.6632,0,1
4137,3.7652,0,0
4138,3.2375,0,0
4139,4.1436,0,0
4140,3.3708,0,0
4141,4.0344,0,0
4142,2.4691,0,0
4143,1.4863,0,0
4144,2.7491,0,0
4145,2.0387,0,0
4146,2.0505,0,0
4147,4.6351,0,0
4148,4.6687,0,0
4149,5.3332,0,0
4150,3.6267,0,1
4151,3.1230,0,0
4152,2.5566,0,1
4153,2.4868,0,0
4154,2.4503,0,0
4155,4.4363,0,1
4156,4.5617,0,1
4157,4.2221,0,0
4158,3.9364,0,1
4159,4.2912,0,0
4160,3.1190,0,0
4161,4.1651,0,0
4162,3.8419,0,1
4163,3.4107,0,0
4164,3.7367,0,1
4165,0.8379,0,0
4166,2.3969,0,0
4167,1.7943,0,0
4168,1.5512,0,0
4169,3.2574,0,0
4170,4.2399,0,0
4171,4.5797,0,1
4172,2.7031,0,0
4173,0.1607,0,0
4174,0.1607,0,0
4175,0.0000,1,0
4176,0.0000,1,0
4177,0.1607,0,0
4178,0.2554,0,0
4179,0.3985,0,0
4180,0.4153,0,0
4181,0.2142,0,0
4182,0.2142,0,0
4183,0.5790,0,0
4184,0.5382,0,0
4185,0.6099,0,0
4186,1.3679,0,0
4187,0.2554,0,0
4188,0.4395,0,0
4189,0.7453,0,0
4190,0.5217,0,0
4191,1.6678,0,0
4192,0.0000,1,0
4193,0.0000,1,0
4194,0.0000,1,0
4195,1.3052,0,0
4196,0.7865,0,0
4197,1.2228,0,0
4198,1.8070,0,0
4199,2.9625,0,0
4200,2.3806,0,0
4201,2.3218,0,0
4202,4.2909,0,0
4203,4.7649,0,0
4204,5.2350,0,1
4205,3.2877,0,0
4206,3.1866,0,0
4207,3.1991,0,0
4208,2.5565,0,0
4209,2.5031,0,0
4210,4.8128,0,0
4211,4.5550,0,0
4212,3.4706,0,1
4213,3.4763,0,0
4214,4.0906,0,0
4215,3.3007,0,0
4216,4.2108,0,0
4217,4.3301,0,0
4218,4.0916,0,0
4219,4.2397,0,0
4220,1.5623,0,0
4221,3.3532,0,0
4222,2.4947,0,0
4223,2.5381,0,0
4224,4.6836,0,1
4225,5.0717,0,0
4226,5.5635,0,1
4227,3.9772,0,0
4228,3.0956,0,0
4229,2.8188,0,0
4230,2.6862,0,0
4231,2.3432,0,0
4232,4.3374,0,0
4233,4.7421,0,0
4234,4.2186,0,1
4235,4.1282,0,1
4236,4.2432,0,0
4237,3.6023,0,0
4238,3.9006,0,0
4239,3.6227,0,0
4240,3.2687,0,0
4241,3.8715,0,1
4242,1.6885,0,0
4243,3.1491,0,0
4244,2.5837,0,0
4245,2.4221,0,0
4246,4.7952,0,0
4247,5.2592,0,1
4248,5.6881,0,1
4249,4.1747,0,0
4250,2.9131,0,0
4251,3.1053,0,0
4252,2.2509,0,0
4253,2.6342,0,0
4254,4.4457,0,0
4255,4.6724,0,1
4256,3.9323,0,1
4257,4.2590,0,1
4258,4.3016,0,0
4259,3.0021,0,0
4260,4.2564,0,0
4261,3.4576,0,1
4262,3.3395,0,0
4263,4.2708,0,0
4264,2.1061,0,0
4265,3.5731,0,0
4266,2.7749,0,0
4267,2.9616,0,0
4268,5.0134,0,0
4269,5.0805,0,1
4270,5.6322,0,1
4271,4.1365,0,0
4272,2.9883,0,1
4273,3.5271,0,0
4274,2.4762,0,0
4275,2.8674,0,0
4276,4.8651,0,1
4277,4.8809,0,1
4278,4.2495,0,1
4279,4.2560,0,1
4280,3.8418,0,0
4281,3.3403,0,0
4282,4.1656,0,0
4283,4.0593,0,0
4284,3.6942,0,0
4285,3.7643,0,0
4286,1.8281,0,0
4287,3.7495,0,0
4288,3.0446,0,0
4289,2.7538,0,0
4290,4.5014,0,0
4291,5.2637,0,1
4292,5.8351,0,1
4293,3.6646,0,0
4294,3.1111,0,0
4295,2.8811,0,0
4296,2.1599,0,0
4297,2.1276,0,0
4298,4.2635,0,1
4299,4.3221,0,0
4300,4.1526,0,1
4301,4.1310,0,0
4302,3.5049,0,0
4303,3.0767,0,0
4304,4.0959,0,0
4305,3.5404,0,0
4306,3.7377,0,0
4307,3.4592,0,1
4308,1.8171,0,0
4309,3.2123,0,0
4310,2.0050,0,0
4311,2.8057,0,0
4312,4.8475,0,1
4313,5.3674,0,1
4314,5.7816,0,1
4315,3.9065,0,0
4316,3.1615,0,0
4317,2.9310,0,0
4318,2.0070,0,0
4319,2.3546,0,0
4320,4.2551,0,1
4321,4.3398,0,0
4322,4.0000,0,0
4323,3.8888,0,1
4324,3.6286,0,0
4325,3.1392,0,0
4326,4.0922,0,0
4327,3.4952,0,0
4328,3.7877,0,0
4329,3.1775,0,0
4330,1.6928,0,0
4331,3.7154,0,0
4332,2.5901,0,0
4333,3.0216,0,0
4334,4.8666,0,1
4335,5.2061,0,1
4336,5.5596,0,1
4337,3.9341,0,0
4338,2.5565,0,0
4339,2.6086,0,0
4340,2.3797,0,0
4341,2.3716,0,1
4342,4.2138,0,0
4343,4.1210,0,0
4344,4.1756,0,1
4345,4.2851,0,1
4346,3.9781,0,0
4347,2.9020,0,0
4348,3.9008,0,0
4349,3.1567,0,0
4350,3.5419,0,0
4351,3.3274,0,0
4352,2.2981,0,0
4353,3.7931,0,0
4354,3.2777,0,0
4355,2.5508,0,0
4356,4.7404,0,1
4357,5.0176,0,0
4358,5.6329,0,1
4359,3.4678,0,1
4360,2.8226,0,0
4361,2.6561,0,0
4362,2.0248,0,0
4363,2.0678,0,0
4364,4.1745,0,0
4365,3.9733,0,0
4366,4.3444,0,0
4367,4.4875,0,0
4368,3.5690,0,0
4369,2.8095,0,0
4370,4.0513,0,0
4371,3.2603,0,0
4372,3.9013,0,0
4373,2.3716,0,0
4374,2.2563,0,0
4375,3.5721,0,0
4376,2.8955,0,0
4377,3.0474,0,0
4378,5.1519,0,0
4379,4.9982,0,0
4380,5.6288,0,1
4381,3.4500,0,0
4382,3.4627,0,0
4383,3.3135,0,0
4384,2.2651,0,0
4385,2.8413,0,0
4386,4.8038,0,1
4387,4.6447,0,1
4388,4.1530,0,1
4389,4.5270,0,1
4390,3.5773,0,1
4391,2.3628,0,0
4392,4.0240,0,0
4393,3.8948,0,0
4394,3.9576,0,0
4395,2.5825,0,0
4396,1.9502,0,0
4397,4.0494,0,0
4398,3.0299,0,0
4399,3.2540,0,0
4400,4.9307,0,0
4401,5.2887,0,1
4402,5.6379,0,1
4403,4.3352,0,0
4404,2.7818,0,0
4405,3.0698,0,0
4406,2.7498,0,0
4407,2.6103,0,0
4408,4.6605,0,0
4409,4.6462,0,0
4410,4.0983,0,1
4411,4.2391,0,1
4412,3.7779,0,1
4413,3.1606,0,0
4414,4.0158,0,0
4415,3.5909,0,0
4416,3.9405,0,0
4417,3.0651,0,0
4418,2.1589,0,0
4419,3.8442,0,0
4420,2.8687,0,0
4421,3.3914,0,0
4422,5.2036,0,0
4423,5.3180,0,0
4424,5.8486,0,1
4425,4.1536,0,1
4426,3.0067,0,0
4427,2.9582,0,0
4428,2.3214,0,0
4429,2.4110,0,0
4430,4.4580,0,1
4431,4.6653,0,1
4432,4.3453,0,1
4433,4.1882,0,1
4434,4.4520,0,0
4435,3.5550,0,0
4436,4.0124,0,0
4437,4.1763,0,0
4438,3.6609,0,0
4439,3.7277,0,0
4440,1.9855,0,0
4441,3.9782,0,0
4442,3.3929,0,0
4443,2.9777,0,0
4444,5.0294,0,1
4445,5.2703,0,1
4446,5.7584,0,1
4447,4.3415,0,0
4448,3.3336,0,0
4449,3.2618,0,0
4450,2.9659,0,0
4451,2.6073,0,0
4452,5.0217,0,0
4453,4.7591,0,0
4454,4.2305,0,1
4455,4.0821,0,1
4456,4.4633,0,0
4457,3.7318,0,0
4458,4.2656,0,0
4459,3.5768,0,0
4460,3.5664,0,0
4461,4.2621,0,0
4462,2.2766,0,0
4463,4.5021,0,0
4464,3.4586,0,0
4465,3.6779,0,0
4466,5.1377,0,0
4467,5.1567,0,1
4468,5.6293,0,1
4469,4.5688,0,1
4470,2.9157,0,0
4471,2.5840,0,1
4472,3.4871,0,0
4473,2.5788,0,0
4474,5.2264,0,1
4475,5.1683,0,0
4476,3.9705,0,1
4477,3.9247,0,0
4478,1.8924,0,1
4479,2.4120,0,1
4480,3.8361,0,0
4481,0.0000,1,0
4482,0.0000,1,0
4483,1.8676,0,0
4484,3.9672,0,0
4485,3.0997,0,0
4486,2.9494,0,0
4487,4.8916,0,1
4488,5.4151,0,1
4489,5.7367,0,1
4490,4.3061,0,0
4491,3.6081,0,0
4492,3.2775,0,0
4493,2.4602,0,0
4494,2.1185,0,0
4495,4.5628,0,0
4496,4.7064,0,1
4497,4.0199,0,1
4498,4.1721,0,0
4499,4.4136,0,0
4500,3.4924,0,0
4501,4.1421,0,0
4502,3.8172,0,0
4503,3.4166,0,0
4504,3.7574,0,0
4505,1.8849,0,0
4506,4.0055,0,0
4507,2.8036,0,0
4508,3.2304,0,0
4509,4.7762,0,0
4510,5.5319,0,1
4511,5.6754,0,0
4512,4.1806,0,1
4513,2.8684,0,0
4514,2.9557,0,0
4515,1.6108,0,0
4516,2.2517,0,0
4517,4.2274,0,0
4518,3.8889,0,1
4519,4.3380,0,0
4520,4.4210,0,1
4521,4.9079,0,1
4522,4.0377,0,0
4523,4.0650,0,0
4524,3.8652,0,1
4525,4.3375,0,0
4526,3.7752,0,1
4527,2.2735,0,0
4528,4.2917,0,0
4529,3.2984,0,0
4530,3.4642,0,0
4531,4.7857,0,0
4532,5.1117,0,1
4533,5.6195,0,1
4534,4.1883,0,0
4535,2.7579,0,0
4536,3.0602,0,0
4537,2.3497,0,0
4538,2.4344,0,0
4539,4.7241,0,0
4540,4.2275,0,0
4541,4.2267,0,1
4542,4.4402,0,1
4543,4.1575,0,1
4544,3.5680,0,0
4545,4.2921,0,0
4546,4.7165,0,1
4547,4.4496,0,0
4548,3.7569,0,0
4549,1.5067,0,0
4550,2.8671,0,0
4551,2.1383,0,0
4552,2.1907,0,0
4553,4.5313,0,0
4554,4.8758,0,0
4555,5.6019,0,0
4556,3.0186,0,0
4557,2.3832,0,0
4558,2.5707,0,0
4559,1.9474,0,0
4560,1.8159,0,0
4561,3.9842,0,0
4562,3.6292,0,0
4563,4.7075,0,1
4564,4.6878,0,1
4565,3.7615,0,0
4566,2.8300,0,0
4567,4.1634,0,0
4568,3.0739,0,0
4569,3.9914,0,0
4570,3.3744,0,0
4571,2.1335,0,0
4572,3.6534,0,0
4573,2.5503,0,0
4574,3.2036,0,0
4575,4.4725,0,0
4576,4.5099,0,1
4577,5.2051,0,1
4578,3.5734,0,0
4579,2.1305,0,0
4580,2.1816,0,0
4581,2.1717,0,1
4582,1.8242,0,0
4583,3.7603,0,0
4584,3.4350,0,0
4585,4.2648,0,1
4586,4.6671,0,1
4587,4.1086,0,1
4588,3.3466,0,0
4589,3.8893,0,0
4590,3.3535,0,0
4591,3.5604,0,0
4592,2.6195,0,1
4593,1.5654,0,0
4594,3.1883,0,0
4595,1.9885,0,0
4596,2.7995,0,0
4597,3.9618,0,0
4598,4.4422,0,0
4599,4.9697,0,1
4600,2.9661,0,0
4601,2.6822,0,0
4602,2.5816,0,0
4603,2.5877,0,0
4604,1.8805,0,0
4605,4.3229,0,0
4606,4.1425,0,1
4607,4.3168,0,1
4608,4.7119,0,0
4609,3.8666,0,0
4610,3.4936,0,0
4611,3.8124,0,0
4612,4.3178,0,0
4613,3.9120,0,1
4614,3.2817,0,0
4615,1.7325,0,0
4616,3.5648,0,0
4617,2.2525,0,0
4618,3.1938,0,0
4619,4.5078,0,1
4620,4.8361,0,0
4621,5.1414,0,1
4622,4.0767,0,0
4623,2.7178,0,0
4624,3.1366,0,0
4625,2.4149,0,0
4626,2.5040,0,0
4627,4.5606,0,1
4628,4.5821,0,0
4629,4.1474,0,1
4630,4.4958,0,0
4631,3.7772,0,1
4632,3.4355,0,0
4633,3.5876,0,0
4634,4.6329,0,0
4635,4.0016,0,0
4636,4.7611,0,1
4637,1.4124,0,0
4638,2.6748,0,0
4639,1.7697,0,0
4640,2.2365,0,0
4641,4.2184,0,0
4642,4.4315,0,1
4643,4.9870,0,1
4644,3.5043,0,0
4645,2.5586,0,0
4646,2.8375,0,0
4647,2.3655,0,0
4648,2.3509,0,0
4649,4.5771,0,1
4650,3.9971,0,1
4651,4.0810,0,1
4652,4.4642,0,1
4653,3.5959,0,0
4654,2.7437,0,0
4655,3.9116,0,0
4656,4.6959,0,0
4657,4.0346,0,0
4658,3.6112,0,0
4659,1.5220,0,0
4660,2.5491,0,0
4661,1.9299,0,0
4662,1.8799,0,0
4663,4.2554,0,0
4664,4.0942,0,0
4665,4.9978,0,1
4666,2.7804,0,0
4667,2.4942,0,0
4668,2.3558,0,0
4669,1.8920,0,0
4670,2.1779,0,0
4671,3.6717,0,0
4672,4.0710,0,1
4673,4.2609,0,1
4674,4.5100,0,0
4675,3.8127,0,0
4676,2.9300,0,0
4677,4.1550,0,0
4678,3.3932,0,0
4679,4.0213,0,0
4680,4.1101,0,0
4681,1.6488,0,0
4682,2.6399,0,0
4683,1.3880,0,0
4684,2.4396,0,0
4685,4.1070,0,1
4686,4.2587,0,0
4687,4.7888,0,1
4688,3.2897,0,1
4689,1.9055,0,0
4690,1.9694,0,0
4691,1.9342,0,0
4692,2.2567,0,0
4693,3.6058,0,0
4694,3.4656,0,0
4695,3.8979,0,0
4696,4.3275,0,1
4697,3.3433,0,0
4698,2.2636,0,0
4699,3.8916,0,0
4700,3.1034,0,0
4701,3.7089,0,0
4702,3.3139,0,0
4703,1.6886,0,0
4704,2.7132,0,0
4705,1.8871,0,0
4706,2.3109,0,0
4707,3.9470,0,0
4708,4.1756,0,1
4709,4.5372,0,1
4710,3.3342,0,0
4711,2.3703,0,0
4712,2.6166,0,0
4713,2.3763,0,0
4714,1.7085,0,0
4715,3.9430,0,0
4716,3.8105,0,0
4717,3.8613,0,0
4718,4.3711,0,0
4719,3.5092,0,1
4720,3.0189,0,0
4721,3.9886,0,0
4722,4.2807,0,1
4723,3.8225,0,0
4724,3.1280,0,1
4725,1.5428,0,0
4726,3.2426,0,0
4727,2.6763,0,0
4728,2.1537,0,0
4729,3.7130,0,0
4730,3.9562,0,0
4731,4.4329,0,1
4732,3.0929,0,0
4733,2.2892,0,0
4734,2.1772,0,0
4735,1.9431,0,0
4736,1.9635,0,0
4737,3.4326,0,0
4738,3.4983,0,0
4739,3.7296,0,0
4740,4.1729,0,0
4741,3.8202,0,0
4742,2.8614,0,0
4743,3.9358,0,0
4744,2.9557,0,0
4745,3.6659,0,0
4746,3.3738,0,1
4747,1.5265,0,0
4748,2.4975,0,0
4749,1.5343,0,0
4750,2.4544,0,0
4751,3.6927,0,1
4752,4.0336,0,0
4753,4.6081,0,1
4754,2.6247,0,0
4755,2.1309,0,0
4756,2.2470,0,0
4757,1.5839,0,0
4758,1.2775,0,0
4759,3.2166,0,1
4760,3.1560,0,0
4761,3.7772,0,1
4762,4.1310,0,1
4763,3.6684,0,0
4764,2.6498,0,0
4765,3.9112,0,0
4766,3.2438,0,0
4767,4.0060,0,0
4768,3.2379,0,0
4769,1.2712,0,0
4770,2.1995,0,0
4771,1.4783,0,0
4772,1.8110,0,0
4773,3.7026,0,0
4774,4.0812,0,0
4775,4.7139,0,1
4776,3.1165,0,0
4777,1.8605,0,0
4778,2.1954,0,0
4779,2.2845,0,0
4780,2.4336,0,0
4781,4.0148,0,1
4782,3.5634,0,0
4783,4.1045,0,0
4784,4.3712,0,0
4785,3.8937,0,0
4786,3.1239,0,0
4787,3.7307,0,0
4788,3.2084,0,0
4789,3.6592,0,0
4790,3.4192,0,0
4791,1.4726,0,0
4792,3.1061,0,0
4793,2.1695,0,0
4794,2.6358,0,0
4795,3.6390,0,0
4796,4.1983,0,0
4797,4.4066,0,1
4798,3.3883,0,0
4799,2.1610,0,0
4800,2.3344,0,0
4801,1.6386,0,0
4802,1.4053,0,0
4803,3.2300,0,0
4804,3.4621,0,1
4805,3.6942,0,0
4806,4.1404,0,1
4807,3.8697,0,0
4808,2.9043,0,0
4809,3.7512,0,0
4810,2.8613,0,0
4811,3.5857,0,0
4812,2.9558,0,0
4813,1.5723,0,0
4814,2.4715,0,0
4815,2.0477,0,0
4816,1.9957,0,0
4817,3.5789,0,1
4818,4.0481,0,0
4819,4.6884,0,1
4820,2.8464,0,0
4821,2.1984,0,0
4822,2.9475,0,0
4823,2.4144,0,0
4824,2.3864,0,0
4825,4.2099,0,0
4826,4.0976,0,1
4827,3.5218,0,0
4828,3.8135,0,1
4829,3.9358,0,0
4830,3.4592,0,0
4831,3.7514,0,0
4832,4.0757,0,0
4833,3.9638,0,0
4834,4.2556,0,1
4835,1.4664,0,0
4836,2.8334,0,0
4837,2.2752,0,0
4838,2.2929,0,0
4839,2.3017,0,0
4840,3.3681,0,0
4841,3.6971,0,1
4842,2.3121,0,0
4843,0.5625,0,0
4844,0.8851,0,0
4845,0.4685,0,0
4846,0.5790,0,0
4847,1.8436,0,0
4848,1.5284,0,0
4849,1.4381,0,0
4850,1.5136,0,0
4851,0.0000,1,0
4852,0.0000,1,0
4853,1.9628,0,0
4854,1.8084,0,0
4855,2.4474,0,0
4856,3.2326,0,0
4857,0.9212,0,0
4858,1.6377,0,0
4859,2.8841,0,0
4860,2.2318,0,0
4861,2.1103,0,0
4862,0.0000,1,0
4863,0.0000,1,0
4864,0.0000,1,0
4865,1.0696,0,0
4866,2.2364,0,0
4867,1.5943,0,0
4868,1.6523,0,0
4869,3.2244,0,0
4870,4.1794,0,0
4871,4.4605,0,1
4872,2.4120,0,0
4873,2.5614,0,0
4874,2.2853,0,0
4875,1.8781,0,0
4876,1.8069,0,0
4877,3.4087,0,0
4878,3.9374,0,1
4879,3.4818,0,0
4880,3.6758,0,0
4881,3.6893,0,0
4882,3.0028,0,0
4883,3.5144,0,0
4884,3.0388,0,1
4885,3.7412,0,0
4886,3.4237,0,1
4887,0.8021,0,0
4888,2.6250,0,0
4889,1.6279,0,0
4890,2.1387,0,0
4891,3.4966,0,0
4892,3.7036,0,0
4893,4.0014,0,1
4894,3.0603,0,0
4895,2.1551,0,0
4896,2.1298,0,0
4897,1.9750,0,0
4898,1.9303,0,0
4899,3.3995,0,1
4900,3.5351,0,0
4901,3.5290,0,0
4902,3.6562,0,0
4903,3.7482,0,0
4904,3.3462,0,0
4905,3.7041,0,0
4906,3.5353,0,1
4907,3.9242,0,0
4908,3.1078,0,0
4909,0.8782,0,0
4910,1.8334,0,0
4911,1.0365,0,0
4912,1.7732,0,0
4913,3.3584,0,0
4914,4.1590,0,0
4915,4.4070,0,1
4916,3.3468,0,0
4917,1.8564,0,0
4918,2.5398,0,0
4919,1.7527,0,0
4920,1.7701,0,0
4921,3.2958,0,0
4922,3.6661,0,0
4923,3.9548,0,0
4924,3.7768,0,0
4925,4.1905,0,0
4926,2.9353,0,0
4927,3.5844,0,0
4928,3.0308,0,0
4929,3.8433,0,1
4930,3.4257,0,0
4931,1.2088,0,0
4932,2.3255,0,0
4933,1.5403,0,0
4934,1.9937,0,0
4935,3.5009,0,0
4936,3.6679,0,0
4937,4.0534,0,0
4938,2.9233,0,0
4939,2.1814,0,0
4940,2.9043,0,1
4941,2.0099,0,0
4942,2.3941,0,0
4943,4.1934,0,1
4944,3.8248,0,0
4945,3.4974,0,1
4946,3.6692,0,1
4947,3.9007,0,0
4948,3.3495,0,0
4949,3.6679,0,0
4950,4.5457,0,0
4951,3.9248,0,0
4952,3.8046,0,1
4953,0.7822,0,0
4954,1.7927,0,0
4955,1.2517,0,0
4956,1.4109,0,0
4957,2.6477,0,0
4958,3.4952,0,0
4959,3.5584,0,0
4960,2.5822,0,0
4961,1.8257,0,0
4962,2.1281,0,0
4963,1.9270,0,0
4964,2.0203,0,0
4965,3.4615,0,0
4966,3.6019,0,0
4967,3.2213,0,1
4968,3.4594,0,0
4969,3.3121,0,0
4970,2.7298,0,0
4971,3.9709,0,0
4972,2.8768,0,0
4973,4.3739,0,0
4974,4.1705,0,0
4975,0.4395,0,0
4976,1.5479,0,0
4977,0.9709,0,0
4978,1.2649,0,0
4979,2.3651,0,0
4980,2.4449,0,0
4981,2.8501,0,0
4982,1.9318,0,0
4983,1.0225,0,0
4984,1.7795,0,0
4985,1.4943,0,0
4986,1.7021,0,0
4987,2.6780,0,0
4988,2.5790,0,1
4989,2.3815,0,0
4990,2.7228,0,0
4991,2.9920,0,1
4992,2.7105,0,0
4993,3.4191,0,0
4994,3.3587,0,0
4995,3.7213,0,0
4996,2.5676,0,0
4997,0.9088,0,0
4998,1.6477,0,0
4999,0.9554,0,0
5000,1.5970,0,0
5001,1.8140,0,0
5002,1.4696,0,0
5003,1.8802,0,0
5004,1.4584,0,0
5005,0.7555,0,0
5006,0.8083,0,0
5007,2.0818,0,0
5008,0.4153,0,0
5009,2.9328,0,0
5010,3.1045,0,0
5011,2.2578,0,0
5012,2.4234,0,0
5013,0.8090,0,0
5014,1.0626,0,0
5015,1.3597,0,0
5016,4.4172,0,0
5017,0.0000,1,0
5018,0.0000,1,0
5019,0.3210,0,0
5020,0.1607,0,0
5021,0.1607,0,0
5022,0.2142,0,0
5023,0.9932,0,0
5024,1.1921,0,0
5025,1.5424,0,0
5026,0.6989,0,0
5027,0.0000,1,0
5028,0.0000,1,0
5029,0.0000,1,0
5030,0.0000,1,0
5031,0.0000,1,0
5032,0.0000,1,0
5033,0.0000,1,0
5034,0.0000,1,0
5035,0.0000,1,0
5036,0.0000,1,0
5037,0.1607,0,0
5038,0.2142,0,0
5039,0.5332,0,0
5040,0.9171,0,0
5041,0.8059,0,0
5042,0.6605,0,0
5043,2.7585,0,0
5044,3.1593,0,0
5045,3.3832,0,1
5046,2.8173,0,0
5047,2.6528,0,0
5048,2.6263,0,0
5049,3.4028,0,0
5050,3.2370,0,0
5051,5.3769,0,1
5052,4.6241,0,1
5053,3.9393,0,1
5054,3.6285,0,1
5055,3.6403,0,0
5056,3.5248,0,0
5057,3.7508,0,0
5058,4.8771,0,0
5059,4.3990,0,0
5060,4.2814,0,0
5061,1.0349,0,0
5062,2.3636,0,0
5063,2.0203,0,0
5064,1.4449,0,0
5065,3.7485,0,1
5066,4.2876,0,0
5067,4.4880,0,1
5068,3.5470,0,1
5069,3.1057,0,1
5070,3.5008,0,0
5071,3.1174,0,0
5072,3.0390,0,0
5073,5.3937,0,1
5074,5.0795,0,0
5075,4.2660,0,1
5076,3.5903,0,0
5077,4.1102,0,0
5078,4.1063,0,1
5079,4.0547,0,0
5080,5.1645,0,1
5081,3.9802,0,0
5082,3.9078,0,0
5083,1.1874,0,0
5084,2.1050,0,0
5085,1.1448,0,0
5086,1.8658,0,0
5087,3.7821,0,1
5088,4.7685,0,1
5089,4.7932,0,1
5090,3.5667,0,0
5091,3.5966,0,0
5092,3.1634,0,0
5093,2.4226,0,0
5094,3.1290,0,0
5095,4.9098,0,1
5096,5.0522,0,1
5097,4.1108,0,1
5098,3.8056,0,1
5099,3.8096,0,0
5100,3.7834,0,0
5101,3.9439,0,0
5102,4.7869,0,1
5103,3.8043,0,0
5104,4.0485,0,1
5105,1.3507,0,0
5106,2.6150,0,0
5107,1.8122,0,0
5108,1.9875,0,0
5109,3.4555,0,0
5110,4.5973,0,1
5111,4.5744,0,1
5112,3.7161,0,0
5113,2.4474,0,0
5114,3.2525,0,0
5115,2.6460,0,1
5116,2.4862,0,0
5117,4.8066,0,1
5118,4.6080,0,1
5119,4.3384,0,0
5120,4.0678,0,1
5121,4.4390,0,1
5122,4.3433,0,1
5123,4.1671,0,0
5124,4.8549,0,0
5125,3.9889,0,0
5126,3.7281,0,0
5127,1.6020,0,0
5128,2.1412,0,0
5129,1.6389,0,0
5130,1.6201,0,0
5131,3.3704,0,0
5132,5.1150,0,1
5133,5.1111,0,1
5134,3.3278,0,1
5135,2.8270,0,1
5136,2.6489,0,0
5137,2.3100,0,0
5138,2.4363,0,0
5139,4.2717,0,1
5140,4.4742,0,0
5141,4.1203,0,0
5142,3.8060,0,0
5143,4.0689,0,1
5144,3.2844,0,0
5145,3.9428,0,0
5146,4.0520,0,0
5147,3.8676,0,0
5148,3.8434,0,0
5149,1.8987,0,0
5150,2.7420,0,0
5151,2.3380,0,0
5152,1.6536,0,0
5153,3.9501,0,1
5154,4.5257,0,0
5155,4.9152,0,0
5156,3.2848,0,1
5157,2.4085,0,0
5158,3.0949,0,1
5159,2.3015,0,0
5160,2.5532,0,0
5161,4.5849,0,1
5162,4.2745,0,0
5163,4.5623,0,0
5164,3.9341,0,0
5165,4.0114,0,0
5166,3.4911,0,0
5167,3.9927,0,0
5168,3.9110,0,0
5169,3.8121,0,0
5170,4.0668,0,0
5171,0.8522,0,0
5172,2.7036,0,0
5173,2.1171,0,0
5174,1.5823,0,0
5175,3.1606,0,0
5176,4.3471,0,1
5177,4.6260,0,1
5178,2.9588,0,0
5179,0.4973,0,0
5180,0.3621,0,0
5181,0.3621,0,0
5182,0.3863,0,0
5183,0.9464,0,0
5184,0.6547,0,0
5185,0.8745,0,0
5186,0.7691,0,0
5187,0.1607,0,0
5188,0.1607,0,0
5189,1.2422,0,0
5190,0.7447,0,0
5191,0.9451,0,0
5192,2.0150,0,0
5193,0.9178,0,0
5194,1.0027,0,0
5195,2.8561,0,0
5196,1.6448,0,0
5197,1.9233,0,0
5198,0.0000,1,0
5199,0.0000,1,0
5200,0.0000,1,0
5201,1.7091,0,0
5202,2.6389,0,0
5203,1.7447,0,0
5204,2.1099,0,0
5205,3.8113,0,0
5206,5.1013,0,1
5207,5.2141,0,1
5208,3.5826,0,0
5209,3.4439,0,1
5210,2.4835,0,0
5211,2.3297,0,0
5212,2.6679,0,0
5213,4.5827,0,0
5214,4.5900,0,1
5215,4.2970,0,1
5216,4.1915,0,1
5217,4.0288,0,0
5218,2.9724,0,0
5219,3.9814,0,0
5220,4.3409,0,0
5221,3.8897,0,0
5222,4.1117,0,0
5223,2.0462,0,0
5224,3.3908,0,0
5225,2.2821,0,0
5226,2.9037,0,0
5227,4.6526,0,0
5228,5.0613,0,1
5229,5.3252,0,1
5230,4.0270,0,0
5231,2.6510,0,0
5232,3.0545,0,0
5233,2.5792,0,0
5234,2.7502,0,0
5235,4.8158,0,1
5236,4.8163,0,1
5237,4.1126,0,1
5238,4.2711,0,1
5239,3.9463,0,1
5240,4.0350,0,0
5241,3.5213,0,0
5242,4.8323,0,0
5243,3.8392,0,0
5244,3.7471,0,0
5245,2.5262,0,0
5246,3.5938,0,0
5247,3.0801,0,0
5248,2.7175,0,0
5249,4.3569,0,1
5250,4.9820,0,1
5251,5.1424,0,1
5252,3.9207,0,0
5253,2.5798,0,0
5254,3.1087,0,0
5255,2.1893,0,0
5256,2.2808,0,0
5257,4.0921,0,0
5258,4.4030,0,0
5259,3.6601,0,1
5260,3.3131,0,1
5261,3.4602,0,0
5262,3.4954,0,0
5263,3.8783,0,0
5264,4.2247,0,0
5265,4.3882,0,0
5266,3.3870,0,0
5267,2.4381,0,0
5268,3.4980,0,0
5269,2.7078,0,0
5270,2.8297,0,0
5271,4.3690,0,0
5272,4.8019,0,1
5273,5.3434,0,1
5274,3.0993,0,0
5275,3.0784,0,0
5276,3.0451,0,0
5277,2.4471,0,0
5278,2.4701,0,0
5279,4.8752,0,1
5280,4.4103,0,0
5281,4.1043,0,0
5282,4.2653,0,1
5283,3.5104,0,1
5284,3.6950,0,0
5285,3.9052,0,0
5286,4.3690,0,0
5287,4.2874,0,0
5288,2.8839,0,0
5289,1.4342,0,0
5290,2.2833,0,0
5291,1.3690,0,0
5292,2.1348,0,0
5293,4.1697,0,1
5294,4.2238,0,0
5295,4.8318,0,1
5296,2.9051,0,0
5297,2.5187,0,0
5298,2.5302,0,0
5299,2.2879,0,0
5300,2.2924,0,0
5301,4.1133,0,0
5302,3.8770,0,0
5303,3.6576,0,1
5304,3.9556,0,1
5305,3.2704,0,0
5306,2.4626,0,0
5307,3.4932,0,0
5308,3.2830,0,0
5309,3.0054,0,0
5310,3.0899,0,0
5311,1.6526,0,0
5312,2.9385,0,0
5313,1.7167,0,0
5314,2.7467,0,1
5315,4.1242,0,0
5316,4.4937,0,1
5317,4.7825,0,1
5318,3.2583,0,0
5319,2.6386,0,0
5320,2.4620,0,0
5321,2.0169,0,0
5322,1.9441,0,0
5323,4.0582,0,0
5324,3.8422,0,1
5325,3.5822,0,1
5326,3.5281,0,0
5327,3.1818,0,0
5328,3.0591,0,0
5329,3.4470,0,0
5330,3.6431,0,0
5331,3.1733,0,0
5332,2.9344,0,0
5333,1.5234,0,0
5334,2.9532,0,0
5335,1.9123,0,0
5336,2.5177,0,0
5337,4.1608,0,1
5338,4.0443,0,1
5339,4.8116,0,1
5340,3.0026,0,0
5341,2.6971,0,0
5342,2.4190,0,0
5343,2.1331,0,0
5344,2.0267,0,0
5345,3.9709,0,1
5346,3.9413,0,0
5347,3.6881,0,0
5348,3.4608,0,1
5349,2.6227,0,0
5350,2.5268,0,0
5351,3.1403,0,0
5352,3.8804,0,0
5353,3.2498,0,0
5354,2.7292,0,0
5355,1.6258,0,0
5356,2.6712,0,0
5357,2.0759,0,0
5358,2.2764,0,0
5359,3.6396,0,1
5360,4.2930,0,1
5361,4.6899,0,1
5362,2.6869,0,1
5363,2.4176,0,0
5364,2.3474,0,1
5365,2.0432,0,0
5366,1.8958,0,0
5367,3.7212,0,1
5368,4.0438,0,1
5369,3.3360,0,0
5370,3.4792,0,1
5371,2.8396,0,0
5372,2.5948,0,0
5373,2.7874,0,0
5374,3.8055,0,0
5375,3.3375,0,1
5376,2.1700,0,0
5377,1.3357,0,0
5378,2.0802,0,0
5379,1.3765,0,0
5380,1.8820,0,0
5381,3.4847,0,0
5382,4.1113,0,1
5383,4.5825,0,0
5384,2.4450,0,0
5385,2.4910,0,0
5386,2.1809,0,1
5387,2.0099,0,0
5388,2.0437,0,0
5389,4.1135,0,1
5390,3.7191,0,0
5391,3.3987,0,1
5392,3.6401,0,1
5393,2.9354,0,0
5394,2.8666,0,0
5395,3.0233,0,0
5396,3.9356,0,0
5397,3.4095,0,0
5398,2.7844,0,0
5399,0.8289,0,0
5400,2.5816,0,0
5401,0.9461,0,0
5402,2.4573,0,0
5403,3.5011,0,0
5404,3.9789,0,0
5405,4.2480,0,0
5406,2.9217,0,0
5407,2.0474,0,0
5408,1.6201,0,0
5409,1.8170,0,0
5410,1.7810,0,0
5411,3.3620,0,0
5412,3.1058,0,0
5413,3.3860,0,1
5414,3.6387,0,0
5415,3.1888,0,1
5416,2.8526,0,0
5417,2.9934,0,0
5418,3.5374,0,0
5419,3.3761,0,0
5420,2.3952,0,0
5421,1.7088,0,0
5422,3.3688,0,0
5423,2.8715,0,0
5424,2.2726,0,0
5425,3.8659,0,0
5426,3.9946,0,0
5427,4.7460,0,1
5428,2.9513,0,0
5429,1.7168,0,0
5430,2.4648,0,0
5431,2.0189,0,0
5432,1.6736,0,0
5433,3.7445,0,1
5434,3.4652,0,0
5435,3.6675,0,0
5436,3.8432,0,0
5437,2.8222,0,0
5438,2.3607,0,0
5439,2.9559,0,0
5440,3.9069,0,0
5441,3.1693,0,0
5442,3.3423,0,0
5443,1.4513,0,0
5444,3.3041,0,0
5445,2.0267,0,0
5446,2.4563,0,0
5447,4.0591,0,0
5448,4.2735,0,0
5449,4.9196,0,1
5450,2.9147,0,0
5451,3.2439,0,0
5452,2.9336,0,0
5453,1.4527,0,0
5454,2.2832,0,0
5455,4.3041,0,1
5456,4.2544,0,0
5457,3.5700,0,0
5458,3.4336,0,1
5459,3.0505,0,0
5460,3.3095,0,0
5461,4.1121,0,0
5462,4.4712,0,0
5463,4.1858,0,0
5464,3.1799,0,0
5465,1.0155,0,0
5466,2.5053,0,0
5467,1.6506,0,0
5468,2.0109,0,0
5469,4.1650,0,1
5470,4.9294,0,1
5471,5.3428,0,1
5472,3.3594,0,0
5473,2.6480,0,0
5474,3.0237,0,1
5475,1.5824,0,0
5476,2.5256,0,0
5477,4.2335,0,1
5478,4.2594,0,1
5479,3.8462,0,0
5480,3.3248,0,0
5481,3.9690,0,0
5482,3.4662,0,0
5483,3.6543,0,0
5484,4.5671,0,1
5485,4.3307,0,0
5486,3.8014,0,0
5487,1.4749,0,0
5488,2.7707,0,0
5489,1.3825,0,0
5490,2.8478,0,0
5491,4.0403,0,1
5492,4.7501,0,1
5493,5.0105,0,1
5494,3.7131,0,0
5495,2.9538,0,0
5496,2.9508,0,0
5497,1.9574,0,0
5498,2.6644,0,0
5499,4.7613,0,0
5500,4.2571,0,0
5501,3.3830,0,1
5502,3.5291,0,0
5503,3.2933,0,0
5504,3.0533,0,0
5505,3.7012,0,0
5506,4.0497,0,0
5507,3.9214,0,0
5508,4.2595,0,0
5509,1.4355,0,0
5510,3.0106,0,0
5511,1.6483,0,0
5512,2.8360,0,0
5513,4.0854,0,0
5514,4.9982,0,1
5515,4.9738,0,1
5516,4.1389,0,0
5517,2.6944,0,0
5518,2.7902,0,0
5519,2.5290,0,0
5520,2.2596,0,1
5521,4.4708,0,0
5522,4.1040,0,1
5523,3.5855,0,0
5524,3.9620,0,1
5525,4.0012,0,1
5526,3.1073,0,0
5527,3.8844,0,1
5528,4.6727,0,0
5529,4.2514,0,0
5530,3.0988,0,0
5531,1.8503,0,0
5532,2.9868,0,0
5533,1.5502,0,0
5534,2.8123,0,0
5535,4.0962,0,0
5536,4.5991,0,1
5537,5.1213,0,1
5538,3.3288,0,0
5539,3.0003,0,0
5540,3.0082,0,0
5541,2.1359,0,0
5542,2.4854,0,0
5543,4.5399,0,1
5544,4.3689,0,0
5545,3.6562,0,0
5546,3.8079,0,1
5547,3.8483,0,1
5548,3.7620,0,0
5549,4.0237,0,0
5550,4.8796,0,0
5551,4.3510,0,0
5552,3.2679,0,0
5553,1.1493,0,0
5554,2.6227,0,0
5555,1.9073,0,0
5556,1.9023,0,0
5557,3.5551,0,1
5558,4.7782,0,0
5559,5.0875,0,1
5560,2.8925,0,0
5561,0.5734,0,0
5562,0.4395,0,0
5563,2.6310,0,0
5564,0.7625,0,0
5565,3.4452,0,0
5566,3.4517,0,0
5567,3.8727,0,1
5568,3.7999,0,0
5569,0.0000,1,0
5570,0.0000,1,0
5571,3.6570,0,0
5572,0.0000,1,0
5573,0.0000,1,0
5574,1.6045,0,0
5575,2.9216,0,0
5576,1.8671,0,0
5577,2.6343,0,0
5578,4.2960,0,1
5579,5.1159,0,1
5580,5.3549,0,1
5581,3.5259,0,0
5582,3.1082,0,1
5583,3.2393,0,0
5584,2.6060,0,0
5585,2.4351,0,0
5586,4.5635,0,0
5587,4.6780,0,1
5588,3.9357,0,1
5589,4.0106,0,1
5590,3.5841,0,0
5591,3.4591,0,0
5592,3.8607,0,0
5593,4.1972,0,0
5594,4.0244,0,0
5595,3.9333,0,0
5596,1.4752,0,0
5597,3.1513,0,0
5598,1.4637,0,0
5599,3.0593,0,0
5600,4.3629,0,1
5601,4.7598,0,0
5602,5.2613,0,1
5603,3.6243,0,0
5604,3.1472,0,0
5605,2.9826,0,0
5606,2.4904,0,0
5607,2.5588,0,0
5608,4.8968,0,0
5609,4.5204,0,0
5610,3.5380,0,1
5611,3.9653,0,1
5612,3.7432,0,0
5613,3.6187,0,0
5614,3.8590,0,0
5615,4.7258,0,0
5616,3.9559,0,0
5617,3.5180,0,0
5618,1.4732,0,0
5619,3.1063,0,0
5620,2.1983,0,0
5621,2.4162,0,0
5622,4.3572,0,0
5623,5.1696,0,0
5624,5.3639,0,1
5625,3.7334,0,0
5626,3.3780,0,0
5627,3.1701,0,0
5628,2.6754,0,0
5629,2.8247,0,0
5630,4.8571,0,1
5631,4.9137,0,1
5632,3.8327,0,1
5633,4.2598,0,1
5634,3.8405,0,0
5635,3.7473,0,0
5636,3.8530,0,0
5637,4.1191,0,1
5638,3.8208,0,0
5639,4.3606,0,1
5640,1.5495,0,0
5641,2.7500,0,0
5642,1.5628,0,0
5643,2.5413,0,0
5644,4.3426,0,0
5645,4.7163,0,1
5646,5.4754,0,1
5647,3.0533,0,0
5648,2.7213,0,0
5649,3.1700,0,0
5650,2.2805,0,0
5651,2.4140,0,0
5652,4.4251,0,1
5653,4.3416,0,1
5654,3.6750,0,1
5655,4.0374,0,1
5656,3.9730,0,0
5657,3.2772,0,0
5658,3.8715,0,0
5659,4.5413,0,1
5660,3.6101,0,0
5661,3.1542,0,0
5662,1.1665,0,0
5663,2.6419,0,0
5664,1.6039,0,0
5665,2.3309,0,0
5666,3.9458,0,0
5667,4.7231,0,1
5668,4.9505,0,1
5669,3.5324,0,0
5670,3.0884,0,0
5671,2.7780,0,0
5672,2.7851,0,1
5673,2.8405,0,1
5674,4.9840,0,0
5675,4.7003,0,1
5676,3.9858,0,1
5677,4.1838,0,0
5678,4.3787,0,0
5679,3.8201,0,0
5680,4.0338,0,0
5681,5.1303,0,1
5682,4.1050,0,0
5683,3.8849,0,0
5684,1.2298,0,0
5685,2.8069,0,0
5686,1.2759,0,0
5687,2.5768,0,1
5688,3.9535,0,0
5689,4.6780,0,0
5690,4.9726,0,1
5691,3.3517,0,0
5692,2.5464,0,0
5693,3.1299,0,0
5694,2.4503,0,0
5695,2.6188,0,0
5696,4.5137,0,1
5697,4.4523,0,0
5698,4.0137,0,1
5699,4.2080,0,1
5700,3.5369,0,0
5701,3.5760,0,0
5702,3.8844,0,0
5703,4.8147,0,1
5704,3.9295,0,0
5705,4.2852,0,0
5706,1.0268,0,0
5707,2.4458,0,0
5708,1.2738,0,0
5709,2.2703,0,0
5710,4.1014,0,0
5711,4.7460,0,0
5712,5.0198,0,1
5713,3.6306,0,0
5714,2.5186,0,0
5715,2.5593,0,0
5716,2.1859,0,0
5717,2.5591,0,0
5718,4.2398,0,1
5719,4.0030,0,0
5720,3.6623,0,0
5721,3.9223,0,0
5722,4.0474,0,0
5723,3.4247,0,0
5724,3.8106,0,0
5725,3.5863,0,0
5726,3.7382,0,0
5727,4.4359,0,0
5728,1.3012,0,0
5729,2.5336,0,0
5730,1.1688,0,0
5731,2.4918,0,0
5732,3.9357,0,0
5733,4.8693,0,1
5734,5.0908,0,1
5735,3.4789,0,0
5736,2.8352,0,0
5737,2.4329,0,0
5738,2.6479,0,1
5739,2.5413,0,0
5740,4.4262,0,1
5741,4.3740,0,1
5742,3.9704,0,1
5743,3.9392,0,1
5744,4.2111,0,0
5745,3.7161,0,0
5746,4.0228,0,0
5747,4.2486,0,1
5748,4.0974,0,1
5749,3.7188,0,0
5750,1.3471,0,0
5751,2.6397,0,0
5752,1.3061,0,0
5753,2.4609,0,0
5754,4.2877,0,0
5755,4.7057,0,0
5756,5.1854,0,1
5757,3.4900,0,0
5758,2.0764,0,0
5759,2.4585,0,0
5760,1.8565,0,0
5761,1.9829,0,0
5762,3.4099,0,0
5763,3.6084,0,0
5764,4.1091,0,1
5765,4.0722,0,0
5766,3.9580,0,1
5767,2.9545,0,0
5768,4.2913,0,0
5769,3.1201,0,0
5770,3.5725,0,0
5771,3.2177,0,0
5772,1.6933,0,0
5773,2.6467,0,0
5774,1.5946,0,0
5775,2.4219,0,0
5776,4.1264,0,0
5777,4.7529,0,0
5778,5.3617,0,1
5779,3.1180,0,0
5780,2.0344,0,0
5781,1.7634,0,0
5782,1.7551,0,0
5783,2.1266,0,0
5784,3.5671,0,0
5785,3.3204,0,0
5786,4.1243,0,1
5787,3.9984,0,1
5788,4.1464,0,0
5789,3.6211,0,1
5790,4.3957,0,0
5791,3.8517,0,0
5792,4.1286,0,0
5793,2.8688,0,0
5794,1.8930,0,0
5795,2.8905,0,0
5796,1.7182,0,0
5797,2.8028,0,0
5798,4.0326,0,0
5799,4.7716,0,0
5800,5.2606,0,1
5801,3.3272,0,0
5802,2.2666,0,0
5803,2.5594,0,0
5804,1.8763,0,0
5805,2.3793,0,0
5806,4.1549,0,0
5807,3.9849,0,0
5808,4.2538,0,0
5809,4.2197,0,1
5810,3.7483,0,0
5811,3.2185,0,0
5812,4.2707,0,0
5813,3.2488,0,0
5814,3.8451,0,0
5815,3.3993,0,0
5816,1.7303,0,0
5817,2.8938,0,0
5818,2.0479,0,0
5819,2.3122,0,0
5820,4.2237,0,0
5821,4.6535,0,1
5822,5.4366,0,0
5823,3.1473,0,0
5824,2.0181,0,0
5825,2.0424,0,0
5826,1.5650,0,0
5827,1.7865,0,0
5828,3.1665,0,0
5829,3.6523,0,0
5830,4.0660,0,0
5831,4.2856,0,1
5832,4.0933,0,0
5833,3.0020,0,0
5834,4.1234,0,0
5835,3.0845,0,1
5836,4.0244,0,0
5837,2.0392,0,0
5838,1.0580,0,0
5839,2.4583,0,0
5840,2.0095,0,0
5841,1.6601,0,0
5842,3.3339,0,0
5843,4.1225,0,1
5844,4.7240,0,1
5845,2.4691,0,1
5846,0.0000,1,0
5847,0.0000,1,0
5848,0.1072,0,0
5849,0.0000,1,0
5850,0.0000,1,0
5851,0.0000,1,0
5852,0.3453,0,0
5853,0.3088,0,0
5854,0.2554,0,0
5855,0.2554,0,0
5856,0.4271,0,0
5857,4.7507,0,1
5858,2.8029,0,0
5859,1.0010,0,0
5860,0.0000,1,0
5861,0.1072,0,0
5862,0.0000,1,0
5863,0.1072,0,0
5864,0.0000,1,0
5865,0.1072,0,0
5866,0.0000,1,0
5867,0.0000,1,0
5868,1.9468,0,0
5869,1.0254,0,0
5870,0.9842,0,0
5871,1.9540,0,0
5872,2.9788,0,0
5873,2.0142,0,0
5874,2.5937,0,0
5875,4.3219,0,1
5876,4.7188,0,0
5877,5.2331,0,1
5878,2.9282,0,0
5879,2.9317,0,0
5880,2.9252,0,0
5881,2.1171,0,0
5882,2.5126,0,0
5883,4.4542,0,1
5884,4.4348,0,1
5885,4.0422,0,1
5886,4.3761,0,1
5887,3.9323,0,0
5888,3.3606,0,0
5889,4.1996,0,0
5890,3.8823,0,0
5891,4.2957,0,0
5892,3.4028,0,1
5893,1.6358,0,0
5894,3.2083,0,0
5895,1.9319,0,0
5896,2.8388,0,0
5897,4.6167,0,0
5898,5.0906,0,1
5899,5.4893,0,1
5900,3.7144,0,0
5901,2.8499,0,0
5902,3.0617,0,0
5903,2.2206,0,0
5904,2.4084,0,0
5905,4.5497,0,0
5906,4.4442,0,0
5907,4.1603,0,1
5908,4.0740,0,1
5909,3.8573,0,0
5910,2.9635,0,0
5911,3.9534,0,0
5912,3.7583,0,0
5913,3.9843,0,0
5914,3.5782,0,0
5915,1.7101,0,0
5916,2.7829,0,0
5917,2.1105,0,0
5918,2.2575,0,0
5919,4.5198,0,0
5920,5.0617,0,1
5921,5.4341,0,1
5922,3.7383,0,1
5923,2.7781,0,0
5924,2.7391,0,0
5925,2.4791,0,0
5926,2.0925,0,0
5927,4.2887,0,1
5928,4.5904,0,0
5929,3.8922,0,1
5930,4.1493,0,0
5931,3.8184,0,0
5932,2.8405,0,0
5933,3.8789,0,0
5934,4.4839,0,0
5935,4.1810,0,0
5936,4.0504,0,0
5937,1.8079,0,0
5938,3.1290,0,0
5939,2.4631,0,0
5940,2.4026,0,0
5941,4.3491,0,0
5942,5.0075,0,1
5943,5.2497,0,1
5944,4.0494,0,0
5945,3.0044,0,0
5946,3.0888,0,1
5947,2.5451,0,0
5948,2.5012,0,0
5949,4.6210,0,1
5950,4.6363,0,1
5951,4.0027,0,1
5952,4.2038,0,1
5953,3.5507,0,0
5954,2.9916,0,0
5955,4.1962,0,0
5956,3.8876,0,1
5957,4.0261,0,0
5958,4.4280,0,0
5959,1.6961,0,0
5960,3.0248,0,0
5961,2.1690,0,0
5962,2.5983,0,0
5963,4.3054,0,0
5964,5.2526,0,1
5965,5.4633,0,1
5966,3.8700,0,0
5967,2.5108,0,0
5968,2.5231,0,0
5969,2.2294,0,0
5970,1.8895,0,0
5971,3.8458,0,0
5972,4.0623,0,0
5973,3.9098,0,1
5974,4.0725,0,1
5975,3.8800,0,0
5976,3.5477,0,0
5977,4.0632,0,0
5978,3.3728,0,0
5979,4.0195,0,0
5980,2.6540,0,0
5981,1.4379,0,0
5982,3.0514,0,0
5983,2.0474,0,0
5984,2.5865,0,0
5985,4.1510,0,0
5986,5.2926,0,0
5987,5.5833,0,1
5988,3.9144,0,0
5989,2.4912,0,0
5990,2.6464,0,0
5991,2.1443,0,0
5992,2.5995,0,0
5993,4.1817,0,1
5994,4.2420,0,0
5995,4.5581,0,1
5996,3.9086,0,0
5997,3.8032,0,0
5998,3.0812,0,0
5999,3.9423,0,0
6000,3.7695,0,0
6001,4.1477,0,0
6002,2.4082,0,1
6003,1.6113,0,0
6004,3.0526,0,0
6005,1.7893,0,0
6006,2.8456,0,0
6007,4.2961,0,0
6008,4.9816,0,1
6009,5.1815,0,1
6010,3.6804,0,0
6011,2.8130,0,0
6012,2.7135,0,0
6013,2.5702,0,0
6014,2.2698,0,0
6015,4.3872,0,0
6016,4.4429,0,1
6017,3.9162,0,0
6018,4.1102,0,1
6019,4.2399,0,0
6020,3.4860,0,1
6021,3.9008,0,0
6022,3.4199,0,0
6023,4.0126,0,0
6024,2.9585,0,0
6025,2.0655,0,0
6026,3.1541,0,0
6027,2.5452,0,0
6028,2.5504,0,0
6029,4.4088,0,0
6030,4.8131,0,0
6031,5.3510,0,1
6032,3.2624,0,0
6033,2.7820,0,1
6034,3.0965,0,0
6035,2.5971,0,0
6036,2.5879,0,0
6037,4.4168,0,0
6038,4.5841,0,0
6039,3.8355,0,1
6040,4.1252,0,1
6041,4.0349,0,0
6042,3.5304,0,0
6043,4.0762,0,0
6044,3.9352,0,0
6045,3.9697,0,0
6046,3.8505,0,0
6047,2.1671,0,0
6048,3.1682,0,0
6049,2.3116,0,0
6050,2.5648,0,0
6051,4.4886,0,0
6052,5.0120,0,1
6053,5.5761,0,1
6054,3.1868,0,0
6055,3.1111,0,0
6056,2.8694,0,0
6057,1.6261,0,0
6058,2.2267,0,0
6059,3.9143,0,1
6060,4.4232,0,0
6061,3.9152,0,1
6062,4.0208,0,0
6063,3.7908,0,0
6064,3.0279,0,0
6065,4.1530,0,0
6066,3.3928,0,1
6067,3.8620,0,0
6068,2.6935,0,0
6069,1.9862,0,0
6070,3.7792,0,0
6071,2.6989,0,0
6072,3.3075,0,0
6073,4.7353,0,1
6074,5.0679,0,0
6075,5.3607,0,1
6076,4.1230,0,1
6077,2.7782,0,0
6078,2.5415,0,0
6079,2.1840,0,0
6080,2.5590,0,0
6081,4.2136,0,0
6082,4.2889,0,1
6083,4.0670,0,1
6084,4.4399,0,1
6085,3.8689,0,0
6086,3.4194,0,0
6087,4.0535,0,0
6088,3.2765,0,0
6089,3.6998,0,0
6090,2.8817,0,0
6091,1.9285,0,0
6092,3.7060,0,0
6093,2.3641,0,0
6094,3.3194,0,0
6095,4.6096,0,0
6096,5.2495,0,0
6097,5.5539,0,1
6098,4.1772,0,0
6099,2.6344,0,0
6100,3.0099,0,0
6101,2.2492,0,0
6102,2.3336,0,0
6103,4.2839,0,1
6104,4.4295,0,0
6105,4.5380,0,1
6106,4.3652,0,1
6107,3.9716,0,1
6108,3.1108,0,0
6109,3.9953,0,0
6110,4.2068,0,0
6111,3.6004,0,0
6112,3.1492,0,0
6113,2.2608,0,0
6114,3.7992,0,0
6115,2.9581,0,0
6116,2.8423,0,0
6117,4.4830,0,0
6118,5.2463,0,0
6119,5.6477,0,1
6120,3.6707,0,0
6121,2.4889,0,0
6122,2.1618,0,0
6123,1.6787,0,0
6124,2.2172,0,0
6125,3.8578,0,0
6126,3.4909,0,1
6127,4.1783,0,0
6128,4.3729,0,1
6129,4.8097,0,0
6130,3.4765,0,0
6131,4.1427,0,0
6132,4.3090,0,1
6133,4.0830,0,0
6134,1.8386,0,0
6135,1.9777,0,0
6136,4.3144,0,0
6137,3.0714,0,0
6138,3.5300,0,0
6139,4.6223,0,0
6140,5.0364,0,0
6141,5.5332,0,1
6142,4.1907,0,1
6143,3.2223,0,0
6144,2.6381,0,0
6145,3.4327,0,0
6146,2.7071,0,0
6147,5.3152,0,1
6148,5.1772,0,0
6149,4.0845,0,1
6150,3.9602,0,0
6151,1.8095,0,0
6152,1.9986,0,0
6153,3.6529,0,0
6154,0.0000,1,0
6155,0.0000,1,0
6156,1.9430,0,0
6157,3.4707,0,0
6158,2.4798,0,0
6159,2.9764,0,0
6160,4.8075,0,1
6161,4.8648,0,0
6162,5.6666,0,1
6163,3.4798,0,0
6164,2.5864,0,0
6165,2.3608,0,0
6166,2.2381,0,0
6167,1.8408,0,0
6168,4.0253,0,1
6169,3.6420,0,0
6170,4.1062,0,1
6171,4.4425,0,1
6172,3.9969,0,0
6173,3.3539,0,0
6174,3.9572,0,0
6175,2.6753,0,0
6176,3.8188,0,0
6177,3.1370,0,0
6178,1.8645,0,0
6179,3.6561,0,0
6180,2.2348,0,0
6181,3.3538,0,0
6182,4.6956,0,0
6183,4.8098,0,1
6184,5.4677,0,1
6185,3.8226,0,0
6186,2.1946,0,0
6187,2.2560,0,0
6188,1.9986,0,0
6189,1.9733,0,0
6190,3.6925,0,0
6191,3.4503,0,0
6192,3.9023,0,0
6193,4.5104,0,0
6194,3.9690,0,0
6195,3.1907,0,0
6196,3.7940,0,0
6197,3.2774,0,1
6198,3.8653,0,0
6199,1.8124,0,0
6200,2.0281,0,0
6201,3.5707,0,0
6202,2.5403,0,0
6203,3.2175,0,0
6204,4.8318,0,0
6205,4.7500,0,0
6206,5.2297,0,1
6207,4.2102,0,1
6208,2.5100,0,0
6209,2.8728,0,0
6210,2.1887,0,0
6211,2.5739,0,0
6212,4.4775,0,0
6213,3.9884,0,0
6214,4.3163,0,1
6215,4.6637,0,1
6216,4.2319,0,0
6217,3.4918,0,0
6218,3.8009,0,0
6219,3.5636,0,1
6220,4.0767,0,0
6221,3.4434,0,0
6222,1.2711,0,0
6223,2.9047,0,0
6224,2.1550,0,0
6225,2.0857,0,0
6226,4.5193,0,1
6227,4.7877,0,0
6228,5.4415,0,1
6229,3.6962,0,0
6230,2.6405,0,0
6231,3.1201,0,0
6232,2.8379,0,0
6233,2.4814,0,0
6234,4.6914,0,1
6235,4.4351,0,0
6236,4.3924,0,1
6237,4.3466,0,0
6238,3.9450,0,0
6239,3.6507,0,0
6240,3.5781,0,0
6241,4.3133,0,0
6242,4.1034,0,0
6243,3.3597,0,1
6244,1.6939,0,0
6245,3.4356,0,0
6246,2.5964,0,0
6247,2.7636,0,0
6248,4.1336,0,0
6249,5.0407,0,0
6250,5.2827,0,1
6251,3.4644,0,0
6252,2.5847,0,0
6253,2.9367,0,0
6254,2.4472,0,0
6255,2.6289,0,0
6256,4.6130,0,1
6257,4.2972,0,1
6258,4.3543,0,0
6259,4.5718,0,0
6260,3.9351,0,1
6261,3.5531,0,0
6262,3.8401,0,0
6263,4.1681,0,0
6264,3.7569,0,1
6265,3.1293,0,0
6266,1.0417,0,0
6267,2.4501,0,0
6268,1.2926,0,0
6269,2.2614,0,0
6270,4.0806,0,1
6271,4.6404,0,1
6272,4.8859,0,1
6273,3.7944,0,1
6274,2.2451,0,0
6275,2.1451,0,0
6276,2.3417,0,0
6277,2.2012,0,0
6278,4.1009,0,0
6279,3.9013,0,0
6280,4.1126,0,0
6281,4.6083,0,1
6282,4.4704,0,0
6283,3.3952,0,1
6284,3.9035,0,0
6285,3.8166,0,0
6286,3.7632,0,0
6287,3.3181,0,0
6288,1.5069,0,0
6289,2.7908,0,0
6290,1.6589,0,0
6291,2.4199,0,0
6292,4.2538,0,0
6293,4.3173,0,1
6294,4.8453,0,1
6295,3.5765,0,0
6296,2.6210,0,0
6297,2.5432,0,0
6298,2.0663,0,0
6299,2.1028,0,0
6300,4.1633,0,1
6301,3.8627,0,0
6302,4.1373,0,1
6303,4.6854,0,0
6304,4.3008,0,0
6305,3.2397,0,0
6306,3.9598,0,0
6307,3.7653,0,0
6308,4.3855,0,0
6309,4.1967,0,0
6310,1.3814,0,0
6311,2.2683,0,0
6312,0.9741,0,0
6313,2.3913,0,0
6314,3.9254,0,0
6315,4.1315,0,0
6316,4.8362,0,1
6317,3.1812,0,0
6318,2.0652,0,0
6319,2.2901,0,0
6320,1.7199,0,0
6321,1.6706,0,0
6322,3.5401,0,0
6323,3.2831,0,0
6324,4.1609,0,1
6325,4.3750,0,0
6326,4.1220,0,0
6327,3.2518,0,0
6328,3.8826,0,0
6329,3.9237,0,0
6330,4.4408,0,0
6331,4.0497,0,1
6332,1.6355,0,0
6333,2.8952,0,0
6334,1.9461,0,0
6335,2.3138,0,0
6336,4.0114,0,1
6337,4.1336,0,1
6338,4.7040,0,1
6339,3.4564,0,1
6340,1.9660,0,0
6341,2.2795,0,0
6342,1.5458,0,0
6343,1.7779,0,0
6344,3.3001,0,0
6345,3.1918,0,0
6346,3.9323,0,0
6347,4.1277,0,0
6348,3.8195,0,0
6349,2.7241,0,0
6350,4.0821,0,0
6351,2.6059,0,0
6352,3.8602,0,0
6353,3.6396,0,0
6354,1.6259,0,0
6355,2.6668,0,0
6356,1.2889,0,0
6357,2.6763,0,0
6358,4.4073,0,1
6359,4.2932,0,0
6360,4.9120,0,1
6361,3.6124,0,0
6362,2.2714,0,0
6363,1.9959,0,0
6364,1.4751,0,0
6365,2.0262,0,0
6366,3.6861,0,0
6367,3.2902,0,0
6368,4.0331,0,0
6369,4.1975,0,0
6370,3.4789,0,0
6371,2.7884,0,0
6372,3.9549,0,0
6373,2.9730,0,1
6374,3.9823,0,0
6375,3.1362,0,0
6376,1.4091,0,0
6377,3.0084,0,0
6378,1.4922,0,0
6379,2.7512,0,0
6380,4.3414,0,0
6381,4.3580,0,1
6382,4.9665,0,1
6383,3.1978,0,0
6384,2.4630,0,0
6385,2.4980,0,0
6386,2.1265,0,0
6387,2.2813,0,0
6388,3.8416,0,1
6389,4.1003,0,1
6390,3.6190,0,0
6391,4.1160,0,1
6392,3.5690,0,0
6393,2.5130,0,0
6394,3.8655,0,0
6395,3.9064,0,0
6396,3.7367,0,0
6397,3.6182,0,0
6398,1.7888,0,0
6399,3.0337,0,0
6400,2.2141,0,0
6401,2.4781,0,0
6402,4.0385,0,0
6403,4.1419,0,0
6404,5.0287,0,0
6405,3.0025,0,1
6406,2.2496,0,0
6407,2.5007,0,0
6408,1.9297,0,0
6409,1.8889,0,0
6410,3.6470,0,1
6411,3.6633,0,0
6412,3.7974,0,0
6413,4.1786,0,0
6414,3.6106,0,0
6415,2.3709,0,0
6416,4.0453,0,0
6417,2.8050,0,0
6418,4.3818,0,0
6419,3.3790,0,0
6420,1.2747,0,0
6421,2.0174,0,0
6422,1.1644,0,0
6423,1.6367,0,0
6424,3.2159,0,0
6425,4.1268,0,1
6426,4.5674,0,1
6427,2.1992,0,0
6428,2.1178,0,0
6429,1.7846,0,0
6430,1.3976,0,0
6431,1.3303,0,0
6432,3.0422,0,0
6433,2.9155,0,0
6434,3.5570,0,1
6435,3.7553,0,0
6436,3.7647,0,0
6437,2.5790,0,0
6438,4.0557,0,0
6439,2.4253,0,0
6440,4.0864,0,0
6441,2.1561,0,1
6442,0.9946,0,0
6443,1.9771,0,0
6444,1.2822,0,0
6445,1.6930,0,0
6446,3.0743,0,0
6447,4.2214,0,1
6448,4.3565,0,1
6449,3.0215,0,0
6450,1.9593,0,0
6451,2.7208,0,0
6452,2.1283,0,0
6453,1.8599,0,0
6454,3.8734,0,1
6455,3.6330,0,0
6456,3.7918,0,0
6457,4.0743,0,1
6458,3.9204,0,0
6459,2.8365,0,0
6460,3.8888,0,0
6461,3.2236,0,1
6462,4.5640,0,0
6463,3.3023,0,0
6464,0.7626,0,0
6465,2.2103,0,0
6466,1.3369,0,0
6467,1.6760,0,0
6468,3.1930,0,0
6469,4.1161,0,0
6470,4.2202,0,1
6471,3.0878,0,1
6472,1.7903,0,0
6473,2.6739,0,1
6474,1.2521,0,0
6475,1.4825,0,0
6476,3.2568,0,1
6477,3.1841,0,0
6478,3.4781,0,0
6479,3.6434,0,0
6480,3.5404,0,0
6481,2.5876,0,0
6482,3.8181,0,0
6483,3.1011,0,0
6484,4.0695,0,0
6485,2.7176,0,0
6486,0.9664,0,0
6487,1.7734,0,0
6488,1.2688,0,0
6489,1.5249,0,0
6490,3.5587,0,0
6491,4.0474,0,0
6492,4.5875,0,1
6493,2.7662,0,0
6494,2.1066,0,0
6495,2.3689,0,0
6496,2.2394,0,0
6497,2.2845,0,0
6498,3.9428,0,0
6499,3.6354,0,1
6500,3.4804,0,0
6501,3.7418,0,1
6502,3.7611,0,0
6503,2.2161,0,0
6504,4.0665,0,0
6505,3.0984,0,1
6506,3.9382,0,0
6507,3.3200,0,0
6508,0.9513,0,0
6509,1.9854,0,0
6510,1.0032,0,0
6511,1.9881,0,0
6512,2.5386,0,0
6513,3.2459,0,0
6514,3.4700,0,0
6515,2.4558,0,0
6516,0.6797,0,0
6517,0.4671,0,0
6518,0.5903,0,0
6519,0.4395,0,0
6520,1.2533,0,0
6521,1.0308,0,0
6522,1.6563,0,0
6523,1.1650,0,0
6524,0.0000,1,0
6525,0.0000,1,0
6526,1.5368,0,0
6527,1.3294,0,0
6528,1.8419,0,0
6529,2.8222,0,0
6530,0.8935,0,0
6531,1.5242,0,0
6532,3.2773,0,0
6533,2.2851,0,0
6534,2.6907,0,0
6535,0.0000,1,0
6536,0.0000,1,0
6537,0.0000,1,0
6538,1.1497,0,0
6539,2.3189,0,0
6540,1.6871,0,0
6541,1.5935,0,0
6542,3.0040,0,0
6543,4.1716,0,1
6544,4.1869,0,1
6545,2.9324,0,0
6546,2.3732,0,0
6547,2.0180,0,0
6548,1.6319,0,0
6549,1.8913,0,0
6550,3.7309,0,1
6551,3.3069,0,0
6552,3.3505,0,0
6553,3.4119,0,0
6554,4.1327,0,0
6555,2.9985,0,0
6556,4.2596,0,0
6557,3.0132,0,0
6558,4.0243,0,0
6559,1.9043,0,0
6560,0.8704,0,0
6561,1.5040,0,0
6562,0.9623,0,0
6563,1.3720,0,0
6564,3.1431,0,0
6565,3.8171,0,0
6566,3.9169,0,1
6567,3.3021,0,0
6568,2.3780,0,0
6569,2.1850,0,0
6570,2.1827,0,0
6571,1.7999,0,0
6572,3.4716,0,1
6573,3.8278,0,0
6574,3.5480,0,0
6575,3.8483,0,0
6576,3.6576,0,0
6577,2.8288,0,0
6578,4.1118,0,0
6579,3.1740,0,0
6580,3.5528,0,0
6581,3.0179,0,0
6582,0.8905,0,0
6583,1.9046,0,0
6584,0.8851,0,0
6585,1.7008,0,0
6586,3.2969,0,0
6587,4.4796,0,0
6588,4.0991,0,0
6589,3.7816,0,0
6590,2.7189,0,0
6591,2.1660,0,0
6592,2.6492,0,0
6593,2.5925,0,0
6594,4.4304,0,1
6595,4.3806,0,1
6596,3.2973,0,0
6597,3.4911,0,0
6598,4.1887,0,0
6599,4.2521,0,1
6600,3.8961,0,0
6601,3.7855,0,0
6602,3.9397,0,0
6603,3.8967,0,0
6604,0.8159,0,0
6605,1.6515,0,0
6606,0.5744,0,0
6607,1.8221,0,0
6608,3.1461,0,0
6609,3.9749,0,1
6610,3.9972,0,1
6611,3.1091,0,1
6612,2.1904,0,0
6613,2.7487,0,0
6614,2.0193,0,0
6615,2.2214,0,0
6616,3.9898,0,1
6617,4.2073,0,0
6618,2.8075,0,0
6619,3.6601,0,0
6620,4.1745,0,1
6621,3.5399,0,0
6622,4.1858,0,0
6623,3.6206,0,1
6624,4.1230,0,0
6625,3.9026,0,1
6626,0.8937,0,0
6627,1.2849,0,0
6628,0.4153,0,0
6629,1.4463,0,0
6630,2.2925,0,0
6631,3.6222,0,1
6632,3.3966,0,0
6633,2.4832,0,0
6634,2.2400,0,0
6635,2.5463,0,0
6636,2.2278,0,0
6637,1.8104,0,0
6638,3.7543,0,0
6639,3.9343,0,0
6640,3.1175,0,0
6641,3.6252,0,0
6642,4.1631,0,1
6643,3.3808,0,0
6644,3.8042,0,0
6645,4.4203,0,0
6646,4.3581,0,0
6647,4.1493,0,1
6648,0.4872,0,0
6649,1.4621,0,0
6650,0.4729,0,0
6651,1.5324,0,0
6652,2.1529,0,0
6653,2.7302,0,0
6654,2.6325,0,0
6655,2.3379,0,0
6656,2.0227,0,0
6657,1.7495,0,0
6658,1.9064,0,0
6659,1.7058,0,0
6660,3.1262,0,0
6661,3.3985,0,0
6662,2.6366,0,0
6663,3.1338,0,0
6664,3.0803,0,0
6665,2.7181,0,0
6666,3.5791,0,0
6667,2.8910,0,1
6668,3.7932,0,0
6669,2.6697,0,0
6670,1.0648,0,0
6671,1.5187,0,0
6672,0.9103,0,0
6673,1.7923,0,0
6674,1.7811,0,0
6675,1.1822,0,0
6676,1.7613,0,0
6677,1.2110,0,0
6678,0.7209,0,0
6679,0.7295,0,0
6680,1.9834,0,0
6681,0.4563,0,0
6682,3.1043,0,1
6683,3.0156,0,0
6684,2.2642,0,0
6685,2.5167,0,0
6686,0.7800,0,0
6687,1.1509,0,0
6688,1.3315,0,0
6689,4.3877,0,0
6690,0.0000,1,0
6691,0.0000,1,0
6692,0.5862,0,0
6693,0.7891,0,0
6694,0.8783,0,0
6695,0.4395,0,0
6696,2.1451,0,0
6697,2.8269,0,0
6698,3.6462,0,1
6699,1.4622,0,0
6700,0.0000,1,0
6701,0.0000,1,0
6702,0.0000,1,0
6703,0.0000,1,0
6704,0.0000,1,0
6705,0.0000,1,0
6706,0.0000,1,0
6707,0.0000,1,0
6708,0.0000,1,0
6709,0.0000,1,0
6710,0.1607,0,0
6711,0.2020,0,0
6712,1.3818,0,0
6713,1.7110,0,0
6714,1.3204,0,0
6715,1.4457,0,0
6716,3.6167,0,0
6717,4.2966,0,0
6718,5.0382,0,1
6719,3.0109,0,0
6720,3.3629,0,0
6721,3.4398,0,0
6722,2.7327,0,0
6723,3.2679,0,0
6724,5.2270,0,1
6725,5.1371,0,1
6726,3.4808,0,0
6727,3.3901,0,0
6728,3.3501,0,0
6729,2.7352,0,0
6730,3.2108,0,0
6731,4.0394,0,0
6732,3.6143,0,0
6733,2.8553,0,0
6734,1.6361,0,0
6735,2.8959,0,0
6736,2.3136,0,0
6737,2.1987,0,0
6738,4.6323,0,0
6739,5.2024,0,0
6740,5.7670,0,1
6741,3.7606,0,0
6742,3.6996,0,0
6743,3.7078,0,0
6744,2.9229,0,0
6745,3.3746,0,0
6746,5.3089,0,1
6747,5.2521,0,1
6748,3.8277,0,0
6749,4.6412,0,0
6750,4.2431,0,0
6751,3.4035,0,0
6752,4.0049,0,0
6753,4.3277,0,0
6754,3.8113,0,0
6755,3.7786,0,0
6756,1.9066,0,0
6757,2.9392,0,0
6758,2.0558,0,1
6759,2.3731,0,0
6760,4.8053,0,1
6761,5.2904,0,0
6762,5.5423,0,1
6763,3.9049,0,0
6764,3.5570,0,0
6765,2.9991,0,1
6766,3.0167,0,0
6767,2.9875,0,0
6768,4.9954,0,1
6769,5.1766,0,0
6770,3.8436,0,0
6771,4.1200,0,0
6772,3.8720,0,0
6773,3.5176,0,0
6774,4.0241,0,0
6775,4.6437,0,1
6776,4.1940,0,0
6777,3.3346,0,0
6778,2.3043,0,0
6779,3.2407,0,0
6780,2.3742,0,0
6781,2.8716,0,0
6782,4.7925,0,0
6783,5.4129,0,1
6784,5.4952,0,1
6785,4.4749,0,0
6786,3.3247,0,0
6787,3.5042,0,0
6788,3.6820,0,0
6789,2.8872,0,0
6790,5.3609,0,1
6791,5.1146,0,1
6792,4.0200,0,0
6793,4.1117,0,1
6794,4.3668,0,0
6795,4.1943,0,0
6796,4.1169,0,0
6797,4.5068,0,1
6798,4.0503,0,0
6799,3.9949,0,0
6800,1.8331,0,0
6801,3.0761,0,0
6802,1.7421,0,0
6803,3.0545,0,0
6804,4.7446,0,0
6805,5.5468,0,1
6806,5.8143,0,1
6807,4.1683,0,1
6808,3.8427,0,0
6809,3.4976,0,0
6810,2.7095,0,0
6811,2.8056,0,0
6812,5.2438,0,1
6813,5.0708,0,1
6814,3.6577,0,0
6815,3.9306,0,0
6816,4.0808,0,0
6817,3.8132,0,0
6818,4.1139,0,0
6819,4.2767,0,0
6820,3.9890,0,0
6821,3.3273,0,0
6822,1.8893,0,0
6823,3.3687,0,1
6824,2.0769,0,0
6825,2.9832,0,0
6826,5.0800,0,1
6827,5.4370,0,1
6828,5.8535,0,1
6829,3.8557,0,1
6830,3.9625,0,0
6831,3.5668,0,0
6832,2.9861,0,0
6833,3.3927,0,0
6834,5.3794,0,1
6835,5.3183,0,1
6836,3.7988,0,1
6837,4.5171,0,0
6838,4.2802,0,0
6839,3.4932,0,0
6840,4.2176,0,0
6841,4.6102,0,1
6842,3.9834,0,0
6843,3.3337,0,0
6844,1.4741,0,0
6845,3.1528,0,0
6846,2.2201,0,0
6847,2.4070,0,0
6848,4.2317,0,1
6849,5.0216,0,1
6850,5.3951,0,1
6851,3.7888,0,1
6852,0.3331,0,0
6853,0.4273,0,0
6854,0.5668,0,0
6855,0.3088,0,0
6856,0.9025,0,0
6857,1.0328,0,0
6858,1.1188,0,0
6859,0.7525,0,0
6860,0.3863,0,0
6861,0.4198,0,0
6862,1.3838,0,0
6863,0.9948,0,0
6864,1.4843,0,0
6865,2.4326,0,0
6866,0.8661,0,0
6867,1.5142,0,0
6868,2.9016,0,0
6869,1.7736,0,0
6870,2.2096,0,0
6871,0.0000,1,0
6872,0.0000,1,0
6873,0.0000,1,0
6874,2.5602,0,0
6875,2.9462,0,0
6876,2.1244,0,0
6877,2.6087,0,0
6878,4.5701,0,0
6879,5.6265,0,1
6880,5.7104,0,1
6881,4.1353,0,0
6882,3.8557,0,0
6883,3.5667,0,1
6884,2.8001,0,0
6885,3.4144,0,0
6886,5.4230,0,1
6887,5.1976,0,1
6888,4.1090,0,1
6889,4.2547,0,1
6890,4.2666,0,0
6891,3.8745,0,1
6892,4.0485,0,0
6893,4.4349,0,0
6894,3.6327,0,0
6895,4.0987,0,0
6896,2.1101,0,0
6897,3.8963,0,0
6898,2.5044,0,0
6899,3.2799,0,1
6900,5.0171,0,0
6901,5.3487,0,1
6902,5.8112,0,1
6903,4.1993,0,1
6904,3.4891,0,0
6905,3.7742,0,0
6906,3.1002,0,0
6907,3.3058,0,1
6908,5.3550,0,1
6909,5.4979,0,1
6910,4.0488,0,0
6911,4.4725,0,1
6912,4.2061,0,0
6913,3.4390,0,0
6914,4.1765,0,0
6915,4.9391,0,0
6916,4.0469,0,0
6917,3.0046,0,0
6918,2.3289,0,0
6919,3.7283,0,0
6920,2.3140,0,0
6921,3.2870,0,1
6922,4.9965,0,1
6923,5.4566,0,1
6924,5.7686,0,0
6925,4.3677,0,0
6926,3.3203,0,0
6927,3.4884,0,0
6928,3.0594,0,1
6929,2.7007,0,0
6930,4.9844,0,1
6931,5.1063,0,1
6932,4.1155,0,1
6933,4.3576,0,1
6934,4.3547,0,0
6935,3.8183,0,0
6936,4.3293,0,0
6937,4.3874,0,0
6938,3.8781,0,0
6939,3.1566,0,0
6940,2.5974,0,0
6941,3.0162,0,1
6942,2.0962,0,0
6943,2.9471,0,0
6944,4.8004,0,1
6945,5.3359,0,1
6946,5.8040,0,0
6947,3.7474,0,0
6948,3.1947,0,0
6949,3.5488,0,1
6950,2.3591,0,0
6951,2.9145,0,0
6952,4.9045,0,1
6953,4.9878,0,1
6954,4.0054,0,0
6955,4.2046,0,1
6956,3.9713,0,0
6957,4.0614,0,0
6958,4.2224,0,0
6959,4.5976,0,0
6960,4.1976,0,0
6961,3.5951,0,1
6962,1.8962,0,0
6963,3.2865,0,0
6964,2.2994,0,1
6965,2.6784,0,0
6966,4.3954,0,0
6967,5.5215,0,1
6968,5.5410,0,1
6969,3.9959,0,0
6970,3.2766,0,0
6971,3.2360,0,1
6972,3.1128,0,1
6973,2.5873,0,0
6974,4.9654,0,1
6975,4.8045,0,0
6976,4.1279,0,0
6977,4.3011,0,0
6978,4.8242,0,1
6979,3.5999,0,0
6980,4.0926,0,0
6981,4.4425,0,0
6982,3.8428,0,0
6983,4.0235,0,0
6984,1.2193,0,0
6985,3.4034,0,0
6986,2.0227,0,0
6987,2.8043,0,1
6988,4.5480,0,0
6989,5.3636,0,1
6990,5.5972,0,1
6991,4.0471,0,0
6992,2.9428,0,0
6993,3.1013,0,0
6994,3.0868,0,0
6995,2.7576,0,0
6996,4.6244,0,1
6997,5.1472,0,1
6998,4.1748,0,1
6999,4.3697,0,1
7000,4.7274,0,0
7001,3.9551,0,1
7002,4.1247,0,0
7003,4.7638,0,0
7004,4.4450,0,0
7005,3.9612,0,0
7006,1.7061,0,0
7007,3.6290,0,0
7008,2.3996,0,0
7009,3.2517,0,1
7010,4.7251,0,0
7011,5.4359,0,1
7012,5.5745,0,1
7013,4.2364,0,0
7014,3.6107,0,1
7015,3.7991,0,0
7016,2.8795,0,0
7017,3.2227,0,0
7018,5.4497,0,1
7019,5.4554,0,1
7020,4.4972,0,1
7021,4.4393,0,0
7022,4.3288,0,0
7023,3.9434,0,1
7024,4.1420,0,0
7025,5.0480,0,0
7026,4.3918,0,0
7027,4.6881,0,0
7028,1.5377,0,0
7029,2.8674,0,0
7030,2.1591,0,0
7031,2.5192,0,0
7032,4.9527,0,1
7033,4.9884,0,1
7034,5.5789,0,1
7035,3.7217,0,1
7036,3.9036,0,0
7037,3.3309,0,1
7038,2.9501,0,0
7039,2.9734,0,0
7040,5.1026,0,1
7041,5.3077,0,1
7042,3.7782,0,1
7043,4.1643,0,1
7044,3.8068,0,0
7045,3.5408,0,1
7046,4.1043,0,0
7047,4.5872,0,0
7048,4.1616,0,0
7049,3.2978,0,0
7050,1.1029,0,0
7051,2.5072,0,0
7052,1.5498,0,0
7053,2.0255,0,0
7054,4.2938,0,1
7055,5.0456,0,1
7056,5.4289,0,0
7057,3.2359,0,0
7058,3.4146,0,0
7059,3.4976,0,1
7060,2.8245,0,0
7061,2.7442,0,0
7062,5.1764,0,1
7063,4.9069,0,1
7064,3.5216,0,0
7065,3.7692,0,0
7066,3.5803,0,0
7067,3.4037,0,0
7068,4.0759,0,0
7069,4.6123,0,0
7070,4.2813,0,0
7071,3.3779,0,0
7072,1.5458,0,0
7073,2.8541,0,0
7074,1.7526,0,0
7075,2.6835,0,0
7076,4.1407,0,1
7077,5.0554,0,0
7078,5.3376,0,1
7079,3.8000,0,1
7080,2.8393,0,0
7081,3.6868,0,0
7082,2.8909,0,0
7083,3.2545,0,0
7084,4.9738,0,1
7085,5.0630,0,1
7086,4.2639,0,1
7087,4.3549,0,1
7088,3.8049,0,1
7089,3.7327,0,0
7090,4.2920,0,0
7091,4.6750,0,1
7092,4.3167,0,0
7093,3.1687,0,0
7094,1.0371,0,0
7095,2.4519,0,0
7096,1.2148,0,0
7097,2.2662,0,0
7098,4.3643,0,1
7099,4.8162,0,1
7100,5.3663,0,1
7101,3.6071,0,1
7102,2.8235,0,0
7103,2.9695,0,0
7104,2.7590,0,0
7105,2.5656,0,0
7106,4.6946,0,0
7107,4.5208,0,0
7108,3.7559,0,1
7109,3.9655,0,1
7110,4.1912,0,1
7111,3.5564,0,0
7112,3.9685,0,0
7113,3.6783,0,1
7114,4.0899,0,0
7115,3.6476,0,0
7116,1.4460,0,0
7117,2.7356,0,0
7118,1.7626,0,0
7119,2.4279,0,0
7120,4.2472,0,1
7121,4.9686,0,0
7122,5.1558,0,1
7123,4.1334,0,0
7124,2.9546,0,0
7125,3.2802,0,0
7126,2.4343,0,0
7127,2.4825,0,0
7128,4.5914,0,0
7129,4.5904,0,1
7130,3.6396,0,0
7131,4.0052,0,1
7132,3.9105,0,0
7133,2.9882,0,0
7134,3.9378,0,0
7135,4.1613,0,0
7136,4.0269,0,0
7137,2.3792,0,0
7138,1.2377,0,0
7139,2.8117,0,0
7140,1.9126,0,0
7141,2.4050,0,0
7142,4.3320,0,0
7143,5.1458,0,1
7144,5.5071,0,1
7145,3.5746,0,0
7146,2.8929,0,0
7147,2.9278,0,0
7148,2.5754,0,0
7149,2.7819,0,0
7150,4.7200,0,0
7151,4.5387,0,1
7152,3.8186,0,1
7153,4.0231,0,1
7154,3.9022,0,0
7155,2.8055,0,0
7156,4.1345,0,0
7157,3.9550,0,0
7158,4.1006,0,0
7159,3.0974,0,0
7160,1.2727,0,0
7161,2.8915,0,0
7162,1.4869,0,0
7163,2.7569,0,0
7164,4.4989,0,0
7165,4.9681,0,0
7166,5.4075,0,1
7167,4.0691,0,0
7168,3.0701,0,0
7169,2.9510,0,0
7170,2.5148,0,0
7171,2.7134,0,1
7172,4.8545,0,1
7173,4.2776,0,1
7174,3.8767,0,1
7175,3.7816,0,1
7176,3.9342,0,1
7177,2.7838,0,0
7178,4.0069,0,0
7179,4.0649,0,0
7180,3.8717,0,0
7181,3.5299,0,0
7182,1.4062,0,0
7183,3.4538,0,0
7184,2.4615,0,0
7185,2.9829,0,1
7186,4.8135,0,0
7187,4.9465,0,1
7188,5.5439,0,1
7189,3.7973,0,0
7190,3.1485,0,0
7191,3.4898,0,0
7192,2.5828,0,0
7193,2.7149,0,0
7194,4.7782,0,1
7195,5.0987,0,1
7196,3.6120,0,1
7197,3.7698,0,1
7198,3.8699,0,0
7199,2.9524,0,0
7200,3.7583,0,0
7201,4.5555,0,0
7202,4.0004,0,0
7203,4.1726,0,1
7204,1.7118,0,0
7205,2.9596,0,0
7206,2.1125,0,0
7207,2.5996,0,0
7208,4.3169,0,0
7209,4.9154,0,0
7210,5.3617,0,1
7211,3.3793,0,1
7212,3.7704,0,0
7213,3.5794,0,1
7214,2.4293,0,0
7215,2.6000,0,0
7216,4.8278,0,1
7217,5.1733,0,0
7218,3.7951,0,0
7219,3.4630,0,0
7220,3.6069,0,0
7221,2.8269,0,0
7222,3.9311,0,0
7223,4.9394,0,1
7224,3.9592,0,0
7225,3.7911,0,0
7226,1.3460,0,0
7227,3.0168,0,0
7228,2.1988,0,0
7229,2.5751,0,0
7230,4.0956,0,1
7231,4.4414,0,1
7232,4.8993,0,1
7233,3.3324,0,0
7234,1.2321,0,0
7235,1.0184,0,0
7236,1.1572,0,0
7237,0.7575,0,0
7238,2.4242,0,0
7239,1.9725,0,0
7240,2.2642,0,0
7241,2.0817,0,0
7242,1.8703,0,0
7243,1.8025,0,0
7244,2.1596,0,0
7245,0.0000,1,0
7246,0.0000,1,0
7247,1.1999,0,0
7248,2.7921,0,0
7249,1.6548,0,0
7250,2.5522,0,0
7251,4.0396,0,0
7252,5.4080,0,0
7253,5.3315,0,1
7254,4.1149,0,1
7255,2.9331,0,0
7256,3.2164,0,1
7257,2.5669,0,0
7258,2.4051,0,0
7259,4.4502,0,0
7260,4.7106,0,1
7261,3.8845,0,0
7262,3.8551,0,1
7263,3.9465,0,0
7264,2.8754,0,0
7265,3.9882,0,0
7266,4.2356,0,0
7267,3.8804,0,0
7268,3.5358,0,0
7269,1.7425,0,0
7270,3.1740,0,0
7271,2.1370,0,0
7272,2.8969,0,0
7273,4.2267,0,0
7274,4.8915,0,0
7275,5.3452,0,1
7276,3.7542,0,0
7277,2.7450,0,0
7278,2.9471,0,0
7279,1.7190,0,0
7280,2.0711,0,0
7281,4.4207,0,0
7282,4.1331,0,1
7283,3.7292,0,1
7284,3.8226,0,1
7285,4.1125,0,0
7286,3.1916,0,0
7287,3.9210,0,0
7288,4.7464,0,0
7289,4.2726,0,0
7290,2.9331,0,0
7291,1.8121,0,0
7292,3.6463,0,0
7293,2.4058,0,0
7294,3.1719,0,1
7295,4.8821,0,0
7296,5.0870,0,1
7297,5.5702,0,1
7298,4.3393,0,0
7299,3.1539,0,0
7300,3.6635,0,0
7301,2.4622,0,0
7302,2.4844,0,0
7303,4.9239,0,1
7304,4.6923,0,1
7305,3.8934,0,1
7306,3.7045,0,1
7307,3.8235,0,0
7308,3.4173,0,0
7309,3.9337,0,0
7310,4.7077,0,0
7311,3.6695,0,0
7312,4.5952,0,1
7313,1.7095,0,0
7314,3.2368,0,0
7315,2.1768,0,0
7316,2.9376,0,0
7317,4.8143,0,1
7318,5.0228,0,1
7319,5.5877,0,1
7320,3.6094,0,0
7321,3.5499,0,0
7322,3.5811,0,0
7323,2.6155,0,0
7324,2.3623,0,0
7325,4.8304,0,0
7326,4.8693,0,1
7327,3.7473,0,0
7328,3.8708,0,1
7329,4.0838,0,0
7330,3.2973,0,0
7331,3.9980,0,0
7332,4.6954,0,0
7333,3.6941,0,0
7334,4.6607,0,1
7335,1.4918,0,0
7336,3.0144,0,0
7337,1.9417,0,0
7338,2.7238,0,0
7339,4.5736,0,0
7340,5.3722,0,0
7341,5.3600,0,1
7342,4.1015,0,0
7343,3.2314,0,0
7344,3.1729,0,0
7345,2.5161,0,0
7346,3.0400,0,0
7347,4.9260,0,1
7348,4.8490,0,0
7349,4.1359,0,0
7350,4.1656,0,0
7351,3.9305,0,1
7352,3.8052,0,0
7353,3.9557,0,0
7354,4.6926,0,1
7355,3.7765,0,0
7356,4.4640,0,0
7357,2.2064,0,0
7358,2.8112,0,0
7359,1.2202,0,0
7360,3.0922,0,0
7361,4.1489,0,0
7362,5.2676,0,0
7363,5.3732,0,1
7364,3.7811,0,0
7365,3.2765,0,0
7366,3.5143,0,0
7367,2.9285,0,0
7368,2.2762,0,0
7369,4.9337,0,1
7370,4.9434,0,0
7371,4.1225,0,1
7372,3.9430,0,1
7373,4.1261,0,0
7374,3.7157,0,0
7375,4.1135,0,0
7376,4.9235,0,0
7377,3.7205,0,0
7378,4.5830,0,0
7379,1.2364,0,0
7380,2.7763,0,0
7381,1.3071,0,0
7382,2.7665,0,0
7383,4.3556,0,0
7384,5.0792,0,0
7385,5.5362,0,1
7386,3.6406,0,1
7387,3.0002,0,0
7388,2.6318,0,1
7389,1.9991,0,0
7390,2.2975,0,0
7391,4.2104,0,1
7392,4.2308,0,0
7393,4.2488,0,1
7394,4.1005,0,1
7395,3.6779,0,0
7396,2.6044,0,0
7397,3.8842,0,0
7398,3.8861,0,0
7399,3.6481,0,0
7400,3.6471,0,0
7401,1.6081,0,0
7402,2.6903,0,0
7403,1.6313,0,0
7404,2.2928,0,0
7405,4.3552,0,0
7406,4.9824,0,0
7407,5.4197,0,1
7408,3.7926,0,0
7409,3.0398,0,1
7410,2.8879,0,1
7411,2.1682,0,0
7412,2.1756,0,0
7413,4.1000,0,0
7414,4.4579,0,1
7415,3.9132,0,0
7416,3.6419,0,1
7417,3.8263,0,0
7418,3.2057,0,0
7419,4.1141,0,0
7420,4.0237,0,0
7421,3.7226,0,0
7422,3.9138,0,0
7423,1.3003,0,0
7424,2.2259,0,0
7425,1.2196,0,0
7426,2.1557,0,0
7427,4.2521,0,0
7428,4.9026,0,1
7429,5.2822,0,1
7430,3.8921,0,0
7431,2.9042,0,1
7432,2.9491,0,0
7433,2.1071,0,0
7434,1.7799,0,0
7435,4.1050,0,0
7436,4.3709,0,1
7437,3.4508,0,0
7438,3.2904,0,1
7439,3.2734,0,1
7440,3.0628,0,0
7441,3.6792,0,0
7442,4.6585,0,1
7443,4.0219,0,0
7444,4.6930,0,0
7445,1.0905,0,0
7446,2.4897,0,0
7447,1.5494,0,0
7448,2.0599,0,0
7449,3.9351,0,1
7450,5.0854,0,1
7451,5.3404,0,1
7452,3.6063,0,0
7453,2.4731,0,0
7454,2.1675,0,0
7455,2.3023,0,0
7456,1.8431,0,0
7457,3.5788,0,0
7458,3.9900,0,1
7459,3.1742,0,0
7460,3.1834,0,1
7461,3.8897,0,1
7462,3.1005,0,0
7463,3.7482,0,0
7464,4.9529,0,1
7465,4.5852,0,0
7466,4.3703,0,0
7467,1.4697,0,0
7468,2.5965,0,0
7469,1.4352,0,0
7470,2.4332,0,0
7471,3.9083,0,0
7472,5.1096,0,1
7473,5.3854,0,1
7474,3.5373,0,0
7475,2.9172,0,1
7476,2.7874,0,0
7477,2.0360,0,0
7478,2.3432,0,0
7479,4.1872,0,0
7480,4.4102,0,1
7481,3.6635,0,0
7482,4.0020,0,1
7483,4.2335,0,0
7484,3.3196,0,0
7485,3.6964,0,0
7486,4.1104,0,0
7487,3.5084,0,0
7488,4.6495,0,1
7489,1.4202,0,0
7490,2.5794,0,0
7491,1.2754,0,0
7492,2.5140,0,0
7493,3.9936,0,0
7494,4.6653,0,0
7495,4.9882,0,1
7496,3.2071,0,1
7497,2.1026,0,0
7498,2.6713,0,0
7499,1.7726,0,0
7500,2.0840,0,0
7501,3.7906,0,0
7502,3.7339,0,0
7503,3.6986,0,0
7504,3.8443,0,1
7505,4.0769,0,1
7506,3.0715,0,0
7507,3.6681,0,0
7508,3.7825,0,0
7509,3.7102,0,0
7510,3.8676,0,0
7511,0.7961,0,0
7512,2.0114,0,0
7513,1.0573,0,0
7514,1.9255,0,0
7515,2.8250,0,0
7516,3.8985,0,1
7517,4.2672,0,1
7518,2.5965,0,0
7519,0.0000,1,0
7520,0.0000,1,0
7521,0.0000,1,0
7522,0.1072,0,0
7523,0.0000,1,0
7524,0.0000,1,0
7525,0.2142,0,0
7526,0.2142,0,0
7527,0.1607,0,0
7528,0.1607,0,0
7529,0.3788,0,0
7530,3.1319,0,1
7531,1.8419,0,0
7532,0.6685,0,0
7533,0.0000,1,0
7534,0.1072,0,0
7535,0.0000,1,0
7536,0.0000,1,0
7537,0.0000,1,0
7538,0.1072,0,0
7539,0.0000,1,0
7540,0.0000,1,0
7541,0.6929,0,0
7542,0.9203,0,0
7543,0.8798,0,0
7544,1.5828,0,0
7545,2.2521,0,0
7546,1.5192,0,0
7547,1.8136,0,0
7548,3.7177,0,1
7549,5.0300,0,0
7550,5.2061,0,1
7551,3.1639,0,0
7552,3.2924,0,1
7553,2.4602,0,0
7554,1.9463,0,0
7555,2.5319,0,0
7556,4.3900,0,0
7557,4.2709,0,0
7558,3.7945,0,0
7559,3.5610,0,1
7560,4.1120,0,0
7561,3.3393,0,0
7562,3.9368,0,0
7563,4.9622,0,1
7564,4.2141,0,0
7565,4.4308,0,1
7566,1.8710,0,0
7567,2.4594,0,0
7568,1.5930,0,0
7569,2.3135,0,0
7570,3.7193,0,0
7571,4.9281,0,0
7572,5.1428,0,1
7573,3.3967,0,1
7574,2.3977,0,0
7575,2.3487,0,0
7576,1.9658,0,0
7577,2.2294,0,0
7578,3.9625,0,1
7579,3.7902,0,0
7580,3.8825,0,0
7581,3.7249,0,1
7582,4.0834,0,0
7583,3.2257,0,0
7584,3.8839,0,0
7585,4.0311,0,1
7586,3.8780,0,0
7587,4.2410,0,1
7588,1.5137,0,0
7589,2.2968,0,0
7590,1.4211,0,0
7591,1.9397,0,0
7592,3.9944,0,0
7593,4.9358,0,1
7594,5.1414,0,1
7595,3.3833,0,0
7596,2.7308,0,0
7597,2.4947,0,0
7598,2.2495,0,0
7599,1.8494,0,0
7600,4.0907,0,0
7601,4.1061,0,1
7602,3.9468,0,1
7603,4.3281,0,1
7604,4.0736,0,0
7605,3.2330,0,0
7606,3.8689,0,0
7607,4.1292,0,0
7608,3.8934,0,0
7609,3.8337,0,0
7610,1.5376,0,0
7611,2.8228,0,0
7612,1.2933,0,0
7613,2.8124,0,0
7614,4.3219,0,0
7615,5.2091,0,1
7616,5.5177,0,1
7617,3.5536,0,0
7618,2.5119,0,0
7619,2.9244,0,0
7620,2.7166,0,0
7621,2.7445,0,0
7622,4.7029,0,1
7623,4.3924,0,1
7624,4.1462,0,0
7625,4.1882,0,0
7626,4.4141,0,0
7627,4.0567,0,0
7628,3.8071,0,0
7629,4.7723,0,0
7630,4.4468,0,0
7631,5.0784,0,0
7632,1.1708,0,0
7633,2.7519,0,0
7634,1.5579,0,0
7635,2.5523,0,0
7636,4.1499,0,1
7637,4.9930,0,0
7638,5.3744,0,1
7639,3.4747,0,0
7640,2.9718,0,0
7641,3.4175,0,0
7642,1.9079,0,0
7643,2.3614,0,0
7644,4.4660,0,1
7645,4.4412,0,1
7646,3.8237,0,0
7647,3.5881,0,0
7648,3.7815,0,1
7649,3.3722,0,0
7650,4.0329,0,0
7651,5.1338,0,0
7652,4.4905,0,1
7653,4.6396,0,0
7654,1.1867,0,0
7655,2.2720,0,0
7656,1.3968,0,0
7657,2.1133,0,0
7658,3.8870,0,0
7659,4.8818,0,0
7660,5.2114,0,1
7661,3.1545,0,0
7662,2.8152,0,0
7663,3.0139,0,0
7664,2.3263,0,0
7665,2.1382,0,0
7666,4.3542,0,1
7667,4.4934,0,0
7668,4.0990,0,1
7669,3.8860,0,1
7670,3.7823,0,1
7671,3.3650,0,0
7672,3.9669,0,0
7673,4.6284,0,1
7674,4.2141,0,0
7675,4.8490,0,1
7676,0.9415,0,0
7677,2.4130,0,0
7678,1.1276,0,0
7679,2.1123,0,0
7680,3.8016,0,0
7681,4.5868,0,0
7682,4.8787,0,1
7683,3.1958,0,0
7684,2.7735,0,0
7685,2.7277,0,0
7686,1.8911,0,1
7687,2.0376,0,0
7688,3.8028,0,1
7689,4.1407,0,0
7690,3.8224,0,1
7691,3.7615,0,0
7692,3.5055,0,0
7693,2.5117,0,0
7694,4.0051,0,0
7695,4.0863,0,1
7696,3.9378,0,0
7697,2.9767,0,0
7698,0.9929,0,0
7699,2.1732,0,0
7700,1.2675,0,0
7701,1.9023,0,0
7702,3.8006,0,1
7703,4.2908,0,1
7704,4.9117,0,1
7705,2.7999,0,0
7706,2.6154,0,0
7707,2.6848,0,0
7708,2.2928,0,0
7709,1.7813,0,0
7710,3.7842,0,0
7711,4.2228,0,0
7712,4.1104,0,1
7713,3.7132,0,1
7714,3.2791,0,0
7715,2.5364,0,0
7716,4.1801,0,0
7717,3.1476,0,0
7718,3.6477,0,0
7719,3.5741,0,0
7720,0.9320,0,0
7721,1.7036,0,0
7722,1.1174,0,0
7723,1.3767,0,0
7724,3.3373,0,0
7725,4.3217,0,0
7726,4.2826,0,1
7727,3.1278,0,0
7728,2.2899,0,0
7729,2.3178,0,0
7730,2.1453,0,0
7731,1.7075,0,0
7732,3.3914,0,0
7733,3.6279,0,0
7734,3.4344,0,0
7735,3.7570,0,1
7736,3.4132,0,0
7737,2.8000,0,0
7738,3.9335,0,0
7739,3.3063,0,0
7740,3.7603,0,0
7741,3.1453,0,1
7742,1.0366,0,0
7743,2.4462,0,0
7744,1.7923,0,0
7745,1.8312,0,0
7746,3.7070,0,0
7747,3.9332,0,0
7748,4.3953,0,1
7749,2.9741,0,0
7750,2.1324,0,0
7751,2.4517,0,0
7752,1.1434,0,0
7753,1.8316,0,0
7754,3.2807,0,0
7755,3.1524,0,0
7756,4.2655,0,1
7757,3.8565,0,0
7758,3.0230,0,0
7759,1.9248,0,0
7760,3.8328,0,0
7761,3.5399,0,0
7762,3.7096,0,0
7763,2.4463,0,0
7764,1.1378,0,0
7765,2.1846,0,0
7766,1.4124,0,0
7767,1.7480,0,0
7768,3.5100,0,0
7769,4.1923,0,0
7770,4.7472,0,0
7771,2.5479,0,0
7772,2.1904,0,0
7773,2.2658,0,0
7774,1.7903,0,0
7775,1.8698,0,0
7776,3.4977,0,1
7777,3.4302,0,0
7778,3.9488,0,1
7779,3.6072,0,0
7780,3.3763,0,0
7781,2.3496,0,0
7782,3.9098,0,0
7783,3.1789,0,1
7784,3.6140,0,0
7785,2.4631,0,1
7786,0.7989,0,0
7787,2.4114,0,0
7788,1.7595,0,0
7789,1.6121,0,0
7790,3.2930,0,0
7791,4.1434,0,1
7792,4.1260,0,1
7793,3.5625,0,1
7794,2.2042,0,0
7795,2.8898,0,0
7796,1.5003,0,0
7797,1.9283,0,0
7798,4.2067,0,1
7799,3.6467,0,1
7800,3.7771,0,0
7801,4.0923,0,0
7802,3.6770,0,1
7803,2.7569,0,0
7804,3.7259,0,0
7805,4.4188,0,0
7806,3.7560,0,0
7807,2.9387,0,1
7808,0.6889,0,0
7809,1.9316,0,0
7810,1.1690,0,0
7811,1.6486,0,0
7812,2.7229,0,0
7813,3.7764,0,1
7814,3.6218,0,1
7815,3.0927,0,0
7816,0.0000,1,0
7817,0.2142,0,0
7818,1.2736,0,0
7819,0.2676,0,0
7820,1.7858,0,0
7821,1.7667,0,0
7822,2.1396,0,1
7823,2.1704,0,0
7824,1.9907,0,0
7825,2.5091,0,0
7826,2.4158,0,0
7827,0.0000,1,0
7828,0.0000,1,0
7829,1.0939,0,0
7830,1.4352,0,0
7831,1.1334,0,0
7832,1.2370,0,0
7833,3.2586,0,0
7834,4.1780,0,0
7835,4.4027,0,1
7836,2.9953,0,0
7837,2.8065,0,0
7838,2.6569,0,0
7839,2.0825,0,0
7840,2.2011,0,0
7841,4.1471,0,0
7842,3.9790,0,0
7843,4.1073,0,1
7844,3.7767,0,0
7845,3.6534,0,0
7846,2.3558,0,0
7847,3.8769,0,0
7848,4.2827,0,1
7849,4.0925,0,0
7850,3.6805,0,0
7851,1.0881,0,0
7852,2.2634,0,0
7853,1.4572,0,0
7854,1.8343,0,0
7855,3.2532,0,0
7856,4.1511,0,0
7857,4.1487,0,0
7858,3.1649,0,0
7859,1.5535,0,0
7860,2.4764,0,0
7861,1.7893,0,0
7862,2.1102,0,0
7863,3.6589,0,0
7864,3.2966,0,0
7865,3.9997,0,1
7866,3.7891,0,0
7867,3.9637,0,1
7868,3.4826,0,0
7869,4.0806,0,1
7870,3.5488,0,0
7871,3.9533,0,0
7872,3.5264,0,1
7873,1.1000,0,0
7874,2.6200,0,0
7875,1.6714,0,0
7876,2.3102,0,0
7877,3.0530,0,0
7878,4.3318,0,1
7879,4.4659,0,0
7880,2.9295,0,1
7881,1.7805,0,0
7882,2.5839,0,0
7883,1.5663,0,0
7884,1.7667,0,0
7885,3.6587,0,1
7886,3.0875,0,0
7887,3.3482,0,1
7888,3.9149,0,0
7889,4.0252,0,1
7890,2.9054,0,0
7891,4.2130,0,0
7892,4.5034,0,0
7893,4.2191,0,0
7894,3.1376,0,0
7895,1.1886,0,0
7896,2.6929,0,0
7897,2.1575,0,0
7898,1.7760,0,0
7899,2.9755,0,0
7900,4.1287,0,0
7901,4.2782,0,1
7902,2.8219,0,1
7903,1.9075,0,0
7904,1.7387,0,0
7905,1.8947,0,0
7906,1.2393,0,0
7907,2.8337,0,1
7908,3.3121,0,0
7909,3.9500,0,1
7910,3.7749,0,1
7911,3.8836,0,0
7912,2.0619,0,0
7913,3.7226,0,0
7914,2.9921,0,0
7915,4.1195,0,0
7916,3.2552,0,0
7917,0.6745,0,0
7918,1.4584,0,0
7919,1.0325,0,0
7920,1.0789,0,0
7921,2.9961,0,0
7922,4.4928,0,0
7923,4.6678,0,1
7924,2.9122,0,0
7925,2.5751,0,0
7926,2.4170,0,0
7927,1.9231,0,0
7928,1.7771,0,0
7929,3.9236,0,0
7930,3.7613,0,0
7931,3.9252,0,0
7932,3.7145,0,1
7933,4.1263,0,0
7934,3.0270,0,0
7935,3.8201,0,0
7936,4.8923,0,1
7937,4.1112,0,0
7938,3.2817,0,0
7939,1.0618,0,0
7940,2.0134,0,0
7941,1.1438,0,0
7942,1.9472,0,0
7943,3.4398,0,1
7944,3.9699,0,0
7945,4.4379,0,1
7946,2.7726,0,0
7947,1.8991,0,0
7948,2.4213,0,0
7949,2.0082,0,0
7950,1.8165,0,0
7951,3.5035,0,0
7952,3.6414,0,0
7953,3.8333,0,0
7954,3.8224,0,1
7955,3.9459,0,0
7956,2.9211,0,0
7957,3.8760,0,0
7958,3.6324,0,1
7959,4.3425,0,0
7960,2.5384,0,0
7961,1.2141,0,0
7962,2.0443,0,0
7963,1.0190,0,0
7964,1.9816,0,0
7965,3.7051,0,0
7966,4.6137,0,0
7967,4.6424,0,0
7968,3.5705,0,1
7969,2.8993,0,0
7970,2.2744,0,0
7971,2.2434,0,0
7972,2.1084,0,0
7973,3.7665,0,1
7974,4.5197,0,1
7975,3.9009,0,0
7976,4.0070,0,0
7977,4.3418,0,0
7978,3.1303,0,0
7979,4.0292,0,0
7980,4.5887,0,1
7981,4.6081,0,0
7982,3.7835,0,1
7983,0.9682,0,0
7984,2.2908,0,0
7985,1.0005,0,0
7986,2.0365,0,0
7987,3.4311,0,0
7988,4.3001,0,0
7989,4.3547,0,1
7990,3.1820,0,0
7991,2.3906,0,0
7992,2.4593,0,0
7993,1.6190,0,0
7994,1.6688,0,0
7995,3.5631,0,0
7996,3.4760,0,1
7997,4.1901,0,0
7998,3.9049,0,0
7999,4.2044,0,0
8000,2.8969,0,0
8001,4.1955,0,0
8002,3.8125,0,0
8003,4.2368,0,0
8004,3.3090,0,1
8005,0.9589,0,0
8006,1.8761,0,0
8007,1.3791,0,0
8008,1.3338,0,0
8009,3.1413,0,0
8010,4.1260,0,1
8011,4.3795,0,1
8012,2.6640,0,0
8013,1.7296,0,0
8014,2.0793,0,0
8015,1.9838,0,0
8016,1.5847,0,0
8017,3.2373,0,1
8018,3.1909,0,1
8019,4.0354,0,1
8020,3.9356,0,0
8021,3.2726,0,0
8022,2.1868,0,0
8023,3.6186,0,0
8024,2.3886,0,0
8025,3.6869,0,0
8026,2.2415,0,0
8027,0.9027,0,0
8028,1.6219,0,0
8029,0.6867,0,0
8030,1.5828,0,0
8031,3.3077,0,0
8032,3.9205,0,0
8033,4.1259,0,1
8034,2.9829,0,0
8035,2.1934,0,0
8036,2.4908,0,0
8037,2.1674,0,0
8038,2.0682,0,0
8039,4.0025,0,1
8040,3.3851,0,0
8041,3.7781,0,0
8042,3.8587,0,0
8043,4.4519,0,0
8044,3.0049,0,0
8045,3.9763,0,0
8046,3.3112,0,0
8047,4.3658,0,0
8048,3.9035,0,1
8049,0.8943,0,0
8050,2.2741,0,0
8051,1.0650,0,0
8052,2.1042,0,0
8053,3.2057,0,0
8054,3.8238,0,0
8055,3.9935,0,1
8056,3.2062,0,0
8057,2.3428,0,0
8058,2.6076,0,0
8059,2.5512,0,0
8060,1.7312,0,0
8061,3.7416,0,0
8062,4.0875,0,1
8063,3.6873,0,1
8064,3.8703,0,1
8065,3.6666,0,0
8066,3.2683,0,0
8067,3.9260,0,0
8068,3.7039,0,0
8069,4.1432,0,0
8070,3.0671,0,1
8071,1.0084,0,0
8072,1.9950,0,0
8073,1.0740,0,0
8074,1.6961,0,0
8075,3.1394,0,0
8076,3.9817,0,0
8077,4.2340,0,1
8078,2.9526,0,0
8079,1.6350,0,0
8080,2.2745,0,0
8081,1.8345,0,0
8082,1.8504,0,0
8083,3.4598,0,1
8084,3.0066,0,0
8085,3.7558,0,1
8086,3.7136,0,0
8087,4.2932,0,0
8088,2.8766,0,0
8089,4.2126,0,0
8090,3.1692,0,0
8091,4.2126,0,0
8092,3.0266,0,0
8093,0.5988,0,0
8094,1.2236,0,0
8095,0.4563,0,0
8096,1.1751,0,0
8097,2.1242,0,0
8098,3.9416,0,0
8099,3.7063,0,1
8100,2.4324,0,0
8101,1.5906,0,0
8102,2.2222,0,0
8103,1.9780,0,0
8104,1.8141,0,0
8105,3.6960,0,1
8106,3.1894,0,1
8107,3.6683,0,1
8108,3.6322,0,0
8109,3.6312,0,0
8110,2.4742,0,0
8111,4.0545,0,0
8112,3.4930,0,0
8113,3.9915,0,0
8114,2.3281,0,0
8115,0.9833,0,0
8116,1.5558,0,0
8117,0.8981,0,0
8118,1.4211,0,0
8119,2.5124,0,0
8120,3.9661,0,0
8121,3.7057,0,1
8122,2.9451,0,0
8123,1.9867,0,0
8124,2.2438,0,0
8125,1.9536,0,0
8126,2.1409,0,0
8127,3.9506,0,0
8128,3.6080,0,1
8129,3.6052,0,0
8130,3.8896,0,0
8131,3.8295,0,0
8132,2.7818,0,0
8133,3.9595,0,0
8134,3.6790,0,0
8135,4.0058,0,0
8136,2.5320,0,0
8137,0.5866,0,0
8138,1.4862,0,0
8139,0.7600,0,0
8140,1.3138,0,0
8141,2.9987,0,0
8142,3.5028,0,0
8143,3.9142,0,1
8144,2.3157,0,1
8145,1.6172,0,0
8146,1.9751,0,0
8147,1.7048,0,0
8148,1.7481,0,0
8149,3.2519,0,0
8150,3.0978,0,0
8151,3.5489,0,1
8152,3.4166,0,0
8153,4.0248,0,1
8154,2.8413,0,0
8155,3.9711,0,0
8156,2.9641,0,0
8157,3.9515,0,0
8158,2.7556,0,0
8159,0.4031,0,0
8160,0.9997,0,0
8161,0.7523,0,0
8162,0.6681,0,0
8163,2.7929,0,0
8164,3.8111,0,0
8165,4.1673,0,0
8166,2.5292,0,0
8167,2.2641,0,0
8168,2.2662,0,0
8169,2.4775,0,1
8170,2.2564,0,0
8171,4.1815,0,0
8172,3.8394,0,0
8173,3.5242,0,0
8174,3.5672,0,0
8175,3.4757,0,0
8176,2.7160,0,0
8177,3.8248,0,0
8178,3.7180,0,1
8179,4.3646,0,0
8180,3.8061,0,1
8181,0.6156,0,0
8182,1.2338,0,0
8183,0.9848,0,0
8184,0.7617,0,0
8185,2.0613,0,0
8186,3.0056,0,1
8187,3.0834,0,0
8188,2.1292,0,0
8189,0.3255,0,0
8190,0.5546,0,0
8191,0.6846,0,0
8192,0.2142,0,0
8193,0.8850,0,0
8194,0.7961,0,0
8195,1.4237,0,1
8196,1.3516,0,0
8197,0.0000,1,0
8198,0.0000,1,0
8199,1.5454,0,0
8200,0.0000,1,0
8201,0.0000,1,0
8202,0.8467,0,0
8203,0.9410,0,0
8204,0.8484,0,0
8205,2.8493,0,0
8206,3.0491,0,1
8207,3.0445,0,1
8208,0.0000,1,0
8209,0.0000,1,0
8210,0.0000,1,0
8211,0.8142,0,0
8212,1.5698,0,0
8213,0.8424,0,0
8214,1.3935,0,0
8215,2.8551,0,0
8216,4.1722,0,0
8217,4.2846,0,1
8218,2.4723,0,0
8219,2.7220,0,0
8220,2.4679,0,0
8221,2.1921,0,0
8222,1.8894,0,0
8223,4.0918,0,0
8224,3.9878,0,0
8225,3.8703,0,1
8226,3.6006,0,0
8227,3.8138,0,0
8228,3.0214,0,0
8229,3.9687,0,0
8230,3.6881,0,1
8231,4.4980,0,0
8232,2.8764,0,0
8233,0.5164,0,0
8234,1.8475,0,0
8235,1.1187,0,0
8236,1.4032,0,0
8237,2.6872,0,0
8238,4.4075,0,0
8239,4.0444,0,1
8240,2.9929,0,0
8241,2.2877,0,1
8242,2.5357,0,1
8243,2.2974,0,1
8244,2.3672,0,0
8245,4.0652,0,1
8246,4.0220,0,0
8247,3.1377,0,1
8248,2.9633,0,0
8249,4.0838,0,0
8250,2.9578,0,0
8251,3.9308,0,0
8252,3.8233,0,1
8253,4.0847,0,0
8254,3.5377,0,0
8255,0.7133,0,0
8256,1.3602,0,0
8257,0.6467,0,0
8258,1.3307,0,0
8259,2.6231,0,0
8260,4.4124,0,1
8261,4.1039,0,1
8262,3.3716,0,0
8263,2.0642,0,0
8264,2.9809,0,0
8265,2.0833,0,0
8266,2.2501,0,0
8267,3.6824,0,0
8268,4.5196,0,1
8269,3.0952,0,0
8270,2.8827,0,0
8271,3.8680,0,0
8272,3.3078,0,0
8273,3.9295,0,0
8274,3.4529,0,0
8275,3.9544,0,0
8276,3.5590,0,0
8277,0.5458,0,0
8278,1.3422,0,0
8279,0.7723,0,0
8280,1.1097,0,0
8281,2.5651,0,0
8282,3.6521,0,1
8283,3.6140,0,0
8284,2.6399,0,0
8285,1.5530,0,0
8286,2.6511,0,0
8287,1.9853,0,0
8288,1.8326,0,0
8289,3.4602,0,1
8290,3.5747,0,1
8291,3.5347,0,1
8292,3.5002,0,0
8293,4.1365,0,0
8294,3.0422,0,1
8295,4.2606,0,0
8296,3.5917,0,0
8297,4.1193,0,0
8298,3.3231,0,1
8299,0.5500,0,0
8300,0.9461,0,0
8301,0.4153,0,0
8302,1.0173,0,0
8303,2.5478,0,0
8304,2.9666,0,0
8305,3.0126,0,0
8306,2.3707,0,0
8307,1.7717,0,0
8308,2.2109,0,0
8309,2.1954,0,0
8310,1.7120,0,0
8311,3.3865,0,0
8312,3.6051,0,1
8313,3.1727,0,0
8314,3.5610,0,0
8315,3.8049,0,0
8316,2.9416,0,1
8317,3.9400,0,0
8318,3.1318,0,0
8319,3.8465,0,0
8320,2.8701,0,0
8321,0.2142,0,0
8322,0.9504,0,0
8323,0.3499,0,0
8324,0.9438,0,0
8325,1.6557,0,0
8326,1.9388,0,0
8327,2.1489,0,0
8328,1.4870,0,0
8329,0.7273,0,0
8330,1.1798,0,0
8331,1.1763,0,0
8332,1.0783,0,0
8333,1.8264,0,0
8334,2.0683,0,0
8335,3.0274,0,0
8336,3.2696,0,0
8337,3.0743,0,0
8338,1.9468,0,0
8339,3.6535,0,0
8340,2.2322,0,0
8341,3.7106,0,0
8342,2.2154,0,0
8343,0.7275,0,0
8344,1.2791,0,0
8345,0.7273,0,0
8346,1.4214,0,0
8347,1.3755,0,0
8348,0.8004,0,0
8349,0.9647,0,0
8350,1.3227,0,0
8351,0.7899,0,0
8352,0.7011,0,0
8353,2.1614,0,0
8354,0.2966,0,0
8355,2.9179,0,1
8356,2.8521,0,0
8357,2.0816,0,0
8358,2.3445,0,0
8359,0.6849,0,0
8360,0.8386,0,0
8361,1.2972,0,0
8362,4.4172,0,0
8363,0.0000,1,0
8364,0.0000,1,0
8365,0.2142,0,0
8366,0.3255,0,0
8367,0.3788,0,0
8368,0.1607,0,0
8369,0.9076,0,0
8370,1.0371,0,0
8371,1.2782,0,0
8372,0.6722,0,0
8373,0.1072,0,0
8374,0.0000,1,0
8375,0.0000,1,0
8376,0.0000,1,0
8377,0.0000,1,0
8378,0.0000,1,0
8379,0.0000,1,0
8380,0.0000,1,0
8381,0.0000,1,0
8382,0.0000,1,0
8383,0.0000,1,0
8384,0.3088,0,0
8385,0.9522,0,0
8386,1.2279,0,0
8387,0.8037,0,0
8388,1.0160,0,0
8389,2.3864,0,0
8390,2.7900,0,0
8391,3.4447,0,0
8392,1.8679,0,0
8393,2.5104,0,0
8394,2.2786,0,0
8395,2.1526,0,0
8396,2.0692,0,0
8397,4.1146,0,1
8398,3.5738,0,0
8399,3.0145,0,0
8400,3.3063,0,0
8401,3.3798,0,0
8402,2.7274,0,0
8403,3.2033,0,0
8404,4.2125,0,0
8405,4.0132,0,0
8406,2.7976,0,0
8407,1.0530,0,0
8408,2.4323,0,0
8409,1.3597,0,0
8410,2.2690,0,0
8411,2.7493,0,0
8412,4.1342,0,0
8413,4.2716,0,1
8414,2.9150,0,0
8415,1.4109,0,0
8416,1.9372,0,0
8417,1.3440,0,0
8418,1.4179,0,0
8419,2.8287,0,0
8420,2.6779,0,0
8421,2.5769,0,1
8422,2.4858,0,0
8423,4.0071,0,0
8424,3.0081,0,0
8425,2.9701,0,0
8426,3.5633,0,1
8427,3.9316,0,0
8428,3.4810,0,1
8429,1.1329,0,0
8430,2.4490,0,0
8431,1.3739,0,0
8432,2.2477,0,0
8433,3.9713,0,0
8434,4.8090,0,1
8435,4.8190,0,0
8436,3.7562,0,0
8437,3.1864,0,0
8438,2.9810,0,0
8439,2.7542,0,1
8440,2.7591,0,0
8441,4.9004,0,0
8442,4.6485,0,0
8443,3.6221,0,1
8444,4.0975,0,1
8445,4.2623,0,0
8446,3.8099,0,0
8447,3.7163,0,0
8448,4.3239,0,0
8449,4.0804,0,1
8450,4.7028,0,0
8451,1.3830,0,0
8452,2.5816,0,0
8453,1.4065,0,0
8454,2.3929,0,0
8455,3.3821,0,0
8456,4.9299,0,1
8457,4.6223,0,0
8458,3.8304,0,0
8459,2.3733,0,0
8460,2.4396,0,0
8461,2.3726,0,0
8462,2.5925,0,0
8463,3.9768,0,0
8464,4.3196,0,1
8465,3.3132,0,0
8466,3.2787,0,0
8467,4.2597,0,1
8468,4.1862,0,0
8469,4.0618,0,0
8470,4.3058,0,0
8471,4.0981,0,1
8472,4.1536,0,0
8473,1.1405,0,0
8474,2.2610,0,0
8475,1.2106,0,0
8476,2.2247,0,0
8477,3.3442,0,0
8478,5.2087,0,1
8479,4.8834,0,0
8480,3.6799,0,0
8481,2.8475,0,0
8482,3.0138,0,0
8483,2.4037,0,0
8484,2.2419,0,0
8485,4.2461,0,1
8486,4.8310,0,1
8487,3.9691,0,1
8488,4.0704,0,1
8489,4.3549,0,0
8490,3.5858,0,0
8491,3.5910,0,0
8492,4.7634,0,0
8493,4.0726,0,1
8494,4.4498,0,0
8495,1.2179,0,0
8496,1.9495,0,0
8497,1.4031,0,0
8498,1.4533,0,0
8499,3.8849,0,0
8500,4.3950,0,0
8501,4.9468,0,0
8502,3.0125,0,0
8503,2.8762,0,0
8504,3.3791,0,0
8505,2.2239,0,0
8506,2.7166,0,0
8507,4.9127,0,0
8508,4.2583,0,0
8509,3.6303,0,0
8510,4.2648,0,0
8511,3.9756,0,0
8512,3.2634,0,0
8513,4.2680,0,0
8514,4.8878,0,0
8515,4.1303,0,1
8516,3.9307,0,0
8517,1.3297,0,0
8518,2.2961,0,0
8519,1.6743,0,0
8520,1.7167,0,0
8521,2.8776,0,0
8522,4.0242,0,0
8523,4.2840,0,0
8524,2.5331,0,0
8525,1.3133,0,0
8526,1.1317,0,0
8527,1.2875,0,0
8528,0.8623,0,0
8529,2.6031,0,0
8530,2.2836,0,0
8531,2.2917,0,0
8532,1.2787,0,0
8533,0.2142,0,0
8534,0.6797,0,0
8535,2.0938,0,0
8536,1.2452,0,0
8537,1.7201,0,0
8538,3.0141,0,0
8539,1.3728,0,0
8540,1.4337,0,0
8541,3.1763,0,0
8542,1.8844,0,0
8543,3.5804,0,1
8544,0.0000,1,0
8545,0.0000,1,0
8546,0.0000,1,0
8547,1.3740,0,0
8548,2.6377,0,0
8549,1.8121,0,0
8550,2.0852,0,0
8551,3.7487,0,0
8552,4.8434,0,1
8553,5.0308,0,0
8554,3.1650,0,0
8555,2.6864,0,0
8556,2.7153,0,0
8557,2.2806,0,0
8558,2.5382,0,0
8559,4.2028,0,0
8560,4.5825,0,0
8561,4.1196,0,1
8562,4.2126,0,1
8563,4.1285,0,1
8564,3.1934,0,0
8565,4.1397,0,1
8566,4.0835,0,0
8567,3.9115,0,0
8568,3.6686,0,0
8569,1.3067,0,0
8570,2.6121,0,0
8571,1.5802,0,0
8572,2.1222,0,0
8573,3.7012,0,0
8574,4.9296,0,1
8575,4.8406,0,0
8576,3.6907,0,1
8577,2.1701,0,0
8578,2.5308,0,0
8579,2.3352,0,0
8580,1.8467,0,0
8581,3.7407,0,1
8582,4.0043,0,0
8583,3.7206,0,0
8584,4.2002,0,1
8585,3.7762,0,1
8586,3.1036,0,0
8587,3.8866,0,0
8588,3.4299,0,0
8589,3.7830,0,0
8590,3.7135,0,0
8591,1.2584,0,0
8592,2.4750,0,0
8593,1.7668,0,0
8594,1.7519,0,0
8595,4.1164,0,0
8596,4.6034,0,0
8597,4.9769,0,0
8598,3.6099,0,1
8599,2.3685,0,0
8600,2.6464,0,0
8601,2.1538,0,0
8602,2.0406,0,0
8603,3.7380,0,1
8604,4.1185,0,0
8605,3.8729,0,0
8606,4.1214,0,1
8607,3.8970,0,0
8608,2.9845,0,0
8609,3.9763,0,0
8610,4.1540,0,0
8611,3.9338,0,1
8612,3.5596,0,0
8613,1.0786,0,0
8614,2.1748,0,0
8615,1.4365,0,0
8616,1.8186,0,0
8617,3.8626,0,0
8618,4.3864,0,1
8619,4.7048,0,0
8620,3.5367,0,1
8621,2.9541,0,0
8622,3.0811,0,0
8623,2.0043,0,0
8624,2.6407,0,0
8625,4.6543,0,1
8626,4.1564,0,0
8627,3.7333,0,0
8628,3.5680,0,0
8629,3.7395,0,0
8630,3.2425,0,0
8631,3.6606,0,0
8632,3.6857,0,0
8633,3.9878,0,1
8634,4.4534,0,0
8635,1.2128,0,0
8636,1.9617,0,0
8637,1.8515,0,0
8638,1.0341,0,0
8639,3.5069,0,0
8640,4.7942,0,1
8641,4.8611,0,0
8642,3.1288,0,0
8643,2.8862,0,1
8644,3.1638,0,0
8645,2.8911,0,0
8646,2.1649,0,0
8647,4.6878,0,1
8648,4.6563,0,1
8649,3.7351,0,0
8650,3.5988,0,0
8651,3.8390,0,0
8652,3.3411,0,0
8653,3.9746,0,0
8654,4.8545,0,0
8655,4.2839,0,1
8656,4.3613,0,1
8657,1.1854,0,0
8658,2.0587,0,0
8659,1.2607,0,0
8660,1.9038,0,0
8661,3.8006,0,0
8662,4.7259,0,1
8663,4.7442,0,0
8664,3.6986,0,0
8665,3.0637,0,0
8666,3.1043,0,1
8667,2.9928,0,0
8668,2.4924,0,0
8669,4.7190,0,0
8670,5.0129,0,1
8671,3.6056,0,1
8672,3.3531,0,1
8673,3.8440,0,0
8674,3.8872,0,1
8675,3.5210,0,0
8676,4.8199,0,0
8677,3.8146,0,1
8678,4.2880,0,0
8679,1.4022,0,0
8680,2.6562,0,0
8681,1.6115,0,0
8682,2.3412,0,0
8683,3.8493,0,0
8684,4.9460,0,0
8685,4.8708,0,0
8686,3.5068,0,0
8687,2.4610,0,0
8688,2.9827,0,0
8689,2.8496,0,0
8690,2.1342,0,0
8691,4.2589,0,1
8692,4.8349,0,1
8693,3.8099,0,1
8694,3.7572,0,0
8695,4.0020,0,0
8696,3.4356,0,0
8697,3.7786,0,0
8698,4.3588,0,0
8699,3.8825,0,1
8700,3.5949,0,1
8701,1.3009,0,0
8702,1.9786,0,0
8703,1.0173,0,0
8704,2.1453,0,0
8705,3.6279,0,1
8706,4.4116,0,0
8707,4.8256,0,1
8708,3.1446,0,0
8709,2.6997,0,1
8710,3.1934,0,0
8711,2.4206,0,0
8712,2.1918,0,0
8713,4.3047,0,0
8714,4.6211,0,0
8715,3.6951,0,1
8716,3.6510,0,0
8717,3.8468,0,0
8718,3.4020,0,0
8719,4.1625,0,1
8720,4.1234,0,1
8721,4.3787,0,0
8722,3.5561,0,0
8723,0.9742,0,0
8724,1.7159,0,0
8725,1.2142,0,0
8726,1.4769,0,0
8727,3.5968,0,0
8728,4.7238,0,1
8729,5.0513,0,0
8730,3.0716,0,1
8731,2.4396,0,0
8732,2.3387,0,0
8733,1.8132,0,0
8734,2.1231,0,0
8735,3.9150,0,0
8736,3.4849,0,0
8737,3.1454,0,0
8738,3.3365,0,1
8739,3.3653,0,0
8740,2.5770,0,0
8741,3.6007,0,0
8742,3.8012,0,0
8743,4.2806,0,1
8744,3.4689,0,0
8745,1.4028,0,0
8746,2.5409,0,0
8747,1.4374,0,0
8748,2.3886,0,0
8749,3.9650,0,0
8750,4.5188,0,1
8751,4.8247,0,0
8752,3.6586,0,1
8753,2.7345,0,0
8754,2.8303,0,0
8755,2.9226,0,0
8756,2.3022,0,0
8757,4.5586,0,0
8758,4.5889,0,1
8759,4.0391,0,1
8760,3.9705,0,0
8761,4.1551,0,0
8762,3.1370,0,1
8763,4.0292,0,0
8764,4.5057,0,0
8765,3.7669,0,1
8766,3.9337,0,0
8767,1.7207,0,0
8768,3.3102,0,0
8769,1.7250,0,0
8770,3.0243,0,0
8771,4.1596,0,0
8772,4.9658,0,0
8773,5.0904,0,1
8774,3.8830,0,0
8775,2.5809,0,0
8776,3.2464,0,1
8777,2.4034,0,0
8778,2.7380,0,0
8779,4.5997,0,1
8780,4.7643,0,1
8781,4.1088,0,0
8782,3.9936,0,0
8783,4.4534,0,0
8784,3.8052,0,0
8785,4.3675,0,0
8786,5.3472,0,1
8787,4.1935,0,1
8788,4.1394,0,0
8789,1.1586,0,0
8790,2.9017,0,0
8791,1.6529,0,0
8792,2.4139,0,0
8793,3.8646,0,1
8794,4.4377,0,0
8795,5.0763,0,1
8796,3.0049,0,0
8797,3.0883,0,1
8798,2.2489,0,0
8799,2.1994,0,0
8800,2.3308,0,0
8801,4.1747,0,0
8802,4.2443,0,0
8803,3.9189,0,1
8804,4.0536,0,1
8805,3.6239,0,0
8806,2.8429,0,0
8807,3.9650,0,0
8808,4.5061,0,0
8809,3.7738,0,1
8810,3.4555,0,0
8811,1.6207,0,0
8812,2.5998,0,0
8813,1.9266,0,0
8814,2.1072,0,0
8815,3.7302,0,1
8816,4.4551,0,0
8817,4.9682,0,0
8818,3.0330,0,0
8819,2.6140,0,0
8820,2.8426,0,0
8821,1.9294,0,0
8822,2.3413,0,0
8823,3.8115,0,1
8824,4.1180,0,0
8825,3.8235,0,0
8826,3.6864,0,1
8827,4.4128,0,0
8828,3.3759,0,1
8829,3.9830,0,0
8830,4.5764,0,0
8831,4.1870,0,1
8832,4.2580,0,1
8833,1.6120,0,0
8834,2.7391,0,0
8835,1.6527,0,0
8836,2.5103,0,0
8837,3.7984,0,0
8838,4.5206,0,1
8839,4.7731,0,0
8840,3.3450,0,1
8841,2.2121,0,0
8842,2.9486,0,0
8843,1.9882,0,0
8844,2.1553,0,0
8845,3.6756,0,0
8846,4.3626,0,1
8847,3.7739,0,0
8848,3.9748,0,0
8849,4.3795,0,1
8850,2.6732,0,0
8851,4.0056,0,0
8852,4.4747,0,0
8853,4.1338,0,1
8854,4.1229,0,1
8855,1.2028,0,0
8856,2.8626,0,0
8857,1.2820,0,0
8858,2.8339,0,0
8859,4.1483,0,1
8860,4.1647,0,0
8861,4.6425,0,1
8862,3.3776,0,0
8863,3.3166,0,0
8864,3.1654,0,1
8865,2.3781,0,0
8866,1.7868,0,0
8867,4.6542,0,0
8868,4.7953,0,0
8869,3.9546,0,1
8870,4.1371,0,1
8871,3.6500,0,0
8872,2.6883,0,0
8873,3.7604,0,0
8874,4.6036,0,0
8875,3.9869,0,1
8876,3.5421,0,0
8877,1.8626,0,0
8878,2.9034,0,0
8879,2.2634,0,1
8880,2.4122,0,0
8881,4.2562,0,1
8882,4.5956,0,1
8883,5.2246,0,1
8884,3.4086,0,0
8885,2.6645,0,0
8886,2.7734,0,0
8887,2.7903,0,0
8888,2.2154,0,0
8889,4.4620,0,1
8890,4.7041,0,1
8891,4.0570,0,0
8892,4.2066,0,1
8893,4.1904,0,0
8894,3.1902,0,0
8895,3.8699,0,0
8896,5.0263,0,1
8897,4.6729,0,1
8898,4.0628,0,1
8899,1.5873,0,0
8900,3.0768,0,0
8901,2.1357,0,0
8902,2.4662,0,0
8903,3.7174,0,0
8904,4.5194,0,1
8905,4.8426,0,1
8906,3.2142,0,0
8907,1.8926,0,0
8908,1.9802,0,0
8909,2.3728,0,1
8910,1.3721,0,0
8911,4.1500,0,0
8912,4.3666,0,1
8913,4.0970,0,1
8914,3.9709,0,0
8915,0.2142,0,0
8916,0.4395,0,0
8917,3.7101,0,0
8918,0.0000,1,0
8919,0.0000,1,0
8920,2.0692,0,0
8921,2.5321,0,0
8922,1.8588,0,0
8923,2.4821,0,0
8924,4.0543,0,0
8925,4.7002,0,0
8926,5.0462,0,1
8927,3.3306,0,0
8928,2.5545,0,0
8929,2.5702,0,0
8930,2.5604,0,0
8931,2.5733,0,0
8932,4.5381,0,1
8933,4.1994,0,0
8934,3.5501,0,1
8935,3.7961,0,1
8936,3.9587,0,0
8937,3.0238,0,0
8938,3.8594,0,0
8939,4.5730,0,0
8940,3.9150,0,0
8941,3.3725,0,0
8942,1.6158,0,0
8943,2.7928,0,0
8944,1.9097,0,1
8945,2.3927,0,0
8946,3.7391,0,0
8947,4.6923,0,1
8948,4.6749,0,0
8949,4.0109,0,0
8950,2.1596,0,0
8951,2.5236,0,0
8952,2.6237,0,0
8953,2.4059,0,0
8954,4.2226,0,0
8955,4.3639,0,0
8956,4.1916,0,1
8957,4.3521,0,0
8958,4.1168,0,0
8959,3.9947,0,0
8960,4.2013,0,0
8961,4.7015,0,1
8962,4.0793,0,0
8963,4.3281,0,1
8964,1.5204,0,0
8965,3.1166,0,0
8966,2.1531,0,0
8967,2.6533,0,1
8968,4.2229,0,0
8969,4.5976,0,0
8970,4.9884,0,1
8971,3.5577,0,0
8972,2.4625,0,0
8973,2.7336,0,0
8974,2.6242,0,0
8975,1.8651,0,0
8976,4.2307,0,0
8977,4.4660,0,0
8978,3.7361,0,1
8979,4.0459,0,1
8980,4.1336,0,1
8981,3.2424,0,0
8982,4.2588,0,1
8983,3.2025,0,0
8984,3.9446,0,0
8985,3.4579,0,0
8986,1.3529,0,0
8987,3.1084,0,0
8988,1.8656,0,0
8989,2.5205,0,0
8990,3.8798,0,0
8991,4.2288,0,1
8992,4.6712,0,0
8993,3.3469,0,0
8994,1.8904,0,0
8995,2.4967,0,0
8996,1.6625,0,0
8997,1.8379,0,0
8998,3.4113,0,0
8999,3.5957,0,0
9000,3.5937,0,1
9001,3.6020,0,0
9002,3.7818,0,0
9003,2.4702,0,0
9004,3.8580,0,0
9005,2.9267,0,0
9006,3.5425,0,1
9007,2.8411,0,0
9008,1.8090,0,0
9009,2.8048,0,0
9010,2.1026,0,0
9011,2.1646,0,0
9012,4.0324,0,1
9013,4.2180,0,1
9014,4.9928,0,0
9015,2.8422,0,0
9016,2.5542,0,0
9017,2.4072,0,0
9018,1.7823,0,0
9019,2.2524,0,0
9020,3.7447,0,0
9021,4.0273,0,0
9022,3.4178,0,1
9023,3.4061,0,1
9024,3.7574,0,0
9025,2.8060,0,0
9026,3.9818,0,0
9027,3.2204,0,0
9028,3.8425,0,1
9029,3.4310,0,0
9030,1.5824,0,0
9031,2.6327,0,0
9032,1.2843,0,0
9033,2.7027,0,0
9034,3.7687,0,0
9035,4.6816,0,1
9036,5.0008,0,1
9037,3.2612,0,0
9038,2.4860,0,0
9039,2.8149,0,0
9040,2.2963,0,0
9041,2.6451,0,0
9042,4.5048,0,1
9043,4.2946,0,0
9044,3.5605,0,0
9045,3.2975,0,0
9046,4.1589,0,0
9047,3.6555,0,0
9048,4.0613,0,0
9049,3.8645,0,0
9050,3.7967,0,1
9051,3.6591,0,0
9052,1.4966,0,0
9053,2.9787,0,0
9054,2.3171,0,0
9055,2.2280,0,0
9056,3.8082,0,0
9057,4.8690,0,0
9058,4.8312,0,0
9059,3.8511,0,0
9060,2.0498,0,0
9061,2.2152,0,0
9062,2.4197,0,0
9063,2.6032,0,0
9064,4.0943,0,0
9065,4.1869,0,0
9066,4.1038,0,1
9067,3.8002,0,1
9068,4.3159,0,0
9069,2.9434,0,0
9070,3.8651,0,0
9071,2.9273,0,0
9072,3.6891,0,1
9073,3.3756,0,0
9074,1.7538,0,0
9075,3.3591,0,0
9076,2.3505,0,0
9077,2.5315,0,0
9078,4.4010,0,0
9079,5.0438,0,1
9080,5.2931,0,0
9081,4.0983,0,1
9082,2.6366,0,1
9083,3.2627,0,0
9084,2.6693,0,0
9085,2.3824,0,0
9086,4.5965,0,1
9087,4.7102,0,0
9088,4.0134,0,0
9089,4.2847,0,1
9090,4.6463,0,0
9091,3.6510,0,0
9092,4.0493,0,0
9093,4.0759,0,1
9094,3.7783,0,1
9095,4.0344,0,0
9096,1.4376,0,0
9097,3.0312,0,0
9098,1.9392,0,0
9099,2.3960,0,0
9100,4.3498,0,0
9101,4.9606,0,1
9102,5.2269,0,0
9103,4.0273,0,1
9104,2.9182,0,0
9105,2.7245,0,0
9106,2.8953,0,0
9107,2.8357,0,1
9108,4.8708,0,1
9109,4.5695,0,1
9110,3.9082,0,0
9111,3.9308,0,0
9112,4.6521,0,1
9113,3.5121,0,0
9114,4.2650,0,1
9115,4.3969,0,0
9116,4.2481,0,0
9117,3.1180,0,1
9118,1.7893,0,0
9119,3.2804,0,0
9120,2.6285,0,0
9121,2.2882,0,0
9122,4.3890,0,0
9123,4.8342,0,0
9124,5.1776,0,1
9125,3.7825,0,0
9126,3.1014,0,0
9127,3.4095,0,0
9128,2.6470,0,0
9129,2.4755,0,0
9130,4.9691,0,0
9131,4.5853,0,1
9132,4.0690,0,1
9133,4.2263,0,0
9134,4.5527,0,0
9135,3.6303,0,0
9136,4.3232,0,0
9137,4.0806,0,0
9138,4.2095,0,1
9139,4.6767,0,0
9140,1.5945,0,0
9141,2.6650,0,0
9142,1.6913,0,0
9143,2.2280,0,0
9144,3.9213,0,0
9145,4.9533,0,1
9146,5.1822,0,1
9147,3.6324,0,1
9148,2.6504,0,0
9149,2.7189,0,0
9150,2.3751,0,0
9151,2.2231,0,0
9152,4.2024,0,0
9153,4.4495,0,1
9154,3.9873,0,1
9155,4.3893,0,1
9156,4.1225,0,0
9157,2.9090,0,0
9158,3.9989,0,0
9159,3.5460,0,0
9160,3.5619,0,1
9161,3.5459,0,1
9162,1.3697,0,0
9163,2.7389,0,0
9164,2.0900,0,0
9165,1.7978,0,0
9166,4.2860,0,0
9167,4.9404,0,1
9168,5.4649,0,1
9169,3.3998,0,0
9170,2.3001,0,0
9171,2.6880,0,0
9172,2.3982,0,0
9173,2.4073,0,0
9174,4.1896,0,1
9175,3.9324,0,0
9176,3.9523,0,1
9177,3.9984,0,0
9178,4.9268,0,1
9179,3.6311,0,0
9180,3.9204,0,0
9181,4.0518,0,0
9182,3.7802,0,0
9183,4.2559,0,0
9184,1.5831,0,0
9185,2.5532,0,0
9186,2.0450,0,0
9187,1.9882,0,0
9188,3.2863,0,0
9189,4.1511,0,0
9190,4.5689,0,1
9191,2.5919,0,0
9192,0.4153,0,0
9193,0.5336,0,0
9194,0.4031,0,0
9195,0.4395,0,0
9196,1.3364,0,0
9197,0.9012,0,0
9198,1.3743,0,0
9199,1.1890,0,0
9200,0.2676,0,0
9201,0.3621,0,0
9202,1.4919,0,0
9203,1.2516,0,0
9204,1.6287,0,0
9205,2.1357,0,0
9206,0.5588,0,0
9207,1.1540,0,0
9208,2.4562,0,1
9209,1.7418,0,1
9210,1.6793,0,0
9211,0.0000,1,0
9212,0.0000,1,0
9213,0.0000,1,0
9214,1.2158,0,0
9215,2.3929,0,0
9216,1.0040,0,0
9217,2.4986,0,0
9218,3.3070,0,0
9219,2.9788,0,0
9220,2.0262,0,0
9221,4.1733,0,0
9222,4.4452,0,0
9223,4.9918,0,1
9224,3.2272,0,0
9225,2.8412,0,0
9226,2.5891,0,0
9227,2.4524,0,0
9228,2.1608,0,0
9229,4.4691,0,0
9230,3.9873,0,0
9231,3.9345,0,0
9232,4.0744,0,0
9233,4.2430,0,0
9234,3.2030,0,0
9235,4.0849,0,0
9236,3.2533,0,0
9237,3.6338,0,1
9238,3.6200,0,0
9239,2.1181,0,0
9240,2.9394,0,0
9241,2.2868,0,0
9242,2.2546,0,0
9243,4.0922,0,1
9244,4.5143,0,0
9245,5.1082,0,1
9246,3.4084,0,1
9247,1.7166,0,0
9248,2.5450,0,1
9249,2.2030,0,0
9250,2.0476,0,0
9251,3.8984,0,0
9252,3.8357,0,1
9253,4.0248,0,1
9254,4.2095,0,1
9255,4.2157,0,0
9256,3.4099,0,1
9257,3.9052,0,0
9258,4.0267,0,1
9259,4.2903,0,0
9260,3.1546,0,0
9261,1.7876,0,0
9262,2.8684,0,0
9263,2.2105,0,0
9264,2.0692,0,1
9265,4.0852,0,1
9266,4.8954,0,0
9267,5.2989,0,0
9268,3.6516,0,0
9269,2.4500,0,0
9270,2.6042,0,0
9271,2.4384,0,0
9272,2.1792,0,0
9273,4.4655,0,0
9274,3.9490,0,0
9275,3.8214,0,0
9276,3.8387,0,0
9277,4.3304,0,0
9278,2.9856,0,0
9279,3.6177,0,0
9280,4.1830,0,0
9281,3.4824,0,1
9282,4.2938,0,0
9283,1.7738,0,0
9284,3.3054,0,0
9285,2.4743,0,1
9286,2.4365,0,0
9287,4.3671,0,1
9288,4.6213,0,1
9289,5.3678,0,1
9290,3.0280,0,0
9291,2.5823,0,0
9292,2.5648,0,0
9293,2.4618,0,0
9294,2.4070,0,0
9295,4.2980,0,0
9296,4.1922,0,0
9297,4.0876,0,1
9298,4.5287,0,1
9299,4.3008,0,1
9300,3.0745,0,0
9301,3.8305,0,0
9302,4.1697,0,0
9303,4.0307,0,1
9304,4.4471,0,1
9305,1.7213,0,0
9306,3.5144,0,0
9307,2.7707,0,0
9308,2.9155,0,0
9309,4.3791,0,1
9310,4.3878,0,0
9311,4.9168,0,0
9312,3.5431,0,0
9313,2.0947,0,0
9314,2.5755,0,0
9315,2.0754,0,1
9316,1.8892,0,0
9317,3.6349,0,0
9318,4.0168,0,1
9319,4.0826,0,0
9320,4.0777,0,0
9321,3.5178,0,0
9322,2.9142,0,0
9323,3.7213,0,1
9324,3.2656,0,0
9325,4.0046,0,1
9326,2.7198,0,0
9327,1.1454,0,0
9328,2.7958,0,0
9329,2.1422,0,0
9330,2.0796,0,0
9331,4.2270,0,0
9332,4.5254,0,1
9333,5.1796,0,1
9334,3.2552,0,0
9335,2.1327,0,0
9336,2.6846,0,0
9337,2.5929,0,0
9338,1.9565,0,0
9339,4.0192,0,0
9340,4.0472,0,0
9341,3.9118,0,1
9342,4.1610,0,0
9343,3.5971,0,0
9344,3.0398,0,0
9345,3.7461,0,0
9346,3.6751,0,1
9347,4.0147,0,1
9348,2.8493,0,0
9349,1.4067,0,0
9350,4.0963,0,0
9351,3.3844,0,0
9352,2.7917,0,0
9353,4.5442,0,0
9354,4.6769,0,0
9355,5.0653,0,1
9356,3.7932,0,0
9357,2.6959,0,0
9358,2.9890,0,1
9359,2.3289,0,0
9360,2.3903,0,0
9361,4.7903,0,1
9362,4.1875,0,0
9363,4.3728,0,1
9364,4.3892,0,1
9365,4.1618,0,0
9366,3.2520,0,0
9367,4.2805,0,0
9368,4.4587,0,0
9369,4.2593,0,1
9370,3.9942,0,1
9371,1.3811,0,0
9372,3.5174,0,0
9373,2.9247,0,0
9374,2.3033,0,0
9375,4.4436,0,1
9376,4.5296,0,1
9377,4.9849,0,1
9378,3.7831,0,0
9379,3.0307,0,0
9380,2.8931,0,0
9381,2.3792,0,0
9382,2.4038,0,0
9383,4.5044,0,1
9384,4.7374,0,0
9385,4.2628,0,1
9386,4.3070,0,1
9387,3.7986,0,0
9388,2.9764,0,0
9389,4.0979,0,0
9390,4.7828,0,0
9391,4.0668,0,0
9392,3.6753,0,0
9393,0.9157,0,0
9394,1.8757,0,0
9395,1.4049,0,0
9396,1.2637,0,0
9397,3.7412,0,0
9398,4.1768,0,0
9399,4.9099,0,1
9400,2.6636,0,0
9401,2.3728,0,0
9402,2.4583,0,1
9403,2.0768,0,0
9404,2.1543,0,0
9405,3.8863,0,1
9406,4.1008,0,0
9407,3.9670,0,0
9408,3.9771,0,0
9409,3.5102,0,1
9410,2.8928,0,0
9411,3.6725,0,0
9412,4.5550,0,0
9413,4.1095,0,0
9414,2.8090,0,0
9415,1.1598,0,0
9416,2.8102,0,0
9417,2.0090,0,0
9418,1.9457,0,0
9419,3.9684,0,0
9420,4.3546,0,1
9421,4.8732,0,0
9422,3.5207,0,0
9423,1.9607,0,0
9424,2.6894,0,0
9425,1.6073,0,0
9426,2.4897,0,0
9427,4.2074,0,0
9428,3.7029,0,0
9429,4.0044,0,1
9430,4.3547,0,0
9431,4.0912,0,1
9432,2.9978,0,0
9433,4.0014,0,0
9434,4.2397,0,1
9435,3.9933,0,0
9436,3.5744,0,1
9437,1.0962,0,0
9438,1.9733,0,0
9439,1.2693,0,0
9440,1.6376,0,0
9441,4.1053,0,1
9442,4.5011,0,1
9443,4.9766,0,1
9444,3.6599,0,0
9445,2.4326,0,0
9446,3.4627,0,0
9447,2.1534,0,0
9448,2.1641,0,0
9449,4.3997,0,1
9450,4.3259,0,0
9451,4.4459,0,1
9452,4.4711,0,0
9453,3.9562,0,0
9454,3.3571,0,1
9455,4.1056,0,0
9456,4.9437,0,1
9457,4.0848,0,1
9458,4.3720,0,0
9459,1.5198,0,0
9460,3.5399,0,0
9461,3.2776,0,0
9462,2.0394,0,0
9463,3.9700,0,1
9464,4.6183,0,1
9465,4.9422,0,1
9466,3.6308,0,0
9467,2.5764,0,0
9468,3.0601,0,0
9469,2.4499,0,0
9470,2.0170,0,0
9471,4.6313,0,1
9472,3.9969,0,0
9473,4.6908,0,1
9474,4.3281,0,1
9475,3.9702,0,0
9476,2.8318,0,0
9477,4.1402,0,1
9478,5.0933,0,1
9479,4.1178,0,0
9480,4.3443,0,0
9481,1.7220,0,0
9482,3.3242,0,0
9483,2.3845,0,0
9484,2.9528,0,0
9485,4.1728,0,0
9486,4.7235,0,0
9487,5.2621,0,1
9488,3.3244,0,0
9489,1.8677,0,0
9490,1.9919,0,0
9491,2.7242,0,0
9492,1.2188,0,0
9493,4.1308,0,0
9494,4.2403,0,0
9495,3.9729,0,1
9496,4.2906,0,0
9497,1.8882,0,0
9498,2.1970,0,0
9499,3.8962,0,0
9500,0.0000,1,0
9501,0.0000,1,0
9502,1.0271,0,0
9503,2.5676,0,0
9504,2.0749,0,0
9505,1.6969,0,0
9506,4.1801,0,0
9507,4.1080,0,1
9508,4.9629,0,1
9509,2.8268,0,0
9510,2.3305,0,0
9511,2.3059,0,0
9512,1.9994,0,0
9513,1.8695,0,0
9514,3.8518,0,0
9515,3.5198,0,0
9516,4.1414,0,1
9517,4.2377,0,1
9518,3.5053,0,0
9519,2.9094,0,0
9520,3.6362,0,0
9521,3.4494,0,0
9522,3.8897,0,1
9523,3.3140,0,0
9524,0.9210,0,0
9525,3.0290,0,0
9526,1.8301,0,0
9527,2.3317,0,0
9528,3.8073,0,0
9529,4.0275,0,0
9530,4.6209,0,0
9531,3.1367,0,0
9532,2.1768,0,0
9533,2.5861,0,0
9534,2.0222,0,0
9535,2.2883,0,0
9536,4.2388,0,1
9537,3.6034,0,0
9538,3.8137,0,0
9539,3.7593,0,0
9540,4.1914,0,1
9541,3.3614,0,1
9542,4.0236,0,0
9543,4.8882,0,1
9544,4.2953,0,0
9545,3.8925,0,0
9546,1.4968,0,0
9547,2.7659,0,0
9548,2.0783,0,0
9549,2.1924,0,0
9550,4.2884,0,0
9551,4.4026,0,0
9552,4.9141,0,1
9553,3.6712,0,0
9554,2.1928,0,0
9555,2.5775,0,0
9556,2.1884,0,0
9557,2.0554,0,0
9558,3.8660,0,1
9559,4.0436,0,1
9560,4.1571,0,1
9561,4.2230,0,1
9562,4.1995,0,0
9563,3.3091,0,0
9564,4.0321,0,0
9565,3.0882,0,0
9566,3.7824,0,0
9567,3.2512,0,0
9568,0.9247,0,0
9569,2.3873,0,0
9570,1.4903,0,0
9571,1.8803,0,0
9572,4.0276,0,1
9573,4.5628,0,0
9574,4.9049,0,1
9575,3.4655,0,1
9576,2.0707,0,0
9577,2.8105,0,0
9578,2.7790,0,0
9579,2.5532,0,0
9580,4.6001,0,1
9581,4.4687,0,0
9582,4.3555,0,1
9583,4.4046,0,1
9584,4.5284,0,0
9585,3.3529,0,0
9586,4.1573,0,0
9587,4.2456,0,0
9588,4.3190,0,1
9589,4.3742,0,1
9590,1.5968,0,0
9591,2.5604,0,0
9592,2.0942,0,0
9593,1.9746,0,0
9594,4.3635,0,1
9595,4.9239,0,1
9596,5.2609,0,1
9597,3.7396,0,0
9598,1.8429,0,0
9599,2.4338,0,0
9600,2.1784,0,0
9601,1.9123,0,0
9602,3.9662,0,0
9603,3.5704,0,1
9604,4.2318,0,1
9605,3.7906,0,1
9606,4.0748,0,0
9607,3.1651,0,0
9608,3.9111,0,0
9609,3.6233,0,0
9610,4.3272,0,1
9611,3.9568,0,1
9612,1.6299,0,0
9613,2.7663,0,0
9614,1.7411,0,0
9615,2.4535,0,0
9616,4.2035,0,0
9617,4.8654,0,0
9618,5.2788,0,0
9619,3.6660,0,0
9620,2.3226,0,0
9621,2.4717,0,0
9622,2.4100,0,0
9623,2.3433,0,0
9624,4.0220,0,0
9625,4.1878,0,1
9626,4.4350,0,0
9627,4.0248,0,1
9628,4.4268,0,0
9629,2.9299,0,0
9630,3.6305,0,0
9631,4.3767,0,0
9632,4.0932,0,1
9633,4.1323,0,1
9634,1.4344,0,0
9635,2.6542,0,0
9636,1.6846,0,0
9637,2.3809,0,0
9638,4.1596,0,0
9639,4.8366,0,0
9640,5.1343,0,0
9641,3.6004,0,0
9642,2.9833,0,0
9643,2.4357,0,0
9644,2.7803,0,1
9645,2.3333,0,0
9646,4.5371,0,0
9647,4.4402,0,0
9648,4.1715,0,0
9649,4.4047,0,0
9650,4.7447,0,1
9651,3.5670,0,0
9652,3.8980,0,0
9653,5.0535,0,0
9654,4.4004,0,1
9655,5.0436,0,0
9656,1.5647,0,0
9657,2.9047,0,0
9658,2.4353,0,0
9659,1.9892,0,0
9660,4.1291,0,1
9661,5.0967,0,1
9662,5.2918,0,1
9663,3.4252,0,0
9664,2.8098,0,0
9665,2.7810,0,0
9666,2.6551,0,0
9667,2.3932,0,0
9668,4.5782,0,1
9669,4.3945,0,1
9670,4.3008,0,1
9671,4.1109,0,1
9672,3.8559,0,0
9673,2.9307,0,0
9674,3.9380,0,1
9675,3.7940,0,0
9676,4.1236,0,0
9677,4.2697,0,1
9678,1.4151,0,0
9679,2.4951,0,0
9680,1.6558,0,0
9681,2.0920,0,0
9682,4.0479,0,0
9683,4.9444,0,0
9684,5.3441,0,1
9685,3.2854,0,0
9686,2.2536,0,0
9687,2.7776,0,0
9688,2.2929,0,0
9689,2.2133,0,0
9690,4.1321,0,0
9691,4.3979,0,1
9692,4.0162,0,0
9693,4.5575,0,1
9694,4.0057,0,0
9695,2.9743,0,0
9696,4.2181,0,0
9697,4.6251,0,0
9698,4.3927,0,1
9699,4.3244,0,1
9700,1.0317,0,0
9701,2.9868,0,0
9702,2.1459,0,0
9703,2.0882,0,0
9704,4.5215,0,0
9705,4.8377,0,1
9706,5.2643,0,0
9707,3.9116,0,0
9708,2.2787,0,0
9709,2.7246,0,1
9710,2.1453,0,0
9711,2.7977,0,0
9712,4.4164,0,1
9713,4.3134,0,0
9714,4.1084,0,1
9715,4.2555,0,0
9716,4.3153,0,0
9717,3.5571,0,0
9718,4.0565,0,0
9719,4.8516,0,0
9720,4.1022,0,0
9721,3.4842,0,0
9722,1.6069,0,0
9723,3.0608,0,0
9724,2.1516,0,0
9725,2.4936,0,0
9726,4.3581,0,1
9727,4.7647,0,1
9728,4.9115,0,1
9729,4.0199,0,0
9730,2.2643,0,0
9731,2.8419,0,0
9732,2.5900,0,0
9733,2.9562,0,0
9734,4.3744,0,0
9735,4.5836,0,0
9736,3.8382,0,0
9737,4.0027,0,1
9738,4.1673,0,0
9739,3.3251,0,0
9740,3.7364,0,0
9741,3.8952,0,0
9742,3.7061,0,1
9743,4.3582,0,0
9744,1.1774,0,0
9745,2.6302,0,0
9746,1.6236,0,0
9747,2.0621,0,0
9748,4.4065,0,0
9749,4.8159,0,0
9750,5.2934,0,0
9751,3.9433,0,1
9752,2.5280,0,1
9753,2.9825,0,0
9754,2.1027,0,0
9755,2.4065,0,0
9756,4.4993,0,1
9757,4.4171,0,0
9758,3.9588,0,1
9759,4.0907,0,0
9760,3.8070,0,0
9761,3.6278,0,0
9762,3.8155,0,0
9763,4.0767,0,0
9764,4.1097,0,1
9765,3.6362,0,0
9766,1.6735,0,0
9767,3.4669,0,0
9768,2.2495,0,0
9769,2.8225,0,0
9770,4.5514,0,0
9771,5.0602,0,0
9772,5.5190,0,1
9773,3.4984,0,1
9774,3.2752,0,0
9775,3.1387,0,0
9776,2.3010,0,0
9777,2.6761,0,0
9778,4.9388,0,1
9779,4.6437,0,1
9780,4.0528,0,1
9781,4.2948,0,1
9782,3.5708,0,0
9783,3.6644,0,1
9784,3.6954,0,0
9785,4.3356,0,0
9786,4.2631,0,1
9787,2.9608,0,1
9788,1.7608,0,0
9789,3.5958,0,0
9790,2.5493,0,0
9791,2.7335,0,0
9792,4.3233,0,0
9793,5.0485,0,0
9794,5.3215,0,1
9795,4.0984,0,1
9796,2.6125,0,0
9797,3.0637,0,0
9798,2.5409,0,0
9799,2.1910,0,0
9800,4.5705,0,0
9801,4.5173,0,1
9802,4.0309,0,0
9803,4.0419,0,1
9804,4.1430,0,0
9805,4.0087,0,0
9806,3.6428,0,0
9807,4.6001,0,0
9808,4.1144,0,1
9809,2.9104,0,0
9810,2.1230,0,0
9811,3.4025,0,0
9812,3.4468,0,0
9813,2.3223,0,0
9814,3.8100,0,0
9815,4.8761,0,1
9816,5.1578,0,1
9817,3.8165,0,1
9818,2.6461,0,0
9819,2.6752,0,0
9820,2.3134,0,0
9821,1.8601,0,0
9822,3.8925,0,0
9823,4.2729,0,0
9824,3.6410,0,1
9825,3.8972,0,0
9826,4.1248,0,0
9827,3.7130,0,1
9828,3.8730,0,0
9829,4.2568,0,0
9830,4.2410,0,0
9831,2.9990,0,0
9832,1.8166,0,0
9833,2.7753,0,0
9834,2.5012,0,1
9835,1.7698,0,0
9836,4.1208,0,1
9837,4.5553,0,1
9838,4.9913,0,0
9839,3.1209,0,0
9840,2.8003,0,0
9841,2.8722,0,0
9842,2.4429,0,0
9843,2.2713,0,0
9844,4.4800,0,0
9845,4.3676,0,1
9846,3.6219,0,1
9847,3.6573,0,0
9848,4.5524,0,1
9849,3.9125,0,0
9850,4.0825,0,0
9851,4.9175,0,1
9852,4.4522,0,1
9853,4.0209,0,0
9854,1.2080,0,0
9855,3.1555,0,0
9856,2.1316,0,0
9857,2.4342,0,0
9858,3.1913,0,0
9859,4.2119,0,1
9860,4.3342,0,1
9861,3.3146,0,0
9862,1.4060,0,0
9863,1.2630,0,0
9864,0.9877,0,0
9865,0.9093,0,0
9866,2.4787,0,0
9867,1.8851,0,0
9868,2.0296,0,0
9869,1.8054,0,0
9870,0.5382,0,0
9871,0.8815,0,0
9872,1.8461,0,0
9873,1.2573,0,0
9874,1.2573,0,0
9875,3.1459,0,0
9876,0.8408,0,0
9877,1.5241,0,0
9878,3.5773,0,0
9879,2.1122,0,1
9880,3.8995,0,1
9881,0.0000,1,0
9882,0.0000,1,0
9883,0.0000,1,0
9884,1.6998,0,0
9885,3.0300,0,0
9886,2.2350,0,0
9887,2.4067,0,0
9888,3.7954,0,0
9889,4.9580,0,1
9890,5.1843,0,0
9891,3.1843,0,0
9892,1.9777,0,0
9893,2.5791,0,0
9894,2.3929,0,0
9895,1.8763,0,0
9896,4.0136,0,1
9897,3.7262,0,0
9898,3.7854,0,0
9899,4.0956,0,0
9900,4.4975,0,0
9901,3.3458,0,1
9902,3.8381,0,0
9903,3.3807,0,1
9904,3.9694,0,0
9905,3.0447,0,0
9906,1.2614,0,0
9907,2.4659,0,0
9908,1.8365,0,0
9909,1.6790,0,0
9910,3.8684,0,1
9911,4.7787,0,1
9912,4.8756,0,1
9913,4.0479,0,0
9914,2.0995,0,0
9915,2.0877,0,0
9916,2.6028,0,0
9917,2.5167,0,0
9918,4.0069,0,0
9919,3.9842,0,0
9920,3.9218,0,1
9921,4.2154,0,1
9922,4.2200,0,0
9923,3.4918,0,0
9924,3.8952,0,0
9925,3.3906,0,0
9926,3.9961,0,1
9927,4.0077,0,0
9928,1.0097,0,0
9929,1.6921,0,0
9930,1.0005,0,0
9931,1.6444,0,0
9932,3.9096,0,1
9933,4.9684,0,1
9934,4.9728,0,1
9935,4.1490,0,0
9936,2.5564,0,0
9937,2.4512,0,0
9938,2.4518,0,0
9939,2.5732,0,0
9940,4.5512,0,0
9941,4.3312,0,0
9942,3.7439,0,0
9943,4.1125,0,0
9944,4.5390,0,0
9945,3.9712,0,0
9946,3.7718,0,0
9947,4.7519,0,0
9948,4.1965,0,1
9949,3.3571,0,0
9950,0.8135,0,0
9951,2.2381,0,0
9952,1.6454,0,0
9953,1.5513,0,0
9954,3.5283,0,0
9955,4.8019,0,1
9956,4.8831,0,0
9957,3.3207,0,0
9958,2.9053,0,0
9959,3.0222,0,1
9960,2.7395,0,0
9961,2.4608,0,0
9962,4.6939,0,1
9963,4.5483,0,0
9964,3.8050,0,0
9965,4.0591,0,1
9966,4.5765,0,0
9967,3.5300,0,0
9968,3.7320,0,0
9969,4.2435,0,0
9970,4.0504,0,1
9971,4.2050,0,0
9972,0.4729,0,0
9973,1.2242,0,0
9974,0.6227,0,0
9975,1.0362,0,0
9976,3.1994,0,0
9977,3.8643,0,1
9978,3.6496,0,0
9979,3.4278,0,0
9980,1.9094,0,0
9981,2.5016,0,0
9982,2.7686,0,1
9983,2.8838,0,0
9984,4.0621,0,0
9985,4.2669,0,0
9986,3.5323,0,0
9987,4.0578,0,1
9988,4.3818,0,0
9989,4.0230,0,0
9990,3.5866,0,0
9991,4.0293,0,0
9992,3.9061,0,1
9993,4.3426,0,0
9994,0.3088,0,0
9995,0.8731,0,0
9996,0.4807,0,0
9997,0.7041,0,0
9998,2.2862,0,0
9999,2.3854,0,1
10000,2.4601,0,0
10001,2.2534,0,0
10002,1.6346,0,0
10003,2.6689,0,0
10004,2.6019,0,0
10005,2.0825,0,0
10006,4.0158,0,0
10007,4.2199,0,1
10008,2.6039,0,0
10009,2.7722,0,1
10010,3.3220,0,0
10011,3.4332,0,0
10012,2.5336,0,0
10013,4.1680,0,0
10014,3.7636,0,0
10015,4.5980,0,1
10016,0.2020,0,0
10017,0.4973,0,0
10018,0.2554,0,0
10019,0.3499,0,0
10020,0.8552,0,0
10021,0.2798,0,0
10022,0.7167,0,0
10023,0.4538,0,0
10024,0.0000,1,0
10025,0.0000,1,0
10026,0.0000,1,0
10027,0.0000,1,0
10028,0.0000,1,0
10029,0.0000,1,0
10030,0.0000,1,0
10031,0.0000,1,0
10032,0.0000,1,0
10033,0.0000,1,0
10034,0.0000,1,0
10035,0.2142,0,0
10036,0.0000,1,0
10037,0.0000,1,0
10038,0.3743,0,0
10039,0.3088,0,0
10040,0.3621,0,0
10041,0.2142,0,0
10042,1.1361,0,0
10043,1.6210,0,0
10044,1.5736,0,0
10045,1.2378,0,0
10046,0.4729,0,0
10047,0.3621,0,0
10048,1.9960,0,0
10049,0.3210,0,0
10050,2.8536,0,0
10051,2.6905,0,0
10052,2.0599,0,0
10053,2.3814,0,0
10054,0.0000,1,0
10055,0.2142,0,0
10056,1.3025,0,0
10057,4.0040,0,1
10058,0.9247,0,0
10059,2.2460,0,0
10060,1.6238,0,0
10061,1.5116,0,0
10062,2.9388,0,0
10063,3.5020,0,0
10064,3.8413,0,0
10065,2.6262,0,0
10066,2.1765,0,0
10067,2.3048,0,0
10068,2.5587,0,0
10069,2.0784,0,0
10070,4.1437,0,0
10071,3.7147,0,0
10072,3.3977,0,0
10073,3.8343,0,1
10074,4.2863,0,0
10075,3.5012,0,0
10076,3.8577,0,0
10077,4.3323,0,0
10078,4.3186,0,0
10079,5.0395,0,0
10080,1.1688,0,0
10081,2.3369,0,0
10082,1.9135,0,0
10083,1.5141,0,0
10084,3.1603,0,0
10085,3.6365,0,1
10086,4.0659,0,0
10087,2.9966,0,0
10088,2.2453,0,0
10089,2.8964,0,0
10090,2.4068,0,0
10091,1.8442,0,0
10092,4.0768,0,1
10093,4.2438,0,1
10094,3.1907,0,0
10095,4.0204,0,0
10096,2.9058,0,0
10097,2.0532,0,0
10098,3.4927,0,1
10099,4.1277,0,0
10100,3.7162,0,0
10101,4.4956,0,1
10102,1.1841,0,0
10103,2.2073,0,0
10104,1.8268,0,0
10105,1.5282,0,0
10106,3.6080,0,0
10107,4.2909,0,1
10108,5.1398,0,0
10109,2.3379,0,0
10110,2.7164,0,0
10111,2.1015,0,0
10112,2.3129,0,0
10113,2.0647,0,0
10114,4.1773,0,0
10115,3.9696,0,0
10116,3.8049,0,0
10117,4.3121,0,1
10118,3.5063,0,0
10119,2.6684,0,0
10120,4.0522,0,0
10121,3.9428,0,0
10122,4.1802,0,0
10123,4.1933,0,0
10124,1.2311,0,0
10125,2.0728,0,0
10126,1.4309,0,0
10127,1.9541,0,0
10128,3.6639,0,1
10129,4.2714,0,0
10130,4.7720,0,1
10131,3.1150,0,0
10132,2.2075,0,0
10133,2.9804,0,0
10134,1.9450,0,0
10135,2.5345,0,0
10136,4.0098,0,1
10137,4.2241,0,1
10138,3.6865,0,0
10139,3.7791,0,0
10140,3.1664,0,0
10141,2.4620,0,0
10142,4.0724,0,0
10143,4.5203,0,1
10144,3.7893,0,0
10145,3.7835,0,0
10146,0.8812,0,0
10147,2.2841,0,0
10148,1.0095,0,0
10149,1.9877,0,0
10150,3.7411,0,0
10151,4.4670,0,1
10152,4.6620,0,0
10153,3.4449,0,0
10154,2.0614,0,0
10155,2.6383,0,0
10156,2.2119,0,0
10157,2.2124,0,0
10158,4.0194,0,1
10159,3.9395,0,0
10160,3.9644,0,1
10161,4.2474,0,1
10162,3.6771,0,1
10163,2.8600,0,0
10164,3.9489,0,0
10165,3.5297,0,0
10166,4.1618,0,1
10167,3.2303,0,0
10168,1.0795,0,0
10169,2.0166,0,0
10170,1.2501,0,0
10171,1.6331,0,0
10172,3.8752,0,0
10173,4.4604,0,1
10174,4.5309,0,0
10175,3.8786,0,1
10176,2.6523,0,0
10177,2.7926,0,0
10178,1.8418,0,0
10179,2.5817,0,0
10180,4.3568,0,0
10181,4.0104,0,1
10182,3.4393,0,0
10183,3.7766,0,0
10184,3.4885,0,0
10185,2.6211,0,0
10186,3.9335,0,0
10187,4.7120,0,0
10188,3.7892,0,0
10189,4.2593,0,0
10190,0.6319,0,0
10191,1.5595,0,0
10192,1.2721,0,0
10193,1.0475,0,0
10194,2.3971,0,0
10195,3.5816,0,0
10196,3.7780,0,0
10197,2.3524,0,0
10198,0.7163,0,0
10199,0.5049,0,0
10200,0.5332,0,0
10201,0.4517,0,0
10202,1.3680,0,0
10203,0.8707,0,0
10204,1.5837,0,0
10205,1.0451,0,0
10206,0.1607,0,0
10207,0.2142,0,0
10208,1.8443,0,0
10209,0.3210,0,0
10210,0.4153,0,0
10211,1.3647,0,0
10212,1.0570,0,0
10213,1.0436,0,0
10214,3.4972,0,0
10215,2.7375,0,1
10216,2.6900,0,0
10217,0.0000,1,0
10218,0.0000,1,0
10219,0.0000,1,0
10220,1.4360,0,0
10221,1.9892,0,0
10222,1.0043,0,0
10223,1.9373,0,0
10224,3.4106,0,1
10225,4.8874,0,0
10226,4.8126,0,0
10227,3.5218,0,0
10228,2.9272,0,0
10229,2.8201,0,0
10230,2.5845,0,0
10231,2.5594,0,0
10232,4.3051,0,1
10233,4.6932,0,0
10234,3.7571,0,0
10235,3.8694,0,0
10236,4.0775,0,0
10237,3.4516,0,0
10238,4.1271,0,1
10239,4.3438,0,0
10240,4.1507,0,1
10241,4.2971,0,0
10242,1.5254,0,0
10243,2.1395,0,0
10244,1.6369,0,0
10245,1.8159,0,0
10246,3.5558,0,0
10247,4.7899,0,0
10248,4.6893,0,0
10249,3.9589,0,1
10250,2.6292,0,0
10251,2.2020,0,0
10252,2.2100,0,0
10253,2.5217,0,0
10254,4.1147,0,1
10255,3.9769,0,0
10256,3.7914,0,1
10257,3.7309,0,1
10258,3.6891,0,0
10259,2.8654,0,0
10260,3.9343,0,1
10261,4.3079,0,0
10262,3.8841,0,1
10263,3.7359,0,0
10264,1.2721,0,0
10265,1.6834,0,0
10266,1.5504,0,0
10267,1.1730,0,0
10268,3.1730,0,0
10269,4.8671,0,1
10270,4.8111,0,1
10271,3.6675,0,0
10272,2.5593,0,0
10273,2.7791,0,0
10274,2.4074,0,0
10275,2.5103,0,0
10276,4.4216,0,0
10277,4.0892,0,0
10278,3.8526,0,1
10279,4.2508,0,0
10280,4.0090,0,0
10281,3.2711,0,0
10282,3.9640,0,0
10283,5.1748,0,1
10284,4.2301,0,1
10285,4.5873,0,0
10286,1.4067,0,0
10287,2.3900,0,0
10288,1.6815,0,0
10289,1.9841,0,0
10290,3.5211,0,0
10291,4.6653,0,1
10292,4.6433,0,0
10293,3.4362,0,1
10294,2.9319,0,0
10295,3.0507,0,1
10296,2.6844,0,0
10297,2.0596,0,0
10298,4.4208,0,1
10299,4.6347,0,0
10300,3.9604,0,1
10301,3.6813,0,0
10302,4.3829,0,0
10303,3.7430,0,0
10304,3.9692,0,0
10305,4.7620,0,0
10306,4.3886,0,1
10307,4.7349,0,1
10308,0.6924,0,0
10309,1.2253,0,0
10310,0.8707,0,0
10311,0.9946,0,0
10312,3.0336,0,0
10313,4.1842,0,0
10314,4.3471,0,0
10315,2.6534,0,0
10316,2.0661,0,0
10317,2.0983,0,0
10318,1.9747,0,0
10319,2.2272,0,0
10320,3.5469,0,0
10321,3.8807,0,1
10322,3.2058,0,1
10323,3.4144,0,0
10324,3.6572,0,0
10325,2.6708,0,1
10326,3.0834,0,0
10327,4.0227,0,1
10328,3.3195,0,1
10329,3.6638,0,0
10330,0.5458,0,0
10331,1.1427,0,0
10332,0.4759,0,0
10333,1.2094,0,0
10334,2.7836,0,0
10335,3.4953,0,0
10336,3.3952,0,0
10337,2.7498,0,0
10338,1.9587,0,0
10339,1.8597,0,0
10340,2.1963,0,0
10341,2.1178,0,0
10342,3.5068,0,1
10343,3.5016,0,1
10344,3.3481,0,0
10345,3.5590,0,1
10346,3.3454,0,0
10347,2.8707,0,0
10348,3.2178,0,0
10349,3.8164,0,0
10350,3.5821,0,0
10351,3.4325,0,0
10352,0.7433,0,0
10353,1.6897,0,0
10354,0.8791,0,0
10355,1.6782,0,0
10356,2.7021,0,1
10357,3.4241,0,1
10358,3.5937,0,0
10359,2.6387,0,0
10360,1.5905,0,0
10361,1.6289,0,0
10362,1.6580,0,0
10363,1.6347,0,0
10364,2.9849,0,0
10365,2.9743,0,0
10366,3.2206,0,0
10367,3.1504,0,1
10368,2.8437,0,0
10369,2.4255,0,0
10370,3.0629,0,0
10371,2.7767,0,1
10372,3.1241,0,1
10373,3.0866,0,0
10374,0.6227,0,0
10375,1.2239,0,0
10376,0.4153,0,0
10377,1.2728,0,0
10378,2.0187,0,0
10379,2.8398,0,1
10380,2.7557,0,0
10381,1.8782,0,0
10382,1.2650,0,0
10383,1.4706,0,0
10384,1.5233,0,0
10385,1.3568,0,0
10386,2.3381,0,0
10387,2.6657,0,0
10388,3.5350,0,0
10389,3.2399,0,0
10390,3.4061,0,0
10391,2.8328,0,0
10392,3.4586,0,0
10393,2.4196,0,0
10394,3.5240,0,0
10395,2.6952,0,0
10396,0.5424,0,0
10397,1.6961,0,0
10398,0.8951,0,0
10399,1.3357,0,0
10400,1.8357,0,0
10401,2.9574,0,0
10402,2.9275,0,0
10403,1.8843,0,0
10404,0.9879,0,0
10405,1.3745,0,0
10406,1.4405,0,0
10407,1.4679,0,0
10408,2.4251,0,0
10409,2.2954,0,0
10410,2.8350,0,0
10411,2.4672,0,0
10412,2.7293,0,0
10413,1.8222,0,0
10414,3.0813,0,0
10415,2.2298,0,0
10416,2.7663,0,0
10417,1.7772,0,0
10418,0.5866,0,0
10419,1.3332,0,0
10420,0.5217,0,0
10421,1.3105,0,0
10422,1.8285,0,0
10423,3.2254,0,0
10424,2.6858,0,0
10425,2.5018,0,0
10426,1.2302,0,0
10427,1.8731,0,1
10428,1.7959,0,0
10429,1.3797,0,0
10430,3.0283,0,0
10431,2.7284,0,0
10432,2.9364,0,0
10433,3.2847,0,1
10434,3.4706,0,1
10435,2.4533,0,0
10436,2.9492,0,0
10437,3.6600,0,0
10438,3.3850,0,1
10439,2.8464,0,1
10440,1.1192,0,0
10441,1.8642,0,0
10442,1.1365,0,0
10443,1.7538,0,0
10444,2.2755,0,0
10445,3.6370,0,0
10446,3.3098,0,0
10447,2.6661,0,0
10448,1.5313,0,0
10449,2.1360,0,0
10450,2.0071,0,0
10451,1.4357,0,0
10452,3.3870,0,0
10453,3.2929,0,0
10454,3.8208,0,1
10455,3.7680,0,0
10456,3.3416,0,0
10457,2.8844,0,0
10458,2.9552,0,0
10459,3.6732,0,0
10460,3.1955,0,1
10461,3.2348,0,0
10462,0.8842,0,0
10463,2.3120,0,0
10464,1.7394,0,0
10465,1.5722,0,0
10466,2.5623,0,0
10467,3.6228,0,1
10468,3.6240,0,0
10469,2.6212,0,0
10470,1.6099,0,0
10471,2.4126,0,0
10472,1.8639,0,0
10473,1.8248,0,0
10474,3.4126,0,0
10475,3.3461,0,0
10476,3.6576,0,1
10477,3.8983,0,1
10478,3.9545,0,0
10479,2.8354,0,0
10480,3.6889,0,0
10481,3.1318,0,0
10482,4.3359,0,0
10483,4.1334,0,1
10484,1.4193,0,0
10485,2.1588,0,0
10486,1.7031,0,0
10487,1.8141,0,0
10488,3.4465,0,0
10489,4.2736,0,0
10490,4.6137,0,1
10491,2.7476,0,0
10492,2.8166,0,0
10493,2.4219,0,0
10494,2.1088,0,0
10495,1.9612,0,0
10496,4.0196,0,0
10497,4.1113,0,1
10498,4.2676,0,1
10499,4.0510,0,1
10500,3.8468,0,1
10501,2.2320,0,0
10502,3.6698,0,0
10503,4.1666,0,0
10504,3.5577,0,1
10505,3.7920,0,0
10506,1.1068,0,0
10507,2.7563,0,0
10508,1.8742,0,0
10509,2.2062,0,0
10510,3.8959,0,0
10511,4.4322,0,0
10512,4.7539,0,1
10513,3.4279,0,0
10514,2.3723,0,0
10515,2.3059,0,0
10516,2.1641,0,0
10517,1.9044,0,0
10518,3.8648,0,0
10519,3.8637,0,1
10520,3.9601,0,0
10521,4.2883,0,1
10522,3.9045,0,0
10523,2.4596,0,0
10524,3.6997,0,0
10525,4.0681,0,0
10526,3.7905,0,1
10527,3.1704,0,0
10528,1.4652,0,0
10529,2.5841,0,0
10530,1.7230,0,0
10531,2.3513,0,0
10532,3.7341,0,0
10533,4.8238,0,1
10534,5.1563,0,1
10535,3.1721,0,0
10536,2.8004,0,0
10537,2.9605,0,0
10538,2.2427,0,0
10539,2.0300,0,0
10540,4.2990,0,0
10541,4.4906,0,0
10542,4.0849,0,1
10543,4.0805,0,1
10544,3.6603,0,0
10545,2.8116,0,0
10546,3.6597,0,1
10547,4.4593,0,0
10548,3.6942,0,1
10549,3.9043,0,0
10550,1.4780,0,0
10551,2.5355,0,0
10552,2.0114,0,0
10553,1.8544,0,0
10554,3.7548,0,0
10555,4.3970,0,1
10556,4.7373,0,1
10557,3.3824,0,0
10558,2.9570,0,0
10559,2.7279,0,0
10560,2.6620,0,0
10561,2.2195,0,0
10562,4.3619,0,1
10563,4.5424,0,0
10564,4.1810,0,1
10565,4.2278,0,1
10566,3.9115,0,0
10567,3.3699,0,0
10568,3.9167,0,1
10569,4.5678,0,0
10570,4.0324,0,1
10571,4.1242,0,0
10572,1.1161,0,0
10573,2.6803,0,0
10574,1.8408,0,0
10575,2.1266,0,0
10576,3.2548,0,0
10577,5.0001,0,1
10578,5.1362,0,1
10579,3.3054,0,0
10580,1.6005,0,0
10581,1.9757,0,0
10582,2.9778,0,1
10583,1.3414,0,0
10584,4.1834,0,1
10585,4.5412,0,0
10586,4.1353,0,1
10587,4.2206,0,0
10588,1.8250,0,1
10589,2.0337,0,0
10590,3.5105,0,0
10591,0.0000,1,0
10592,0.0000,1,0
10593,1.6886,0,0
10594,2.9323,0,0
10595,2.4486,0,0
10596,1.8752,0,0
10597,3.6381,0,0
10598,4.7571,0,1
10599,4.9528,0,0
10600,3.1394,0,0
10601,2.8069,0,0
10602,3.0018,0,0
10603,2.0715,0,1
10604,2.5039,0,0
10605,4.4903,0,0
10606,4.2976,0,0
10607,3.5804,0,1
10608,3.7394,0,0
10609,3.1241,0,0
10610,2.7934,0,0
10611,3.9088,0,0
10612,4.0862,0,0
10613,3.9364,0,0
10614,3.7562,0,0
10615,0.9306,0,0
10616,2.3041,0,0
10617,1.6491,0,0
10618,1.7797,0,0
10619,3.6088,0,1
10620,4.4938,0,0
10621,4.7474,0,1
10622,3.0164,0,0
10623,2.1619,0,0
10624,2.0746,0,0
10625,2.2500,0,0
10626,2.4887,0,0
10627,3.8252,0,0
10628,3.9387,0,0
10629,4.2069,0,1
10630,3.9413,0,1
10631,3.9870,0,0
10632,2.6561,0,0
10633,3.7632,0,1
10634,4.3297,0,0
10635,4.2643,0,0
10636,3.3421,0,0
10637,1.6159,0,0
10638,3.0784,0,0
10639,2.0624,0,0
10640,2.5483,0,0
10641,3.8948,0,1
10642,4.3709,0,1
10643,4.8437,0,0
10644,3.2587,0,0
10645,2.0691,0,0
10646,2.3258,0,0
10647,2.1029,0,0
10648,1.8186,0,0
10649,3.6556,0,0
10650,3.6833,0,0
10651,4.2014,0,1
10652,4.1192,0,1
10653,4.0191,0,0
10654,3.1449,0,0
10655,3.8233,0,0
10656,3.6403,0,0
10657,3.9457,0,1
10658,3.1925,0,0
10659,1.5484,0,0
10660,2.5375,0,0
10661,2.2198,0,0
10662,1.4342,0,0
10663,3.6068,0,0
10664,4.1486,0,0
10665,4.4961,0,0
10666,3.3314,0,1
10667,2.5160,0,0
10668,2.6819,0,0
10669,2.5877,0,0
10670,1.9864,0,0
10671,4.4439,0,0
10672,4.1333,0,0
10673,3.8982,0,1
10674,4.0183,0,0
10675,4.0555,0,0
10676,3.1104,0,0
10677,3.9327,0,0
10678,3.9411,0,0
10679,3.8713,0,0
10680,3.7338,0,0
10681,1.4089,0,0
10682,2.9369,0,0
10683,1.8638,0,0
10684,2.3207,0,0
10685,4.1506,0,1
10686,4.6862,0,1
10687,4.9063,0,1
10688,3.7758,0,1
10689,2.7905,0,0
10690,2.6235,0,1
10691,2.4825,0,0
10692,2.3315,0,0
10693,4.4410,0,0
10694,4.2724,0,0
10695,3.9747,0,0
10696,3.6469,0,0
10697,4.6284,0,0
10698,3.8151,0,0
10699,4.0259,0,1
10700,4.1365,0,0
10701,3.6687,0,0
10702,3.9580,0,0
10703,1.2810,0,0
10704,3.0594,0,0
10705,2.0262,0,0
10706,2.4581,0,0
10707,4.0171,0,1
10708,4.7376,0,0
10709,4.9438,0,1
10710,3.6709,0,1
10711,2.6005,0,0
10712,2.8293,0,0
10713,2.6695,0,0
10714,2.4326,0,0
10715,4.5054,0,0
10716,4.5421,0,0
10717,3.7854,0,0
10718,4.2226,0,0
10719,4.1320,0,1
10720,3.7204,0,0
10721,3.7249,0,0
10722,4.0995,0,0
10723,4.2226,0,1
10724,4.4462,0,0
10725,1.7720,0,0
10726,2.8863,0,0
10727,1.7045,0,0
10728,2.6842,0,0
10729,4.0422,0,0
10730,4.2401,0,1
10731,4.6198,0,0
10732,3.7361,0,0
10733,2.4281,0,0
10734,2.7156,0,0
10735,2.6510,0,0
10736,2.1853,0,0
10737,4.4648,0,1
10738,4.1255,0,0
10739,3.5811,0,1
10740,4.1098,0,0
10741,3.9345,0,0
10742,3.5349,0,0
10743,3.6825,0,0
10744,4.4363,0,0
10745,4.0592,0,0
10746,3.5490,0,0
10747,1.3644,0,0
10748,3.3582,0,0
10749,2.5070,0,1
10750,2.2612,0,0
10751,4.0668,0,0
10752,4.6911,0,1
10753,4.8856,0,1
10754,3.7071,0,0
10755,2.6309,0,0
10756,2.5120,0,0
10757,3.0825,0,1
10758,2.9274,0,0
10759,4.7723,0,1
10760,4.5078,0,1
10761,3.9879,0,1
10762,4.1819,0,1
10763,4.1804,0,0
10764,3.6832,0,0
10765,4.0561,0,0
10766,4.7107,0,0
10767,4.2552,0,0
10768,3.8592,0,0
10769,1.8323,0,0
10770,2.7673,0,0
10771,2.0511,0,1
10772,2.1176,0,0
10773,4.2146,0,0
10774,4.6566,0,1
10775,5.1451,0,0
10776,3.6586,0,0
10777,2.8280,0,0
10778,2.7716,0,0
10779,2.4772,0,0
10780,2.6408,0,0
10781,4.5264,0,0
10782,4.4220,0,0
10783,4.2388,0,1
10784,4.2230,0,1
10785,3.9731,0,1
10786,3.4820,0,0
10787,4.1557,0,1
10788,4.2706,0,0
10789,4.0032,0,0
10790,3.9913,0,0
10791,1.9580,0,0
10792,3.1995,0,0
10793,2.5250,0,1
10794,2.7643,0,1
10795,4.2798,0,0
10796,4.8473,0,1
10797,5.2120,0,0
10798,3.8259,0,0
10799,2.1266,0,0
10800,2.7402,0,0
10801,2.0611,0,0
10802,2.0801,0,0
10803,3.9150,0,1
10804,4.1548,0,0
10805,4.3961,0,1
10806,4.3762,0,1
10807,4.0924,0,0
10808,3.2745,0,0
10809,4.0222,0,0
10810,3.6119,0,0
10811,4.0089,0,0
10812,2.4860,0,0
10813,1.6999,0,0
10814,3.0994,0,0
10815,2.1951,0,0
10816,2.5486,0,1
10817,4.1920,0,0
10818,4.6228,0,0
10819,5.1121,0,0
10820,3.5659,0,0
10821,2.6306,0,0
10822,3.1948,0,0
10823,2.3968,0,0
10824,2.1305,0,0
10825,4.5541,0,0
10826,4.3721,0,0
10827,4.2136,0,1
10828,4.3691,0,1
10829,4.4987,0,0
10830,3.3247,0,0
10831,3.9701,0,0
10832,3.6007,0,0
10833,4.1609,0,1
10834,4.1381,0,1
10835,1.8212,0,0
10836,2.1036,0,0
10837,1.4956,0,0
10838,2.0518,0,0
10839,3.9117,0,0
10840,4.2700,0,1
10841,4.8388,0,0
10842,3.1638,0,0
10843,2.3189,0,0
10844,2.5067,0,0
10845,2.2290,0,0
10846,2.3558,0,0
10847,4.0847,0,0
10848,4.0676,0,0
10849,4.1949,0,0
10850,4.2203,0,1
10851,4.1824,0,1
10852,3.0114,0,0
10853,4.1099,0,0
10854,3.9655,0,0
10855,3.9062,0,1
10856,3.0740,0,0
10857,0.8585,0,0
10858,1.9450,0,0
10859,1.4810,0,0
10860,1.2600,0,0
10861,2.9089,0,0
10862,4.4036,0,0
10863,4.4392,0,0
10864,2.7368,0,0
10865,0.4805,0,0
10866,0.3863,0,0
10867,0.5744,0,0
10868,0.3453,0,0
10869,1.0447,0,0
10870,0.7358,0,0
10871,1.2214,0,0
10872,0.9683,0,0
10873,0.0000,1,0
10874,0.0000,1,0
10875,1.7404,0,0
10876,0.0000,1,0
10877,0.0000,1,0
10878,0.9340,0,0
10879,0.8821,0,0
10880,0.8821,0,0
10881,3.1084,0,0
10882,2.7107,0,1
10883,2.4117,0,0
10884,0.0000,1,0
10885,0.0000,1,0
10886,0.0000,1,0
10887,1.1084,0,0
10888,0.9918,0,0
10889,1.0040,0,0
10890,2.0029,0,0
10891,2.9631,0,0
10892,2.5938,0,0
10893,2.1864,0,0
10894,3.9436,0,0
10895,4.8433,0,1
10896,5.0225,0,1
10897,3.7158,0,0
10898,2.8274,0,0
10899,2.6501,0,0
10900,2.4189,0,0
10901,2.4982,0,0
10902,4.5206,0,0
10903,4.4072,0,0
10904,4.3844,0,1
10905,3.7810,0,1
10906,4.0993,0,0
10907,3.6017,0,0
10908,4.1239,0,0
10909,3.9301,0,0
10910,4.2141,0,1
10911,4.0253,0,0
10912,1.5281,0,0
10913,2.5850,0,0
10914,2.1824,0,0
10915,1.8483,0,0
10916,3.8988,0,0
10917,4.3952,0,0
10918,4.5843,0,0
10919,3.6301,0,0
10920,2.2746,0,0
10921,2.3102,0,0
10922,2.4349,0,0
10923,1.9841,0,0
10924,4.1504,0,1
10925,3.8576,0,1
10926,4.3607,0,1
10927,4.4826,0,1
10928,4.5533,0,1
10929,3.2943,0,0
10930,4.2369,0,0
10931,2.8825,0,0
10932,4.0766,0,1
10933,3.9834,0,0
10934,1.8142,0,0
10935,2.6745,0,0
10936,2.5824,0,0
10937,1.4354,0,0
10938,3.8146,0,0
10939,4.6323,0,1
10940,4.7558,0,0
10941,3.5033,0,0
10942,2.3231,0,0
10943,2.3377,0,0
10944,2.7465,0,0
10945,2.5400,0,0
10946,4.1733,0,0
10947,4.3146,0,0
10948,4.1106,0,1
10949,4.1168,0,0
10950,3.5224,0,0
10951,3.5719,0,0
10952,3.9374,0,0
10953,3.8347,0,0
10954,3.9632,0,1
10955,3.3255,0,0
10956,1.6437,0,0
10957,2.7613,0,0
10958,2.3761,0,0
10959,1.9081,0,0
10960,3.4395,0,1
10961,4.6883,0,1
10962,4.7336,0,1
10963,3.4209,0,0
10964,2.4453,0,0
10965,2.3923,0,0
10966,2.2540,0,0
10967,2.4220,0,0
10968,4.2731,0,0
10969,4.1949,0,1
10970,4.1318,0,0
10971,3.9351,0,1
10972,4.0371,0,1
10973,3.5210,0,0
10974,4.2574,0,1
10975,3.2605,0,0
10976,3.7955,0,0
10977,3.2319,0,0
10978,1.4143,0,0
10979,2.7362,0,0
10980,2.0512,0,0
10981,1.8134,0,0
10982,3.3776,0,0
10983,5.0147,0,1
10984,4.9545,0,0
10985,3.5715,0,0
10986,2.0828,0,0
10987,2.6512,0,0
10988,1.9432,0,0
10989,1.7947,0,0
10990,3.9201,0,0
10991,3.7662,0,0
10992,4.1464,0,0
10993,3.6172,0,0
10994,3.7394,0,0
10995,3.1457,0,0
10996,3.9215,0,1
10997,3.7965,0,0
10998,3.6340,0,1
10999,3.2732,0,1
11000,1.6779,0,0
11001,3.2394,0,0
11002,2.5513,0,0
11003,2.1503,0,0
11004,3.7510,0,0
11005,4.8161,0,1
11006,4.9775,0,1
11007,3.5216,0,0
11008,2.6076,0,0
11009,3.0023,0,0
11010,2.2851,0,0
11011,2.0270,0,0
11012,4.5080,0,0
11013,4.4028,0,1
11014,4.2913,0,0
11015,4.1810,0,0
11016,4.1356,0,0
11017,3.4914,0,0
11018,3.6869,0,0
11019,3.8245,0,0
11020,3.7747,0,1
11021,4.2721,0,1
11022,1.3753,0,0
11023,3.4525,0,0
11024,2.3586,0,0
11025,2.5210,0,0
11026,3.8528,0,1
11027,5.0637,0,1
11028,5.0180,0,0
11029,3.7733,0,0
11030,2.2695,0,0
11031,2.4379,0,0
11032,2.4553,0,0
11033,1.9709,0,0
11034,3.9796,0,0
11035,4.1018,0,0
11036,4.1705,0,1
11037,4.2412,0,1
11038,4.2023,0,0
11039,3.0226,0,0
11040,4.0457,0,0
11041,4.2944,0,1
11042,4.3410,0,1
11043,4.2233,0,1
11044,1.5819,0,0
11045,3.2494,0,0
11046,2.5370,0,0
11047,2.4433,0,0
11048,4.3047,0,0
11049,4.5819,0,0
11050,5.2272,0,1
11051,3.4099,0,0
11052,2.8451,0,0
11053,3.1117,0,0
11054,2.3244,0,0
11055,2.2230,0,0
11056,4.4602,0,1
11057,4.7183,0,1
11058,4.5093,0,1
11059,4.6639,0,1
11060,4.3122,0,1
11061,3.3122,0,0
11062,3.7831,0,0
11063,5.2238,0,0
11064,4.9045,0,1
11065,4.3452,0,1
11066,1.5094,0,0
11067,2.3103,0,0
11068,1.8023,0,0
11069,1.8036,0,0
11070,3.7662,0,0
11071,4.8894,0,1
11072,5.2640,0,1
11073,3.0335,0,1
11074,2.7415,0,0
11075,2.4883,0,0
11076,2.1873,0,0
11077,2.0395,0,0
11078,4.3681,0,0
11079,4.0345,0,1
11080,4.2383,0,0
11081,4.1062,0,0
11082,4.2193,0,0
11083,3.4019,0,0
11084,3.5905,0,0
11085,4.9577,0,0
11086,4.8756,0,1
11087,4.2890,0,1
11088,1.3326,0,0
11089,2.8894,0,0
11090,2.0551,0,0
11091,2.1559,0,0
11092,3.9014,0,1
11093,4.6881,0,1
11094,5.0337,0,0
11095,3.3308,0,1
11096,2.5904,0,0
11097,2.9161,0,0
11098,2.4456,0,0
11099,2.0825,0,0
11100,4.6013,0,1
11101,4.2732,0,1
11102,4.4629,0,1
11103,4.7580,0,1
11104,4.2749,0,1
11105,3.2758,0,0
11106,3.7102,0,0
11107,4.7438,0,0
11108,4.3769,0,0
11109,3.6403,0,0
11110,1.0123,0,0
11111,2.6687,0,0
11112,1.6109,0,0
11113,2.1872,0,0
11114,3.9414,0,0
11115,4.9429,0,1
11116,4.9746,0,0
11117,3.6284,0,0
11118,2.5135,0,0
11119,2.9410,0,0
11120,2.2882,0,0
11121,2.0306,0,0
11122,4.2596,0,1
11123,4.4665,0,1
11124,4.3638,0,0
11125,4.6605,0,1
11126,4.2368,0,0
11127,3.1892,0,0
11128,3.9458,0,0
11129,4.7768,0,0
11130,4.1634,0,0
11131,3.8030,0,0
11132,1.0908,0,0
11133,2.8592,0,0
11134,2.2447,0,0
11135,1.8565,0,0
11136,4.2133,0,0
11137,4.6510,0,1
11138,5.0182,0,1
11139,3.6604,0,1
11140,2.4289,0,0
11141,2.6412,0,0
11142,2.2506,0,0
11143,2.3100,0,1
11144,4.7196,0,1
11145,3.9317,0,0
11146,4.5018,0,1
11147,4.6322,0,0
11148,4.1829,0,1
11149,3.3097,0,0
11150,4.2933,0,0
11151,4.1088,0,0
11152,4.1484,0,1
11153,3.5273,0,1
11154,0.8373,0,0
11155,2.5193,0,0
11156,1.6436,0,0
11157,1.9136,0,0
11158,3.9731,0,0
11159,4.0801,0,1
11160,4.8145,0,0
11161,3.1070,0,0
11162,1.7555,0,0
11163,1.9024,0,0
11164,2.6285,0,0
11165,1.1358,0,0
11166,3.8116,0,1
11167,3.9551,0,1
11168,4.1988,0,0
11169,4.1031,0,0
11170,0.0000,1,0
11171,0.2142,0,0
11172,3.5485,0,0
11173,0.0000,1,0
11174,0.0000,1,0
11175,1.5554,0,0
11176,2.7384,0,0
11177,2.1681,0,0
11178,2.1369,0,0
11179,4.0878,0,0
11180,4.4606,0,1
11181,5.0268,0,0
11182,3.0890,0,0
11183,1.8708,0,0
11184,2.2339,0,0
11185,2.4354,0,0
11186,2.2209,0,0
11187,3.9912,0,1
11188,3.6943,0,0
11189,4.2857,0,1
11190,4.4359,0,0
11191,3.8025,0,0
11192,3.2700,0,0
11193,3.9630,0,0
11194,4.0569,0,0
11195,3.8292,0,0
11196,2.3458,0,0
11197,1.4160,0,0
11198,2.4059,0,0
11199,1.6187,0,0
11200,2.0342,0,0
11201,3.7601,0,0
11202,4.2921,0,0
11203,4.4142,0,0
11204,3.5780,0,0
11205,2.3098,0,1
11206,2.6034,0,0
11207,2.2735,0,0
11208,2.0050,0,0
11209,4.2078,0,1
11210,4.0127,0,1
11211,4.3432,0,1
11212,4.3019,0,1
11213,4.1055,0,1
11214,3.3768,0,0
11215,4.0994,0,0
11216,4.8610,0,1
11217,4.0507,0,0
11218,2.5331,0,0
11219,1.6026,0,0
11220,2.7885,0,0
11221,2.1663,0,0
11222,2.1207,0,0
11223,3.9703,0,1
11224,4.6563,0,0
11225,4.9012,0,1
11226,3.6551,0,1
11227,2.1826,0,0
11228,2.5728,0,0
11229,2.0244,0,0
11230,2.0902,0,0
11231,4.0055,0,1
11232,3.6337,0,1
11233,4.4576,0,0
11234,4.5036,0,0
11235,3.9853,0,0
11236,3.1234,0,0
11237,4.1045,0,0
11238,4.0709,0,0
11239,3.9155,0,0
11240,2.7465,0,0
11241,1.4008,0,0
11242,2.5557,0,0
11243,1.6402,0,0
11244,2.0906,0,0
11245,4.1443,0,0
11246,4.1619,0,1
11247,4.7917,0,0
11248,3.3663,0,1
11249,2.6585,0,0
11250,2.5610,0,0
11251,2.3336,0,0
11252,2.2753,0,0
11253,4.4337,0,0
11254,4.2255,0,1
11255,4.5818,0,1
11256,4.4953,0,1
11257,4.2281,0,0
11258,3.2576,0,0
11259,3.8123,0,0
11260,4.5213,0,0
11261,3.8498,0,0
11262,3.1089,0,0
11263,1.8719,0,0
11264,2.4984,0,0
11265,1.7791,0,0
11266,1.9562,0,0
11267,4.0360,0,0
11268,4.5884,0,1
11269,4.9924,0,1
11270,3.3856,0,0
11271,2.3109,0,0
11272,2.6661,0,0
11273,2.0824,0,0
11274,2.1739,0,0
11275,4.4619,0,1
11276,3.9672,0,1
11277,4.3397,0,1
11278,4.0514,0,1
11279,4.2189,0,1
11280,3.0665,0,0
11281,3.9175,0,0
11282,4.9882,0,0
11283,3.8945,0,1
11284,3.3242,0,1
11285,1.5627,0,0
11286,2.6598,0,0
11287,1.5464,0,0
11288,2.3564,0,0
11289,3.1663,0,0
11290,5.0083,0,0
11291,4.8503,0,0
11292,3.6107,0,0
11293,1.9948,0,0
11294,2.6252,0,0
11295,2.2675,0,0
11296,2.1468,0,0
11297,3.8069,0,0
11298,3.8928,0,0
11299,3.8063,0,1
11300,4.1286,0,0
11301,4.3490,0,1
11302,3.4727,0,0
11303,3.5389,0,0
11304,4.5796,0,1
11305,4.6630,0,1
11306,4.6853,0,0
11307,1.1336,0,0
11308,2.2185,0,0
11309,1.3516,0,0
11310,2.0581,0,0
11311,3.7772,0,0
11312,4.8750,0,1
11313,5.0281,0,0
11314,3.5058,0,1
11315,2.4731,0,0
11316,2.8513,0,0
11317,2.8297,0,0
11318,2.7163,0,0
11319,4.4360,0,1
11320,4.5870,0,0
11321,3.9835,0,1
11322,4.2893,0,1
11323,4.2834,0,0
11324,3.6727,0,0
11325,3.6999,0,0
11326,5.0867,0,0
11327,4.4743,0,1
11328,4.0745,0,1
11329,1.5140,0,0
11330,2.8665,0,0
11331,2.1044,0,0
11332,2.2102,0,0
11333,3.9805,0,0
11334,4.4208,0,0
11335,4.9514,0,1
11336,3.3452,0,0
11337,2.4102,0,0
11338,2.4285,0,0
11339,2.7277,0,0
11340,2.0955,0,0
11341,4.2039,0,0
11342,4.1145,0,0
11343,3.4213,0,1
11344,4.1892,0,1
11345,3.7352,0,0
11346,2.8884,0,0
11347,3.5026,0,0
11348,4.3128,0,1
11349,4.1031,0,1
11350,4.2991,0,0
11351,1.5156,0,0
11352,2.1945,0,0
11353,1.7226,0,0
11354,1.8671,0,0
11355,3.5648,0,0
11356,4.6420,0,1
11357,4.8410,0,0
11358,3.1071,0,0
11359,2.5971,0,0
11360,2.2480,0,0
11361,2.2470,0,0
11362,2.2942,0,0
11363,4.1282,0,1
11364,4.1229,0,0
11365,3.4213,0,0
11366,3.2477,0,1
11367,3.5577,0,0
11368,2.7745,0,0
11369,3.5835,0,0
11370,3.1643,0,0
11371,4.1050,0,1
11372,4.4034,0,1
11373,0.9389,0,0
11374,2.6418,0,0
11375,1.7741,0,0
11376,2.0187,0,0
11377,3.8705,0,0
11378,4.3826,0,0
11379,4.8976,0,0
11380,3.2737,0,1
11381,1.6266,0,0
11382,1.9770,0,0
11383,2.1792,0,0
11384,2.3215,0,0
11385,3.7975,0,1
11386,3.5347,0,1
11387,3.2100,0,1
11388,3.6317,0,0
11389,3.6502,0,0
11390,3.2506,0,0
11391,3.6711,0,0
11392,4.5720,0,1
11393,4.4769,0,0
11394,4.3177,0,1
11395,1.1021,0,0
11396,2.9885,0,0
11397,2.0651,0,0
11398,2.4089,0,0
11399,4.0506,0,0
11400,4.7023,0,0
11401,4.5762,0,0
11402,4.1697,0,0
11403,2.5015,0,0
11404,3.1661,0,0
11405,2.4180,0,0
11406,2.4814,0,0
11407,4.6027,0,1
11408,4.4840,0,0
11409,4.0021,0,0
11410,3.9198,0,1
11411,4.3220,0,0
11412,3.6061,0,0
11413,3.8441,0,0
11414,4.5797,0,1
11415,4.6353,0,1
11416,5.0249,0,1
11417,1.4127,0,0
11418,2.5269,0,0
11419,1.8562,0,0
11420,2.1399,0,0
11421,3.8944,0,0
11422,4.5684,0,1
11423,4.8485,0,0
11424,3.6144,0,0
11425,2.4108,0,0
11426,2.7947,0,1
11427,2.5095,0,0
11428,1.9799,0,0
11429,4.3159,0,1
11430,4.0434,0,0
11431,3.3789,0,0
11432,3.5705,0,1
11433,4.1763,0,1
11434,3.3677,0,0
11435,3.3740,0,0
11436,4.5971,0,0
11437,3.8247,0,1
11438,4.5714,0,1
11439,1.6438,0,0
11440,2.8554,0,0
11441,2.0240,0,0
11442,2.3356,0,0
11443,3.7565,0,1
11444,4.8814,0,1
11445,5.0902,0,0
11446,3.0841,0,0
11447,2.3453,0,0
11448,2.4504,0,0
11449,2.6223,0,0
11450,2.2059,0,1
11451,4.2228,0,1
11452,4.2241,0,1
11453,3.6406,0,0
11454,3.6129,0,1
11455,4.0024,0,1
11456,3.1176,0,0
11457,4.1113,0,1
11458,4.7994,0,0
11459,4.7586,0,0
11460,4.3316,0,1
11461,1.8309,0,0
11462,2.9337,0,0
11463,2.3505,0,0
11464,2.1892,0,0
11465,3.7655,0,0
11466,4.4753,0,1
11467,4.8640,0,0
11468,3.1645,0,0
11469,2.0712,0,0
11470,2.3661,0,0
11471,2.0843,0,0
11472,2.1940,0,0
11473,3.8525,0,1
11474,3.8286,0,0
11475,3.5915,0,0
11476,3.9423,0,0
11477,4.2526,0,0
11478,3.1571,0,0
11479,3.7368,0,0
11480,3.6112,0,0
11481,4.3305,0,1
11482,4.3626,0,1
11483,1.6874,0,0
11484,3.2318,0,0
11485,2.3584,0,0
11486,2.2893,0,0
11487,3.3378,0,0
11488,4.4345,0,1
11489,4.5349,0,1
11490,3.2961,0,1
11491,2.1877,0,0
11492,2.3910,0,0
11493,2.3133,0,0
11494,2.2609,0,0
11495,4.1195,0,0
11496,3.7190,0,0
11497,3.6242,0,0
11498,3.5091,0,1
11499,4.3315,0,0
11500,3.3332,0,0
11501,4.1469,0,0
11502,3.2181,0,0
11503,4.0955,0,1
11504,2.7752,0,0
11505,1.5392,0,0
11506,2.4978,0,0
11507,1.4800,0,0
11508,2.2070,0,0
11509,4.1593,0,0
11510,4.3470,0,0
11511,5.1955,0,1
11512,3.1399,0,0
11513,2.5858,0,0
11514,3.0229,0,0
11515,2.3554,0,0
11516,2.3736,0,0
11517,4.4926,0,0
11518,4.2669,0,1
11519,3.9094,0,1
11520,4.1454,0,1
11521,4.1521,0,0
11522,3.4307,0,0
11523,3.5591,0,0
11524,3.8680,0,0
11525,4.4653,0,0
11526,3.0715,0,0
11527,0.8193,0,0
11528,2.5720,0,0
11529,1.5957,0,0
11530,2.0538,0,0
11531,3.3191,0,1
11532,4.1309,0,0
11533,4.4547,0,0
11534,2.8380,0,0
11535,1.4574,0,0
11536,1.5051,0,0
11537,0.8875,0,0
11538,0.7737,0,0
11539,2.4835,0,0
11540,2.1188,0,0
11541,2.1276,0,1
11542,1.7665,0,0
11543,0.4441,0,0
11544,0.7621,0,0
11545,1.8575,0,0
11546,1.2573,0,0
11547,1.2573,0,0
11548,3.1777,0,0
11549,0.9340,0,0
11550,1.6309,0,0
11551,3.7874,0,0
11552,2.3219,0,0
11553,3.8387,0,1
11554,0.0000,1,0
11555,0.0000,1,0
11556,0.0000,1,0
11557,1.3364,0,0
11558,2.0770,0,0
11559,1.6387,0,0
11560,1.5359,0,0
11561,3.4322,0,0
11562,4.6688,0,0
11563,4.7488,0,0
11564,3.3259,0,1
11565,2.9224,0,0
11566,2.7581,0,1
11567,2.7344,0,0
11568,2.7252,0,0
11569,4.7118,0,0
11570,4.5299,0,1
11571,3.3203,0,1
11572,3.5790,0,0
11573,4.0796,0,0
11574,3.4507,0,0
11575,4.0448,0,0
11576,3.9424,0,0
11577,4.2254,0,0
11578,2.9123,0,0
11579,1.0507,0,0
11580,2.4368,0,0
11581,1.4453,0,0
11582,2.1200,0,0
11583,4.1250,0,0
11584,4.5974,0,1
11585,4.8549,0,1
11586,3.7931,0,1
11587,2.7412,0,0
11588,2.8356,0,0
11589,2.9908,0,0
11590,2.5063,0,0
11591,4.4492,0,0
11592,4.8154,0,0
11593,3.8205,0,0
11594,3.7905,0,1
11595,4.4934,0,0
11596,3.9609,0,0
11597,4.1173,0,0
11598,3.6494,0,0
11599,3.9183,0,1
11600,3.4138,0,0
11601,0.6559,0,0
11602,1.9343,0,0
11603,1.0569,0,0
11604,1.5603,0,0
11605,3.2832,0,0
11606,4.2750,0,0
11607,3.9919,0,0
11608,3.9358,0,0
11609,2.2807,0,0
11610,2.8344,0,0
11611,2.8431,0,0
11612,2.5507,0,0
11613,4.4320,0,0
11614,4.5427,0,0
11615,3.3453,0,0
11616,2.9074,0,0
11617,4.7043,0,1
11618,3.9977,0,0
11619,4.2584,0,0
11620,4.0912,0,0
11621,3.4986,0,0
11622,3.4439,0,0
11623,0.9665,0,0
11624,1.7962,0,0
11625,1.2402,0,0
11626,1.5366,0,0
11627,3.6726,0,0
11628,3.4764,0,0
11629,3.9437,0,0
11630,3.4212,0,1
11631,2.2495,0,0
11632,2.6352,0,0
11633,2.6116,0,0
11634,2.5103,0,0
11635,4.4836,0,0
11636,4.4615,0,0
11637,3.0290,0,0
11638,3.5326,0,1
11639,4.0461,0,0
11640,3.6333,0,0
11641,4.0731,0,0
11642,3.8138,0,1
11643,3.7626,0,1
11644,4.0430,0,0
11645,0.3863,0,0
11646,1.0317,0,0
11647,0.2142,0,0
11648,1.1652,0,0
11649,2.5279,0,0
11650,3.7475,0,1
11651,3.7595,0,0
11652,2.8869,0,0
11653,1.9697,0,0
11654,3.0995,0,0
11655,2.7342,0,0
11656,2.8076,0,0
11657,4.5531,0,0
11658,4.7341,0,1
11659,3.8475,0,0
11660,3.8494,0,0
11661,4.3195,0,0
11662,3.9877,0,0
11663,3.8671,0,1
11664,4.6264,0,0
11665,4.1327,0,1
11666,4.2395,0,0
11667,0.4685,0,0
11668,0.7714,0,0
11669,0.3567,0,0
11670,0.6924,0,0
11671,1.9934,0,0
11672,2.0204,0,0
11673,2.3221,0,0
11674,1.7313,0,0
11675,1.4312,0,0
11676,2.4777,0,0
11677,2.1299,0,0
11678,1.8063,0,0
11679,3.3426,0,1
11680,3.8230,0,1
11681,2.3452,0,0
11682,2.7493,0,1
11683,3.2601,0,0
11684,2.9787,0,0
11685,2.5888,0,0
11686,3.8972,0,0
11687,3.7053,0,1
11688,3.9315,0,1
11689,0.0000,1,0
11690,0.1607,0,0
11691,0.1607,0,0
11692,0.0000,1,0
11693,0.6437,0,0
11694,0.5705,0,0
11695,0.6767,0,0
11696,0.5402,0,0
11697,0.0000,1,0
11698,0.0000,1,0
11699,0.0000,1,0
11700,0.0000,1,0
11701,0.0000,1,0
11702,0.0000,1,0
11703,0.0000,1,0
11704,0.0000,1,0
11705,0.0000,1,0
11706,0.0000,1,0
11707,0.0000,1,0
11708,0.2020,0,0
11709,0.0000,1,0
11710,0.0000,1,0
11711,0.3863,0,0
11712,0.7142,0,0
11713,0.9525,0,0
11714,0.1607,0,0
11715,1.3801,0,0
11716,1.7257,0,0
11717,2.2004,0,0
11718,0.9458,0,0
11719,0.3453,0,0
11720,0.3985,0,0
11721,2.0688,0,0
11722,0.2676,0,0
11723,2.8713,0,0
11724,2.6777,0,0
11725,2.0660,0,1
11726,2.3140,0,0
11727,0.2020,0,0
11728,0.2142,0,0
11729,1.2577,0,0
11730,4.0044,0,1
11731,1.0581,0,0
11732,1.8916,0,0
11733,1.4774,0,0
11734,1.3770,0,0
11735,2.7482,0,0
11736,3.7541,0,1
11737,4.4825,0,1
11738,2.5894,0,0
11739,2.2692,0,0
11740,2.7663,0,1
11741,2.2317,0,0
11742,2.4659,0,0
11743,4.4893,0,0
11744,3.8028,0,0
11745,2.6492,0,0
11746,4.0416,0,0
11747,3.3731,0,0
11748,2.6764,0,0
11749,3.5352,0,1
11750,3.7408,0,0
11751,4.0897,0,0
11752,4.2013,0,0
11753,1.1246,0,0
11754,2.3891,0,0
11755,1.9247,0,0
11756,1.8205,0,0
11757,4.0343,0,1
11758,4.1007,0,0
11759,4.8863,0,0
11760,3.5196,0,1
11761,2.6508,0,0
11762,3.1425,0,0
11763,2.4248,0,0
11764,2.3717,0,0
11765,4.6989,0,1
11766,4.1572,0,0
11767,3.1056,0,0
11768,4.2008,0,1
11769,4.1107,0,0
11770,2.9839,0,0
11771,4.1277,0,0
11772,4.5535,0,0
11773,4.1911,0,1
11774,4.5256,0,1
11775,1.2278,0,0
11776,2.2373,0,0
11777,1.8207,0,0
11778,1.6398,0,0
11779,4.3775,0,0
11780,4.4356,0,1
11781,5.2321,0,1
11782,3.2314,0,0
11783,2.8434,0,0
11784,3.2270,0,0
11785,2.3490,0,0
11786,2.1292,0,0
11787,4.4232,0,0
11788,4.4292,0,0
11789,3.1488,0,0
11790,4.0861,0,1
11791,3.9422,0,0
11792,3.2351,0,0
11793,4.0360,0,0
11794,4.9732,0,1
11795,4.0168,0,0
11796,3.9962,0,0
11797,1.0362,0,0
11798,2.4505,0,0
11799,2.0800,0,0
11800,1.7299,0,0
11801,4.1755,0,0
11802,4.1926,0,1
11803,4.5085,0,0
11804,3.8583,0,1
11805,2.1214,0,0
11806,2.8002,0,0
11807,2.8384,0,0
11808,2.7197,0,0
11809,4.4275,0,1
11810,4.3849,0,0
11811,3.4596,0,0
11812,3.9971,0,1
11813,3.9721,0,0
11814,3.4719,0,0
11815,3.8556,0,0
11816,4.5653,0,0
11817,4.0829,0,0
11818,5.1330,0,1
11819,0.9929,0,0
11820,1.8956,0,0
11821,1.4339,0,0
11822,1.5259,0,0
11823,3.5731,0,0
11824,4.4868,0,1
11825,4.4428,0,1
11826,3.7534,0,1
11827,2.1982,0,0
11828,3.0104,0,0
11829,2.0687,0,0
11830,2.5377,0,0
11831,4.3137,0,1
11832,4.4051,0,0
11833,3.8001,0,0
11834,4.0843,0,1
11835,4.2407,0,1
11836,3.6597,0,0
11837,3.9264,0,0
11838,4.2740,0,0
11839,3.7545,0,0
11840,3.7598,0,0
11841,1.2738,0,0
11842,1.8827,0,0
11843,1.0298,0,0
11844,1.8129,0,0
11845,3.4604,0,0
11846,4.3758,0,1
11847,4.7078,0,1
11848,3.1182,0,0
11849,2.4356,0,0
11850,2.5366,0,0
11851,2.4058,0,0
11852,2.3728,0,0
11853,4.5736,0,0
11854,3.6948,0,1
11855,3.6539,0,1
11856,4.1625,0,1
11857,4.4524,0,1
11858,3.3102,0,1
11859,4.0278,0,0
11860,3.7085,0,0
11861,4.0264,0,0
11862,3.9061,0,0
11863,1.0850,0,0
11864,2.4410,0,0
11865,2.0006,0,0
11866,1.6454,0,0
11867,2.7152,0,0
11868,3.7493,0,0
11869,4.0450,0,1
11870,2.6925,0,0
11871,1.6145,0,0
11872,1.2739,0,0
11873,1.0923,0,0
11874,0.8563,0,0
11875,2.8036,0,0
11876,1.9613,0,0
11877,2.2564,0,0
11878,1.8111,0,0
11879,0.2676,0,0
11880,0.6034,0,0
11881,1.8310,0,0
11882,1.2035,0,0
11883,1.1001,0,0
11884,3.0165,0,0
11885,1.1011,0,0
11886,1.6287,0,0
11887,3.7742,0,0
11888,2.1997,0,1
11889,3.6836,0,1
11890,0.0000,1,0
11891,0.0000,1,0
11892,0.0000,1,0
11893,1.4271,0,0
11894,2.6260,0,0
11895,2.4862,0,0
11896,1.2618,0,0
11897,3.7081,0,0
11898,4.5632,0,1
11899,4.9388,0,0
11900,3.2652,0,1
11901,2.6047,0,0
11902,2.4012,0,0
11903,2.7076,0,0
11904,2.3900,0,0
11905,4.3668,0,0
11906,4.1606,0,1
11907,3.7472,0,0
11908,4.1138,0,0
11909,3.7676,0,0
11910,3.1601,0,0
11911,4.2066,0,0
11912,5.1271,0,0
11913,4.4213,0,0
11914,4.2647,0,1
11915,1.3543,0,0
11916,2.4092,0,0
11917,2.1348,0,0
11918,1.6821,0,0
11919,3.9593,0,0
11920,4.5034,0,1
11921,4.8329,0,1
11922,3.7276,0,0
11923,2.7023,0,0
11924,2.9897,0,0
11925,2.7718,0,0
11926,2.3867,0,0
11927,4.4799,0,0
11928,4.6141,0,0
11929,3.8378,0,1
11930,3.9758,0,0
11931,4.0725,0,1
11932,3.4470,0,0
11933,4.3535,0,1
11934,4.4947,0,0
11935,4.1093,0,0
11936,4.7262,0,0
11937,1.4263,0,0
11938,2.1186,0,0
11939,1.5530,0,0
11940,1.6974,0,0
11941,3.6680,0,1
11942,4.8093,0,1
11943,4.8088,0,0
11944,3.6023,0,1
11945,3.0274,0,0
11946,2.6814,0,0
11947,2.3036,0,0
11948,2.3193,0,0
11949,4.4859,0,0
11950,4.1804,0,1
11951,3.7443,0,1
11952,3.7433,0,0
11953,3.7738,0,0
11954,3.2597,0,0
11955,4.1029,0,0
11956,4.4033,0,0
11957,3.8821,0,1
11958,3.8758,0,0
11959,1.5007,0,0
11960,2.3373,0,0
11961,1.9185,0,0
11962,1.6640,0,0
11963,3.3270,0,0
11964,3.4467,0,0
11965,4.0015,0,0
11966,2.5888,0,1
11967,2.4508,0,1
11968,2.6589,0,0
11969,2.2939,0,0
11970,1.9763,0,0
11971,3.7358,0,0
11972,4.0218,0,1
11973,4.1759,0,0
11974,3.8098,0,0
11975,3.8528,0,1
11976,3.2462,0,0
11977,4.0552,0,0
11978,3.8235,0,0
11979,4.2902,0,0
11980,4.2923,0,0
11981,0.0000,1,0
11982,0.0000,1,0
11983,0.0000,1,0
11984,0.0000,1,0
11985,0.0000,1,0
11986,0.0000,1,0
11987,0.0000,1,0
11988,0.0000,1,0
11989,0.0000,1,0
11990,0.0000,1,0
11991,0.0000,1,0
11992,0.0000,1,0
11993,0.0000,1,0
11994,0.0000,1,0
11995,0.0000,1,0
11996,0.0000,1,0
11997,0.0000,1,0
11998,0.0000,1,0
11999,0.0000,1,0
12000,0.0000,1,0
12001,0.0000,1,0
12002,0.0000,1,0
12003,0.0000,1,0
12004,0.0000,1,0
12005,0.0000,1,0
12006,0.0000,1,0
12007,0.0000,1,0
12008,0.0000,1,0
12009,0.0000,1,0
12010,0.0000,1,0
12011,0.0000,1,0
12012,0.0000,1,0
12013,0.0000,1,0
12014,0.0000,1,0
12015,0.0000,1,0
12016,0.0000,1,0
12017,0.0000,1,0
12018,0.0000,1,0
12019,0.0000,1,0
12020,0.0000,1,0
12021,0.0000,1,0
12022,0.0000,1,0
12023,0.0000,1,0
12024,0.0000,1,0
12025,0.0000,1,0
12026,0.0000,1,0
12027,0.0000,1,0
12028,0.0000,1,0
12029,0.0000,1,0
12030,0.0000,1,0
12031,0.0000,1,0
12032,0.0000,1,0
12033,0.0000,1,0
12034,0.0000,1,0
12035,0.0000,1,0
12036,0.0000,1,0
12037,0.0000,1,0
12038,0.0000,1,0
12039,0.0000,1,0
12040,0.0000,1,0
12041,0.0000,1,0
12042,0.0000,1,0
12043,0.0000,1,0
12044,0.0000,1,0
12045,0.0000,1,0
12046,0.0000,1,0
12047,0.0000,1,0
12048,0.0000,1,0
12049,0.0000,1,0
12050,0.0000,1,0
12051,0.0000,1,0
12052,0.0000,1,0
12053,0.0000,1,0
12054,0.0000,1,0
12055,0.0000,1,0
12056,0.0000,1,0
12057,0.0000,1,0
12058,0.0000,1,0
12059,0.0000,1,0
12060,0.0000,1,0
12061,0.0000,1,0
12062,0.0000,1,0
12063,0.0000,1,0
12064,0.0000,1,0
12065,0.0000,1,0
12066,0.0000,1,0
12067,0.0000,1,0
12068,0.0000,1,0
12069,0.0000,1,0
12070,0.0000,1,0
12071,0.0000,1,0
12072,0.0000,1,0
12073,0.0000,1,0
12074,0.0000,1,0
12075,0.0000,1,0
12076,0.0000,1,0
12077,0.0000,1,0
12078,0.0000,1,0
12079,0.0000,1,0
12080,0.0000,1,0
12081,0.0000,1,0
12082,0.0000,1,0
12083,0.0000,1,0
12084,0.0000,1,0
12085,0.0000,1,0
12086,0.0000,1,0
12087,0.0000,1,0
12088,0.0000,1,0
12089,0.0000,1,0
12090,0.0000,1,0
12091,0.0000,1,0
12092,0.0000,1,0
12093,0.0000,1,0
12094,0.0000,1,0
12095,0.0000,1,0
12096,0.0000,1,0
12097,0.0000,1,0
12098,0.0000,1,0
12099,0.0000,1,0
12100,0.0000,1,0
12101,0.0000,1,0
12102,0.0000,1,0
12103,0.0000,1,0
12104,0.0000,1,0
12105,0.0000,1,0
12106,0.0000,1,0
12107,0.0000,1,0
12108,0.0000,1,0
12109,0.0000,1,0
12110,0.0000,1,0
12111,0.0000,1,0
12112,0.0000,1,0
12113,1.1850,0,0
12114,1.7043,0,0
12115,1.2026,0,0
12116,1.1282,0,0
12117,1.2501,0,0
12118,1.8892,0,0
12119,2.2686,0,0
12120,0.8783,0,0
12121,0.0000,1,0
12122,0.0000,1,0
12123,1.1201,0,0
12124,0.0000,1,0
12125,1.6307,0,0
12126,1.6029,0,0
12127,3.0148,0,0
12128,2.9953,0,0
12129,0.0000,1,0
12130,0.0000,1,0
12131,1.1038,0,0
12132,0.0000,1,0
12133,0.0000,1,0
12134,0.0000,1,0
12135,1.9757,0,0
12136,2.7413,0,0
12137,2.2341,0,0
12138,1.8245,0,0
12139,2.9620,0,0
12140,3.2782,0,0
12141,3.7810,0,1
12142,2.4514,0,0
12143,1.8599,0,0
12144,2.0951,0,0
12145,1.8934,0,0
12146,2.4307,0,0
12147,3.6487,0,0
12148,3.5057,0,0
12149,3.6135,0,0
12150,3.1375,0,0
12151,3.2089,0,0
12152,2.6030,0,0
12153,4.0619,0,1
12154,3.2599,0,1
12155,3.6767,0,1
12156,2.8158,0,0
12157,1.0981,0,0
12158,2.1847,0,0
12159,1.8799,0,0
12160,1.2860,0,0
12161,3.8629,0,0
12162,4.6400,0,1
12163,5.2730,0,1
12164,3.0237,0,0
12165,2.6946,0,0
12166,2.3920,0,0
12167,2.2616,0,0
12168,2.5807,0,0
12169,4.3324,0,1
12170,4.1019,0,1
12171,3.2455,0,1
12172,3.3236,0,0
12173,3.5337,0,0
12174,2.5224,0,0
12175,3.7821,0,1
12176,3.8724,0,0
12177,3.6862,0,1
12178,3.8947,0,0
12179,1.3544,0,0
12180,3.2068,0,0
12181,2.4893,0,0
12182,2.2758,0,0
12183,4.2315,0,0
12184,4.6444,0,0
12185,4.9119,0,0
12186,3.8823,0,0
12187,2.9997,0,0
12188,3.2386,0,0
12189,2.9090,0,0
12190,2.1862,0,0
12191,4.6855,0,0
12192,4.8555,0,1
12193,3.8516,0,0
12194,4.0544,0,1
12195,4.1613,0,0
12196,2.6709,0,0
12197,4.0039,0,0
12198,4.2242,0,0
12199,4.0646,0,1
12200,4.7326,0,1
12201,1.3687,0,0
12202,2.8749,0,0
12203,2.3863,0,0
12204,1.9150,0,0
12205,3.9877,0,0
12206,4.7079,0,0
12207,4.8478,0,1
12208,3.8337,0,0
12209,2.9787,0,0
12210,3.0523,0,0
12211,2.7931,0,0
12212,2.8777,0,0
12213,4.9984,0,0
12214,4.7664,0,1
12215,3.7140,0,0
12216,3.3251,0,0
12217,4.0526,0,1
12218,3.0524,0,0
12219,3.9389,0,1
12220,5.1187,0,1
12221,3.9398,0,0
12222,4.4570,0,0
12223,1.4854,0,0
12224,2.7259,0,0
12225,2.3613,0,0
12226,1.7887,0,0
12227,3.8887,0,0
12228,4.5177,0,0
12229,5.1292,0,0
12230,3.0031,0,0
12231,2.6033,0,0
12232,2.7573,0,0
12233,2.3549,0,0
12234,2.2274,0,0
12235,4.2940,0,1
12236,4.3924,0,0
12237,4.2158,0,1
12238,3.8789,0,0
12239,3.9309,0,0
12240,3.1022,0,0
12241,4.0683,0,0
12242,4.7480,0,0
12243,4.3308,0,0
12244,3.7640,0,0
12245,1.2353,0,0
12246,2.8325,0,0
12247,1.6531,0,0
12248,2.3244,0,0
12249,3.5852,0,0
12250,4.2694,0,1
12251,4.7048,0,1
12252,3.0076,0,0
12253,1.5999,0,0
12254,1.4769,0,0
12255,2.6288,0,1
12256,1.2056,0,0
12257,3.8191,0,1
12258,4.1823,0,1
12259,4.2208,0,0
12260,4.2506,0,0
12261,0.6034,0,0
12262,1.0341,0,0
12263,3.7531,0,0
12264,0.0000,1,0
12265,0.0000,1,0
12266,1.3937,0,0
12267,3.1601,0,0
12268,2.5637,0,0
12269,2.2002,0,0
12270,4.5067,0,0
12271,4.8058,0,0
12272,5.3167,0,1
12273,3.8959,0,0
12274,3.0150,0,0
12275,3.0654,0,0
12276,2.2731,0,0
12277,2.8258,0,0
12278,4.4444,0,1
12279,4.7718,0,1
12280,3.4964,0,0
12281,3.6179,0,1
12282,3.3763,0,0
12283,3.0919,0,0
12284,3.7972,0,0
12285,4.9661,0,0
12286,3.9026,0,0
12287,4.2612,0,0
12288,1.0487,0,0
12289,2.7606,0,0
12290,1.7891,0,0
12291,2.0148,0,0
12292,3.9911,0,0
12293,4.2324,0,0
12294,5.1157,0,1
12295,2.7455,0,0
12296,2.4562,0,0
12297,2.6690,0,0
12298,2.1331,0,0
12299,2.0112,0,0
12300,3.8704,0,1
12301,4.1938,0,0
12302,3.7362,0,1
12303,3.5910,0,1
12304,3.4903,0,1
12305,2.7510,0,0
12306,3.8850,0,0
12307,4.0229,0,1
12308,4.1712,0,1
12309,3.8265,0,1
12310,1.9343,0,0
12311,3.3928,0,0
12312,3.0047,0,0
12313,2.1650,0,0
12314,4.1602,0,0
12315,4.8822,0,0
12316,5.4611,0,1
12317,3.2885,0,0
12318,2.6950,0,0
12319,2.6729,0,0
12320,2.3450,0,0
12321,2.5395,0,0
12322,4.3297,0,0
12323,4.2191,0,0
12324,3.3255,0,0
12325,3.8237,0,1
12326,3.7191,0,0
12327,3.1359,0,0
12328,4.2647,0,0
12329,4.8202,0,1
12330,4.6762,0,0
12331,4.7507,0,1
12332,1.7013,0,0
12333,3.5317,0,0
12334,2.5034,0,0
12335,2.8806,0,0
12336,4.3174,0,0
12337,4.7840,0,0
12338,5.4812,0,1
12339,3.3145,0,1
12340,2.9965,0,0
12341,2.7830,0,0
12342,2.0352,0,0
12343,2.5340,0,0
12344,4.4578,0,0
12345,4.4530,0,0
12346,3.6512,0,1
12347,4.0040,0,0
12348,3.6727,0,0
12349,3.3566,0,0
12350,4.0581,0,0
12351,4.3817,0,0
12352,4.1631,0,1
12353,3.8930,0,1
12354,1.8364,0,0
12355,3.8384,0,0
12356,2.9366,0,0
12357,2.8381,0,0
12358,4.3725,0,0
12359,5.0267,0,0
12360,5.5116,0,0
12361,3.7220,0,1
12362,2.4963,0,0
12363,2.4206,0,0
12364,2.1175,0,0
12365,2.5332,0,0
12366,4.1193,0,0
12367,4.0832,0,0
12368,3.8552,0,1
12369,3.8664,0,0
12370,3.8745,0,1
12371,3.3572,0,0
12372,4.1628,0,0
12373,4.8623,0,0
12374,4.5008,0,1
12375,3.8823,0,0
12376,1.6765,0,0
12377,3.4334,0,0
12378,2.3203,0,0
12379,2.9801,0,0
12380,4.5589,0,0
12381,4.8060,0,0
12382,5.4629,0,1
12383,3.1891,0,0
12384,2.1753,0,0
12385,2.8904,0,0
12386,2.0475,0,0
12387,1.9405,0,0
12388,3.9655,0,1
12389,4.0345,0,0
12390,4.1820,0,1
12391,3.9278,0,0
12392,4.5708,0,1
12393,3.3861,0,0
12394,4.2704,0,0
12395,4.1840,0,0
12396,4.2207,0,1
12397,3.2036,0,1
12398,1.4617,0,0
12399,3.1098,0,0
12400,2.3332,0,0
12401,2.4902,0,0
12402,4.4033,0,0
12403,4.8978,0,0
12404,5.4048,0,1
12405,3.7542,0,0
12406,2.4422,0,0
12407,2.5066,0,0
12408,2.3352,0,0
12409,2.3597,0,0
12410,4.2130,0,1
12411,4.2923,0,0
12412,3.7264,0,1
12413,4.2356,0,1
12414,3.5918,0,1
12415,2.5105,0,0
12416,3.8061,0,0
12417,3.0524,0,0
12418,3.9724,0,1
12419,3.5148,0,0
12420,2.1986,0,0
12421,3.5317,0,0
12422,2.9177,0,1
12423,2.7405,0,0
12424,4.8333,0,1
12425,4.8646,0,1
12426,5.4198,0,1
12427,3.8046,0,0
12428,2.9682,0,0
12429,2.7291,0,0
12430,2.4262,0,0
12431,2.5562,0,0
12432,4.4802,0,1
12433,4.6052,0,0
12434,4.1832,0,1
12435,4.2813,0,1
12436,3.9596,0,0
12437,3.4312,0,0
12438,4.1102,0,0
12439,3.8715,0,0
12440,4.4330,0,1
12441,3.7668,0,0
12442,1.7806,0,0
12443,3.2916,0,0
12444,2.1653,0,0
12445,2.5974,0,0
12446,4.7306,0,1
12447,5.1117,0,1
12448,5.5240,0,1
12449,4.1272,0,0
12450,2.9948,0,0
12451,2.8881,0,0
12452,2.5319,0,0
12453,2.6371,0,0
12454,4.6414,0,0
12455,4.5945,0,0
12456,4.2854,0,1
12457,4.2222,0,0
12458,4.0681,0,0
12459,3.5956,0,0
12460,4.0563,0,0
12461,3.7743,0,0
12462,4.1240,0,0
12463,3.6184,0,0
12464,2.3415,0,0
12465,3.8786,0,1
12466,2.9626,0,0
12467,2.9227,0,0
12468,5.1125,0,0
12469,4.9170,0,0
12470,5.5748,0,1
12471,4.5156,0,1
12472,3.0274,0,0
12473,2.5591,0,0
12474,2.3934,0,0
12475,2.5797,0,0
12476,4.5341,0,0
12477,4.4085,0,1
12478,4.1416,0,1
12479,4.0796,0,0
12480,4.1380,0,1
12481,3.2774,0,0
12482,4.3437,0,0
12483,3.6009,0,0
12484,4.1840,0,1
12485,3.8259,0,0
12486,2.4803,0,0
12487,3.5467,0,0
12488,2.6723,0,0
12489,3.1833,0,0
12490,5.1498,0,1
12491,5.0361,0,1
12492,5.5496,0,1
12493,4.3365,0,0
12494,2.8972,0,0
12495,2.9798,0,0
12496,2.6232,0,0
12497,2.9409,0,0
12498,4.7524,0,1
12499,4.6703,0,1
12500,4.1555,0,0
12501,3.9340,0,1
12502,3.7526,0,0
12503,3.0541,0,0
12504,4.2577,0,0
12505,4.5124,0,0
12506,4.0649,0,0
12507,3.6884,0,0
12508,2.1954,0,0
12509,3.1879,0,0
12510,2.3049,0,0
12511,2.9764,0,1
12512,4.3751,0,0
12513,5.1951,0,0
12514,5.5978,0,1
12515,3.3027,0,1
12516,3.2890,0,1
12517,2.9718,0,0
12518,2.4449,0,0
12519,2.4394,0,0
12520,4.6762,0,0
12521,4.4641,0,0
12522,4.2837,0,1
12523,3.9491,0,1
12524,3.8002,0,0
12525,2.9023,0,0
12526,4.1375,0,0
12527,4.2604,0,0
12528,3.9538,0,1
12529,3.6128,0,0
12530,1.4130,0,0
12531,2.7970,0,0
12532,2.0717,0,0
12533,2.2981,0,0
12534,3.9772,0,0
12535,4.5652,0,0
12536,5.1874,0,1
12537,2.5879,0,0
12538,0.1607,0,0
12539,0.2142,0,0
12540,0.1607,0,0
12541,0.1607,0,0
12542,0.3331,0,0
12543,0.2020,0,0
12544,0.3499,0,0
12545,0.4031,0,0
12546,0.0000,1,0
12547,0.0000,1,0
12548,0.7562,0,0
12549,0.3695,0,0
12550,0.3695,0,0
12551,1.2758,0,0
12552,0.2966,0,0
12553,0.2966,0,0
12554,0.9238,0,0
12555,0.8959,0,0
12556,1.6401,0,0
12557,0.0000,1,0
12558,0.0000,1,0
12559,0.0000,1,0
12560,0.8349,0,0
12561,1.0967,0,0
12562,0.9157,0,0
12563,2.0316,0,0
12564,3.4922,0,0
12565,2.5617,0,0
12566,2.7610,0,0
12567,4.6288,0,0
12568,5.0689,0,1
12569,5.4659,0,0
12570,3.9744,0,1
12571,3.2871,0,0
12572,2.6386,0,0
12573,2.7886,0,0
12574,2.3279,0,0
12575,4.7523,0,0
12576,4.4562,0,1
12577,3.9793,0,1
12578,3.9675,0,0
12579,3.9037,0,0
12580,3.9253,0,0
12581,4.3865,0,0
12582,4.0505,0,0
12583,3.9698,0,0
12584,4.4306,0,0
12585,1.7053,0,0
12586,3.5337,0,0
12587,2.6880,0,0
12588,2.5525,0,0
12589,4.3434,0,0
12590,4.7637,0,1
12591,5.2974,0,0
12592,3.8867,0,0
12593,2.8176,0,0
12594,2.8119,0,0
12595,1.8035,0,0
12596,2.1579,0,0
12597,4.1094,0,0
12598,4.1152,0,0
12599,3.6813,0,1
12600,3.9442,0,0
12601,3.9783,0,0
12602,3.2212,0,0
12603,4.1859,0,0
12604,3.2135,0,0
12605,3.8964,0,0
12606,3.5189,0,0
12607,2.3759,0,0
12608,3.9355,0,0
12609,3.5764,0,0
12610,2.2626,0,0
12611,4.4916,0,0
12612,4.7590,0,0
12613,4.8503,0,0
12614,4.5249,0,0
12615,2.7610,0,1
12616,2.6268,0,0
12617,2.0392,0,0
12618,2.1468,0,0
12619,3.8893,0,1
12620,4.3786,0,1
12621,3.7609,0,1
12622,4.1377,0,0
12623,4.0995,0,1
12624,3.2125,0,0
12625,4.3628,0,1
12626,4.1184,0,0
12627,4.0692,0,1
12628,3.3676,0,1
12629,1.8780,0,0
12630,3.2761,0,0
12631,2.3889,0,0
12632,2.5283,0,0
12633,4.3110,0,0
12634,4.9051,0,0
12635,5.3790,0,1
12636,3.6494,0,0
12637,2.5674,0,0
12638,2.2205,0,0
12639,2.4390,0,0
12640,2.0825,0,0
12641,4.0733,0,0
12642,4.2504,0,0
12643,3.9730,0,1
12644,4.2247,0,0
12645,3.6339,0,0
12646,2.6339,0,0
12647,4.0104,0,0
12648,4.1462,0,0
12649,4.4626,0,1
12650,3.5585,0,1
12651,1.6919,0,0
12652,2.6333,0,0
12653,1.5822,0,0
12654,2.2427,0,0
12655,4.0897,0,0
12656,4.9131,0,0
12657,5.2738,0,1
12658,3.5015,0,0
12659,1.9056,0,0
12660,2.6714,0,0
12661,2.3234,0,0
12662,2.1985,0,0
12663,4.2891,0,1
12664,3.9151,0,0
12665,3.9103,0,1
12666,4.2792,0,0
12667,3.6843,0,0
12668,3.5650,0,0
12669,3.9533,0,0
12670,3.9497,0,0
12671,4.0953,0,1
12672,3.4513,0,1
12673,1.7943,0,0
12674,3.4162,0,0
12675,2.5134,0,0
12676,2.7340,0,0
12677,4.4164,0,0
12678,5.0218,0,0
12679,5.5168,0,1
12680,3.4527,0,0
12681,2.5691,0,0
12682,3.1103,0,0
12683,2.2011,0,0
12684,2.2905,0,0
12685,4.6028,0,1
12686,4.2573,0,0
12687,4.1451,0,1
12688,4.4602,0,1
12689,3.6707,0,0
12690,3.3665,0,0
12691,3.9190,0,0
12692,4.9379,0,0
12693,4.3596,0,1
12694,3.7737,0,1
12695,1.7175,0,0
12696,3.8117,0,0
12697,2.7741,0,0
12698,2.9646,0,0
12699,4.1127,0,0
12700,5.1208,0,0
12701,5.5755,0,1
12702,3.7192,0,0
12703,2.4046,0,0
12704,2.8681,0,1
12705,2.6430,0,0
12706,2.1085,0,0
12707,4.3748,0,1
12708,4.2480,0,0
12709,4.4058,0,0
12710,4.5286,0,1
12711,4.3421,0,1
12712,3.5118,0,0
12713,4.3193,0,0
12714,4.6176,0,0
12715,4.5859,0,1
12716,4.2425,0,1
12717,2.4721,0,0
12718,4.3642,0,0
12719,3.1712,0,0
12720,3.5840,0,0
12721,4.3799,0,0
12722,4.9980,0,1
12723,5.6505,0,1
12724,3.3188,0,0
12725,2.6554,0,0
12726,2.6413,0,0
12727,2.2066,0,0
12728,1.8299,0,0
12729,4.2815,0,0
12730,4.3902,0,1
12731,4.4002,0,1
12732,4.2791,0,0
12733,3.7806,0,0
12734,3.5267,0,0
12735,4.2410,0,0
12736,3.7517,0,0
12737,4.0849,0,0
12738,2.4156,0,0
12739,2.2025,0,0
12740,3.4838,0,0
12741,2.6533,0,0
12742,2.8734,0,0
12743,4.4645,0,0
12744,5.0952,0,1
12745,5.7433,0,1
12746,2.8603,0,0
12747,2.6303,0,0
12748,2.3228,0,0
12749,2.1519,0,0
12750,2.0397,0,0
12751,4.0206,0,1
12752,3.8643,0,0
12753,4.1549,0,1
12754,4.2891,0,0
12755,4.1148,0,0
12756,2.9850,0,0
12757,4.2309,0,0
12758,3.2627,0,0
12759,4.5747,0,0
12760,2.9764,0,1
12761,1.7456,0,0
12762,3.4960,0,0
12763,2.4873,0,0
12764,2.6699,0,0
12765,4.4592,0,0
12766,5.1260,0,1
12767,5.3995,0,1
12768,3.8532,0,0
12769,2.6242,0,0
12770,2.8325,0,0
12771,2.0841,0,0
12772,2.0880,0,0
12773,4.4562,0,0
12774,4.1090,0,0
12775,3.8953,0,1
12776,3.8700,0,0
12777,4.1177,0,0
12778,3.3419,0,0
12779,3.6309,0,0
12780,3.4921,0,0
12781,4.3299,0,1
12782,2.3799,0,0
12783,1.6317,0,0
12784,3.3052,0,0
12785,2.1458,0,0
12786,2.7099,0,0
12787,4.4433,0,1
12788,4.9621,0,1
12789,5.4074,0,1
12790,3.6445,0,1
12791,2.6284,0,0
12792,2.6040,0,0
12793,2.3143,0,0
12794,2.4638,0,0
12795,4.0448,0,1
12796,4.4396,0,0
12797,4.1747,0,1
12798,4.3088,0,0
12799,4.2422,0,0
12800,3.4773,0,0
12801,4.3406,0,0
12802,4.4004,0,1
12803,4.8375,0,0
12804,4.1361,0,1
12805,1.5842,0,0
12806,3.1209,0,0
12807,2.5370,0,0
12808,2.1775,0,0
12809,4.6398,0,0
12810,4.7664,0,0
12811,5.4426,0,1
12812,3.5516,0,0
12813,2.9000,0,0
12814,3.1431,0,1
12815,2.3171,0,0
12816,2.8438,0,0
12817,4.9133,0,0
12818,4.5911,0,0
12819,3.9845,0,1
12820,3.5870,0,0
12821,3.6304,0,1
12822,3.5520,0,0
12823,3.6987,0,0
12824,4.1511,0,0
12825,4.5269,0,1
12826,3.7142,0,1
12827,1.6788,0,0
12828,3.2661,0,0
12829,2.0728,0,0
12830,2.7404,0,0
12831,4.1772,0,0
12832,4.5007,0,1
12833,5.2547,0,0
12834,3.2732,0,1
12835,2.1176,0,0
12836,2.2828,0,0
12837,3.0023,0,0
12838,1.7539,0,0
12839,4.6496,0,0
12840,4.7544,0,1
12841,4.2766,0,0
12842,3.9525,0,0
12843,0.0000,1,0
12844,0.1072,0,0
12845,3.6498,0,0
12846,0.0000,1,0
12847,0.0000,1,0
12848,1.8294,0,0
12849,3.1804,0,0
12850,2.1989,0,0
12851,2.5782,0,0
12852,4.5345,0,0
12853,4.7342,0,0
12854,5.4968,0,1
12855,3.3459,0,0
12856,2.8911,0,0
12857,2.2983,0,0
12858,2.2956,0,0
12859,2.5219,0,0
12860,4.3867,0,1
12861,4.1616,0,0
12862,4.0269,0,1
12863,4.0915,0,0
12864,3.5513,0,0
12865,3.2937,0,0
12866,4.0709,0,1
12867,3.3868,0,0
12868,4.1607,0,0
12869,2.6086,0,0
12870,1.6504,0,0
12871,2.6745,0,0
12872,1.9861,0,0
12873,2.2741,0,1
12874,4.4546,0,0
12875,5.0040,0,1
12876,5.5466,0,1
12877,3.8601,0,0
12878,2.5410,0,0
12879,2.8515,0,0
12880,2.0104,0,0
12881,1.9222,0,0
12882,3.8940,0,0
12883,3.8066,0,1
12884,4.1196,0,1
12885,4.4006,0,0
12886,3.7241,0,0
12887,3.6109,0,1
12888,3.9980,0,0
12889,2.2801,0,0
12890,4.0646,0,0
12891,2.4592,0,0
12892,1.6209,0,0
12893,3.3986,0,0
12894,2.4113,0,0
12895,2.7113,0,0
12896,4.7751,0,0
12897,4.8227,0,0
12898,5.4975,0,1
12899,3.7139,0,0
12900,2.6648,0,0
12901,2.6127,0,0
12902,2.1040,0,0
12903,2.2668,0,0
12904,3.9833,0,1
12905,4.2164,0,1
12906,3.7519,0,1
12907,3.9630,0,1
12908,4.1641,0,0
12909,3.1960,0,0
12910,3.9780,0,0
12911,3.9358,0,1
12912,4.0785,0,0
12913,2.3038,0,0
12914,1.8182,0,0
12915,2.9618,0,0
12916,2.3634,0,0
12917,2.3122,0,0
12918,4.4465,0,0
12919,4.9802,0,1
12920,5.4977,0,1
12921,3.4911,0,0
12922,3.0129,0,0
12923,2.5161,0,0
12924,2.0627,0,0
12925,2.0345,0,0
12926,4.0224,0,1
12927,4.3012,0,1
12928,4.1682,0,1
12929,4.0451,0,0
12930,3.6972,0,0
12931,3.0941,0,0
12932,4.0430,0,0
12933,3.0875,0,1
12934,3.8092,0,0
12935,2.4730,0,0
12936,1.8757,0,0
12937,3.1656,0,0
12938,2.5401,0,0
12939,2.4480,0,0
12940,4.2944,0,0
12941,4.9437,0,0
12942,5.3862,0,0
12943,3.5034,0,1
12944,1.8943,0,0
12945,2.7766,0,0
12946,1.5658,0,0
12947,1.7258,0,0
12948,3.4996,0,0
12949,3.6184,0,0
12950,3.8490,0,1
12951,4.2691,0,1
12952,4.2284,0,0
12953,3.2083,0,0
12954,4.2022,0,0
12955,1.9661,0,0
12956,3.6435,0,0
12957,3.2039,0,1
12958,1.6872,0,0
12959,3.0006,0,0
12960,2.2163,0,0
12961,2.3048,0,0
12962,4.1406,0,1
12963,4.7107,0,1
12964,5.1546,0,0
12965,3.3061,0,0
12966,2.6819,0,0
12967,1.8262,0,0
12968,2.0700,0,0
12969,1.8829,0,0
12970,3.8940,0,0
12971,3.7975,0,0
12972,4.4063,0,1
12973,4.4280,0,1
12974,3.9278,0,0
12975,2.6317,0,0
12976,3.8926,0,0
12977,3.0784,0,0
12978,3.8056,0,0
12979,2.3954,0,0
12980,1.4921,0,0
12981,2.9149,0,0
12982,1.6549,0,0
12983,2.4727,0,0
12984,3.6928,0,0
12985,4.7045,0,1
12986,5.1800,0,1
12987,3.0818,0,0
12988,2.4843,0,0
12989,2.5013,0,0
12990,2.4406,0,0
12991,1.9440,0,0
12992,4.2289,0,1
12993,4.0981,0,0
12994,4.6956,0,1
12995,4.3849,0,0
12996,4.1156,0,0
12997,3.5374,0,0
12998,3.8422,0,0
12999,3.5840,0,0
13000,4.1047,0,0
13001,3.7100,0,0
13002,1.4266,0,0
13003,3.1503,0,0
13004,2.3529,0,0
13005,2.3512,0,0
13006,4.1645,0,0
13007,4.6816,0,0
13008,5.2811,0,1
13009,3.1431,0,0
13010,2.5865,0,0
13011,2.3952,0,0
13012,2.5440,0,0
13013,2.4662,0,0
13014,4.4008,0,1
13015,4.1808,0,0
13016,4.0154,0,1
13017,4.3751,0,0
13018,4.1323,0,1
13019,3.3272,0,0
13020,4.1246,0,0
13021,4.6309,0,1
13022,4.5819,0,0
13023,4.7877,0,1
13024,1.5505,0,0
13025,2.2365,0,0
13026,1.9059,0,0
13027,1.6602,0,0
13028,4.0740,0,0
13029,4.7663,0,1
13030,5.4136,0,1
13031,2.8478,0,0
13032,2.3797,0,0
13033,2.0836,0,0
13034,1.9763,0,0
13035,2.4153,0,0
13036,3.7122,0,0
13037,3.9321,0,0
13038,3.9873,0,1
13039,4.0212,0,0
13040,4.0935,0,0
13041,3.2460,0,0
13042,3.8978,0,0
13043,3.3258,0,0
13044,3.7852,0,0
13045,3.1014,0,0
13046,1.4089,0,0
13047,2.9865,0,0
13048,1.9539,0,0
13049,2.6307,0,0
13050,3.9713,0,1
13051,5.0208,0,1
13052,5.2029,0,0
13053,3.7404,0,0
13054,1.8941,0,0
13055,2.6451,0,0
13056,2.2994,0,0
13057,1.5558,0,0
13058,3.9857,0,0
13059,3.5630,0,0
13060,4.3931,0,1
13061,4.5203,0,1
13062,4.2918,0,0
13063,3.2200,0,0
13064,4.2040,0,0
13065,4.0659,0,1
13066,4.5677,0,0
13067,3.5927,0,1
13068,1.8499,0,0
13069,3.3217,0,0
13070,2.1510,0,0
13071,2.6755,0,0
13072,3.9558,0,0
13073,4.7452,0,1
13074,4.8949,0,0
13075,3.8360,0,0
13076,2.2324,0,0
13077,2.3884,0,0
13078,1.7881,0,0
13079,1.8262,0,0
13080,3.8798,0,0
13081,3.5146,0,0
13082,4.3004,0,0
13083,4.0560,0,1
13084,4.2421,0,0
13085,3.1060,0,0
13086,4.0922,0,0
13087,2.8881,0,0
13088,3.9056,0,0
13089,2.5339,0,0
13090,1.5888,0,0
13091,3.2915,0,0
13092,2.7603,0,0
13093,2.3876,0,0
13094,4.3775,0,0
13095,4.6888,0,1
13096,5.3548,0,1
13097,3.1701,0,0
13098,2.6073,0,0
13099,2.4022,0,0
13100,1.7967,0,0
13101,2.0019,0,0
13102,3.8282,0,1
13103,4.0566,0,0
13104,4.1238,0,1
13105,4.5123,0,1
13106,3.7060,0,0
13107,3.0495,0,0
13108,4.1510,0,0
13109,3.3416,0,0
13110,4.4514,0,1
13111,2.6649,0,0
13112,2.1207,0,0
13113,2.6620,0,0
13114,1.6924,0,0
13115,2.4689,0,0
13116,3.6125,0,0
13117,4.8178,0,1
13118,5.2896,0,1
13119,2.8184,0,0
13120,2.1138,0,0
13121,2.2368,0,0
13122,1.7120,0,0
13123,2.2987,0,0
13124,3.6754,0,0
13125,3.8866,0,0
13126,4.0387,0,0
13127,4.3091,0,1
13128,4.1093,0,0
13129,2.9012,0,0
13130,4.0347,0,0
13131,4.5125,0,1
13132,4.6127,0,1
13133,3.4787,0,0
13134,1.6710,0,0
13135,2.8601,0,0
13136,1.8181,0,0
13137,2.5076,0,0
13138,3.8670,0,0
13139,5.0075,0,1
13140,5.1566,0,1
13141,3.5471,0,0
13142,2.1010,0,0
13143,2.3654,0,0
13144,1.8431,0,0
13145,2.3924,0,0
13146,3.8908,0,1
13147,4.1015,0,1
13148,4.3580,0,1
13149,4.1001,0,0
13150,4.4116,0,0
13151,3.7314,0,0
13152,4.2742,0,0
13153,4.3749,0,1
13154,4.2040,0,0
13155,3.2441,0,0
13156,1.7613,0,0
13157,3.0193,0,0
13158,1.9120,0,1
13159,2.7153,0,0
13160,4.0460,0,0
13161,4.5731,0,0
13162,4.8800,0,1
13163,3.8743,0,1
13164,2.3588,0,1
13165,2.8036,0,0
13166,2.4397,0,0
13167,2.5913,0,0
13168,4.6096,0,0
13169,4.2061,0,0
13170,3.9994,0,1
13171,3.9684,0,1
13172,4.3549,0,1
13173,3.2403,0,0
13174,3.8748,0,0
13175,3.9813,0,0
13176,4.4127,0,0
13177,4.3026,0,0
13178,1.6605,0,0
13179,2.4612,0,0
13180,1.8059,0,0
13181,1.9086,0,0
13182,4.1364,0,0
13183,4.6788,0,0
13184,5.2123,0,1
13185,3.4491,0,0
13186,2.6362,0,0
13187,2.6075,0,0
13188,2.4683,0,0
13189,2.2764,0,0
13190,4.5661,0,0
13191,4.1496,0,0
13192,4.0542,0,0
13193,3.9867,0,1
13194,4.2767,0,0
13195,3.7568,0,0
13196,3.9309,0,0
13197,4.0624,0,0
13198,4.3803,0,0
13199,3.0635,0,1
13200,1.4279,0,0
13201,2.8161,0,0
13202,1.3500,0,0
13203,2.8475,0,0
13204,3.7313,0,0
13205,4.3221,0,0
13206,4.6956,0,1
13207,3.2815,0,0
13208,1.0783,0,0
13209,1.6588,0,0
13210,1.0650,0,0
13211,0.7822,0,0
13212,2.5941,0,0
13213,2.0846,0,0
13214,2.1200,0,0
13215,1.8922,0,0
13216,0.2676,0,0
13217,0.7453,0,0
13218,2.0748,0,0
13219,1.2057,0,0
13220,1.1023,0,0
13221,2.9612,0,0
13222,1.0441,0,0
13223,1.5750,0,0
13224,3.5908,0,0
13225,2.2035,0,0
13226,3.8692,0,1
13227,0.0000,1,0
13228,0.0000,1,0
13229,0.0000,1,0
13230,1.3810,0,0
13231,2.4109,0,0
13232,1.6871,0,0
13233,1.9960,0,0
13234,3.5741,0,0
13235,4.9459,0,1
13236,5.2142,0,1
13237,3.5481,0,1
13238,3.4645,0,0
13239,2.6124,0,0
13240,2.5627,0,0
13241,3.0397,0,0
13242,5.0873,0,1
13243,4.5777,0,1
13244,3.7458,0,1
13245,3.7682,0,1
13246,3.8940,0,0
13247,3.7711,0,0
13248,3.8025,0,0
13249,4.7658,0,0
13250,4.6647,0,1
13251,3.7369,0,1
13252,1.3989,0,0
13253,2.8148,0,0
13254,1.6427,0,0
13255,2.5389,0,1
13256,4.6476,0,1
13257,4.8121,0,1
13258,5.3561,0,1
13259,3.9124,0,1
13260,2.5097,0,0
13261,2.8310,0,0
13262,3.0715,0,0
13263,2.8610,0,0
13264,4.8842,0,0
13265,4.7483,0,0
13266,4.1687,0,1
13267,4.1174,0,1
13268,4.7272,0,0
13269,4.1979,0,0
13270,4.0144,0,0
13271,3.8427,0,0
13272,3.8639,0,1
13273,3.8668,0,0
13274,1.0911,0,0
13275,2.2161,0,0
13276,1.1936,0,0
13277,1.9513,0,0
13278,3.9466,0,0
13279,5.1018,0,1
13280,5.2944,0,1
13281,3.8374,0,1
13282,2.4826,0,0
13283,3.1274,0,0
13284,2.8050,0,0
13285,2.7625,0,0
13286,4.7454,0,0
13287,4.6966,0,0
13288,3.9780,0,1
13289,3.7546,0,1
13290,4.6006,0,1
13291,3.9460,0,0
13292,4.1078,0,0
13293,4.1454,0,0
13294,3.7004,0,0
13295,3.9900,0,0
13296,0.8267,0,0
13297,1.7518,0,0
13298,1.1758,0,0
13299,1.4103,0,0
13300,4.2499,0,0
13301,4.7056,0,1
13302,5.1370,0,1
13303,3.6296,0,0
13304,2.7128,0,0
13305,3.0939,0,0
13306,2.6408,0,0
13307,2.8980,0,0
13308,4.7935,0,0
13309,4.7185,0,0
13310,4.0255,0,0
13311,3.7550,0,1
13312,4.2105,0,0
13313,3.7981,0,0
13314,3.8655,0,0
13315,3.9887,0,0
13316,3.8263,0,1
13317,4.7101,0,0
13318,0.7417,0,0
13319,1.5210,0,0
13320,0.6904,0,0
13321,1.4695,0,0
13322,3.5314,0,1
13323,4.4182,0,1
13324,4.1732,0,0
13325,3.9198,0,1
13326,2.6872,0,1
13327,2.9284,0,0
13328,3.1670,0,0
13329,3.6853,0,0
13330,4.9408,0,0
13331,5.1114,0,0
13332,3.3147,0,0
13333,3.2215,0,0
13334,3.9517,0,1
13335,4.5754,0,0
13336,3.5683,0,0
13337,4.7840,0,0
13338,3.8385,0,0
13339,5.0508,0,0
13340,0.5092,0,0
13341,0.7869,0,0
13342,0.4563,0,0
13343,0.7395,0,0
13344,2.5000,0,1
13345,3.1507,0,1
13346,3.1477,0,1
13347,2.3951,0,0
13348,1.7829,0,0
13349,3.0097,0,0
13350,2.4702,0,0
13351,2.1622,0,0
13352,4.1068,0,0
13353,4.4233,0,0
13354,3.0009,0,1
13355,2.7095,0,0
13356,3.3057,0,0
13357,3.6410,0,0
13358,3.1649,0,0
13359,3.7957,0,0
13360,3.5233,0,0
13361,4.2235,0,0
13362,0.2142,0,0
13363,0.3788,0,0
13364,0.4319,0,0
13365,0.1607,0,0
13366,0.9700,0,0
13367,0.6571,0,0
13368,1.1491,0,0
13369,0.5332,0,0
13370,0.0000,1,0
13371,0.0000,1,0
13372,0.0000,1,0
13373,0.0000,1,0
13374,0.0000,1,0
13375,0.0000,1,0
13376,0.0000,1,0
13377,0.0000,1,0
13378,0.0000,1,0
13379,0.0000,1,0
13380,0.0000,1,0
13381,0.2142,0,0
13382,0.0000,1,0
13383,0.0000,1,0
13384,0.5382,0,0
13385,0.8650,0,0
13386,1.0124,0,0
13387,0.2142,0,0
13388,0.7167,0,0
13389,0.9397,0,0
13390,1.0843,0,0
13391,0.6483,0,0
13392,0.0000,1,0
13393,0.1072,0,0
13394,1.8685,0,0
13395,0.0000,1,0
13396,2.6155,0,0
13397,2.2823,0,0
13398,2.0525,0,1
13399,2.2533,0,0
13400,0.0000,1,0
13401,0.2142,0,0
13402,1.3277,0,0
13403,4.0040,0,1
13404,0.8417,0,0
13405,1.9033,0,0
13406,1.1523,0,0
13407,1.4681,0,0
13408,2.4346,0,0
13409,3.3560,0,1
13410,3.6314,0,0
13411,2.5850,0,1
13412,2.3459,0,0
13413,2.3848,0,0
13414,2.5980,0,0
13415,2.9448,0,0
13416,4.5973,0,1
13417,4.2462,0,0
13418,2.6989,0,0
13419,3.0328,0,1
13420,3.0753,0,1
13421,3.4610,0,1
13422,3.4505,0,0
13423,4.3381,0,0
13424,3.4406,0,0
13425,3.9995,0,1
13426,1.6008,0,0
13427,2.2403,0,0
13428,2.0368,0,0
13429,1.6006,0,0
13430,3.5819,0,0
13431,4.2249,0,0
13432,4.3294,0,1
13433,3.6086,0,1
13434,2.5543,0,0
13435,2.9800,0,0
13436,2.5093,0,0
13437,2.7291,0,0
13438,4.6814,0,0
13439,4.2802,0,0
13440,3.2483,0,1
13441,3.9332,0,0
13442,3.9346,0,0
13443,3.4270,0,0
13444,3.8477,0,0
13445,4.4538,0,0
13446,3.6066,0,0
13447,4.5995,0,1
13448,1.6187,0,0
13449,2.5228,0,0
13450,1.9661,0,0
13451,1.7362,0,0
13452,3.7042,0,0
13453,4.7608,0,1
13454,5.1636,0,1
13455,3.1717,0,1
13456,2.8279,0,0
13457,2.6174,0,0
13458,2.7433,0,1
13459,2.4819,0,0
13460,4.5758,0,1
13461,4.4105,0,1
13462,2.8840,0,0
13463,3.4253,0,0
13464,3.4286,0,0
13465,3.3065,0,0
13466,3.8495,0,0
13467,4.6019,0,0
13468,3.6637,0,0
13469,4.7344,0,0
13470,1.6283,0,0
13471,2.3547,0,0
13472,2.0349,0,0
13473,1.7358,0,0
13474,4.0876,0,0
13475,4.6572,0,1
13476,4.9796,0,1
13477,3.9486,0,0
13478,2.3703,0,0
13479,2.9236,0,0
13480,2.5816,0,0
13481,2.2137,0,0
13482,4.1038,0,1
13483,4.5267,0,1
13484,3.8076,0,0
13485,4.0507,0,0
13486,3.9795,0,1
13487,3.6924,0,0
13488,3.9753,0,0
13489,4.6616,0,0
13490,4.1736,0,0
13491,4.2108,0,1
13492,1.1411,0,0
13493,2.7104,0,0
13494,1.5782,0,0
13495,2.2183,0,1
13496,3.9906,0,0
13497,4.9052,0,1
13498,5.2183,0,0
13499,3.4516,0,0
13500,2.7191,0,0
13501,2.9493,0,0
13502,2.8142,0,0
13503,2.7185,0,0
13504,4.3680,0,1
13505,4.8150,0,1
13506,3.7587,0,0
13507,3.9931,0,1
13508,4.2874,0,0
13509,3.6479,0,0
13510,4.1549,0,0
13511,3.9504,0,0
13512,4.0844,0,1
13513,4.2583,0,0
13514,1.2875,0,0
13515,2.5778,0,0
13516,1.5880,0,0
13517,1.9264,0,0
13518,3.9092,0,0
13519,4.8552,0,1
13520,5.1944,0,1
13521,3.4152,0,0
13522,3.1603,0,0
13523,3.5222,0,0
13524,2.4448,0,0
13525,2.4843,0,0
13526,4.8237,0,1
13527,4.6642,0,0
13528,3.6445,0,1
13529,3.8623,0,1
13530,3.8768,0,0
13531,3.3326,0,0
13532,4.3995,0,0
13533,4.5575,0,0
13534,4.1647,0,0
13535,4.2786,0,0
13536,1.3441,0,0
13537,3.1167,0,1
13538,2.2918,0,0
13539,2.5138,0,0
13540,3.8528,0,0
13541,4.4099,0,0
13542,4.7623,0,1
13543,3.1216,0,0
13544,0.8181,0,0
13545,0.6441,0,0
13546,0.4227,0,0
13547,0.6273,0,0
13548,1.3427,0,0
13549,1.1481,0,0
13550,2.6748,0,0
13551,2.0971,0,1
13552,0.4153,0,0
13553,0.7105,0,0
13554,1.8038,0,0
13555,1.7225,0,0
13556,1.5945,0,0
13557,4.0281,0,1
13558,0.8935,0,0
13559,1.5456,0,0
13560,2.3256,0,0
13561,2.3262,0,0
13562,3.3026,0,0
13563,0.0000,1,0
13564,0.0000,1,0
13565,0.0000,1,0
13566,1.6636,0,0
13567,2.9475,0,0
13568,2.3277,0,0
13569,2.1609,0,0
13570,4.1192,0,0
13571,4.8692,0,0
13572,5.2626,0,1
13573,3.3847,0,1
13574,3.5524,0,0
13575,3.0059,0,0
13576,2.7354,0,0
13577,2.3119,0,0
13578,4.7012,0,0
13579,4.9083,0,0
13580,3.6868,0,1
13581,3.4797,0,0
13582,3.8156,0,0
13583,3.1620,0,0
13584,4.1442,0,0
13585,4.0561,0,0
13586,4.0714,0,0
13587,3.4916,0,0
13588,1.2705,0,0
13589,3.2021,0,0
13590,2.1265,0,0
13591,2.4102,0,0
13592,4.4795,0,0
13593,4.2475,0,1
13594,5.1383,0,1
13595,3.3884,0,1
13596,2.7799,0,0
13597,3.1271,0,0
13598,2.4630,0,0
13599,2.6751,0,0
13600,4.5966,0,0
13601,4.6048,0,1
13602,3.4006,0,1
13603,3.5937,0,0
13604,3.6522,0,0
13605,3.1686,0,0
13606,3.8491,0,0
13607,4.4230,0,0
13608,4.0452,0,1
13609,4.3664,0,0
13610,1.7645,0,0
13611,2.4669,0,0
13612,2.0372,0,0
13613,2.0031,0,0
13614,3.7245,0,0
13615,4.6316,0,1
13616,4.8594,0,0
13617,3.3528,0,0
13618,3.0828,0,0
13619,3.1647,0,0
13620,2.3532,0,0
13621,2.5488,0,0
13622,4.5799,0,0
13623,4.6297,0,0
13624,3.3272,0,1
13625,3.5974,0,0
13626,3.2975,0,0
13627,3.1703,0,0
13628,4.1284,0,0
13629,4.9369,0,0
13630,4.1946,0,1
13631,3.8040,0,0
13632,1.5899,0,0
13633,2.1207,0,0
13634,1.9173,0,0
13635,1.4369,0,0
13636,3.8555,0,0
13637,4.4617,0,1
13638,4.9337,0,1
13639,2.9833,0,1
13640,2.3036,0,0
13641,2.5361,0,0
13642,1.9692,0,0
13643,2.8402,0,0
13644,4.3152,0,1
13645,3.9494,0,0
13646,3.7417,0,0
13647,3.5661,0,0
13648,3.6604,0,0
13649,3.1727,0,0
13650,4.2277,0,0
13651,4.1761,0,0
13652,4.4666,0,0
13653,4.1868,0,0
13654,1.2640,0,0
13655,1.9950,0,0
13656,1.5533,0,0
13657,1.4086,0,0
13658,3.0738,0,0
13659,3.8420,0,0
13660,4.2217,0,0
13661,2.5721,0,0
13662,2.2654,0,0
13663,2.0874,0,0
13664,2.1239,0,0
13665,2.0406,0,1
13666,3.8693,0,0
13667,3.6103,0,1
13668,3.1165,0,0
13669,3.4258,0,0
13670,3.0281,0,0
13671,2.4879,0,0
13672,3.0579,0,0
13673,3.5680,0,0
13674,3.4202,0,1
13675,3.5648,0,0
13676,0.9369,0,0
13677,2.1372,0,0
13678,1.3791,0,0
13679,1.7037,0,0
13680,2.9493,0,0
13681,4.0142,0,0
13682,3.8826,0,1
13683,2.9922,0,0
13684,1.6604,0,0
13685,2.2310,0,0
13686,2.0356,0,0
13687,1.7804,0,0
13688,3.5288,0,0
13689,3.3038,0,0
13690,3.0626,0,1
13691,3.1573,0,1
13692,3.3626,0,0
13693,2.8975,0,0
13694,2.9120,0,0
13695,3.3413,0,0
13696,3.0462,0,1
13697,3.3123,0,0
13698,1.0951,0,0
13699,2.2004,0,0
13700,1.3202,0,0
13701,1.7381,0,0
13702,3.4782,0,0
13703,3.6103,0,0
13704,3.9705,0,0
13705,2.8909,0,0
13706,1.9542,0,0
13707,2.1483,0,0
13708,1.6415,0,0
13709,1.6922,0,0
13710,3.2084,0,0
13711,3.6844,0,0
13712,3.4583,0,0
13713,3.2864,0,0
13714,3.1562,0,0
13715,2.2732,0,0
13716,3.2009,0,0
13717,3.4291,0,0
13718,2.9476,0,0
13719,2.9808,0,0
13720,1.2188,0,0
13721,1.8636,0,0
13722,1.6176,0,0
13723,1.3995,0,0
13724,3.1315,0,0
13725,3.9406,0,1
13726,4.3422,0,0
13727,2.6857,0,0
13728,1.9309,0,0
13729,1.9032,0,0
13730,1.9132,0,0
13731,1.7356,0,1
13732,3.6214,0,0
13733,2.9809,0,0
13734,3.2590,0,0
13735,2.9161,0,0
13736,2.9533,0,0
13737,2.3528,0,0
13738,3.1911,0,0
13739,3.2798,0,0
13740,3.0563,0,0
13741,2.7583,0,0
13742,0.9336,0,0
13743,2.4375,0,0
13744,1.5693,0,0
13745,1.8107,0,0
13746,3.4217,0,0
13747,4.0567,0,1
13748,4.2765,0,0
13749,3.0566,0,0
13750,2.1292,0,0
13751,2.5156,0,0
13752,2.2004,0,1
13753,1.9405,0,0
13754,3.8337,0,0
13755,3.6152,0,1
13756,3.4703,0,1
13757,3.3544,0,0
13758,3.2446,0,0
13759,2.6563,0,0
13760,2.9936,0,0
13761,3.6403,0,0
13762,3.0590,0,0
13763,3.5780,0,1
13764,1.0030,0,0
13765,2.6961,0,0
13766,1.3663,0,0
13767,2.5166,0,0
13768,3.1256,0,0
13769,4.3682,0,1
13770,4.5206,0,1
13771,3.0531,0,0
13772,2.4762,0,0
13773,2.7162,0,0
13774,2.2952,0,0
13775,2.3390,0,0
13776,4.2105,0,0
13777,4.1024,0,1
13778,3.4096,0,1
13779,3.4071,0,0
13780,3.1425,0,0
13781,3.2367,0,1
13782,3.1321,0,0
13783,4.0756,0,0
13784,3.1719,0,1
13785,3.4458,0,0
13786,1.5868,0,0
13787,2.9719,0,0
13788,1.8935,0,0
13789,2.3613,0,0
13790,3.3291,0,0
13791,4.7569,0,0
13792,5.0578,0,1
13793,2.9746,0,0
13794,2.4519,0,0
13795,2.5066,0,0
13796,2.5781,0,0
13797,2.4842,0,1
13798,4.4024,0,1
13799,4.4497,0,0
13800,4.3224,0,1
13801,3.9090,0,0
13802,3.5348,0,0
13803,2.9559,0,0
13804,3.2888,0,0
13805,4.0888,0,1
13806,3.2056,0,0
13807,4.0394,0,0
13808,1.8813,0,0
13809,2.9147,0,0
13810,2.2198,0,0
13811,2.4164,0,0
13812,3.7503,0,0
13813,4.8261,0,1
13814,5.0315,0,0
13815,3.3650,0,0
13816,2.2568,0,0
13817,2.2201,0,0
13818,1.8068,0,0
13819,1.9352,0,0
13820,3.5754,0,0
13821,3.7212,0,1
13822,3.8522,0,1
13823,3.4586,0,0
13824,4.0245,0,0
13825,2.7130,0,0
13826,3.9860,0,0
13827,3.1713,0,0
13828,4.0382,0,1
13829,2.9899,0,0
13830,1.4011,0,0
13831,2.3389,0,0
13832,1.7623,0,0
13833,1.9139,0,0
13834,3.5513,0,0
13835,4.2438,0,1
13836,4.5008,0,0
13837,3.1961,0,0
13838,2.7975,0,0
13839,3.1929,0,0
13840,2.2980,0,0
13841,2.3143,0,0
13842,4.3421,0,0
13843,4.6476,0,1
13844,3.9846,0,1
13845,3.9274,0,0
13846,4.2957,0,1
13847,3.1471,0,0
13848,3.5404,0,0
13849,4.6714,0,0
13850,4.1319,0,1
13851,4.1090,0,0
13852,1.3320,0,0
13853,3.2861,0,0
13854,2.1384,0,1
13855,2.7539,0,0
13856,3.8464,0,0
13857,4.5564,0,0
13858,4.9878,0,0
13859,3.3506,0,0
13860,2.3350,0,0
13861,2.7029,0,0
13862,2.8367,0,0
13863,2.4772,0,0
13864,4.7024,0,0
13865,4.4169,0,1
13866,3.9452,0,1
13867,3.8796,0,1
13868,4.0054,0,0
13869,2.9804,0,0
13870,3.5459,0,0
13871,4.8117,0,0
13872,4.2452,0,1
13873,3.3467,0,0
13874,1.1598,0,0
13875,2.9349,0,0
13876,1.9916,0,0
13877,2.2989,0,0
13878,3.8187,0,0
13879,4.3598,0,0
13880,4.5410,0,1
13881,3.6517,0,0
13882,2.4903,0,0
13883,2.2682,0,0
13884,2.2682,0,0
13885,2.0746,0,0
13886,3.6569,0,1
13887,4.1844,0,1
13888,3.8759,0,0
13889,3.6385,0,1
13890,4.2960,0,0
13891,2.7530,0,0
13892,3.7115,0,1
13893,4.3266,0,0
13894,4.1794,0,1
13895,4.1720,0,1
13896,1.3406,0,0
13897,1.9690,0,0
13898,1.6564,0,0
13899,1.4779,0,0
13900,3.4898,0,0
13901,4.0764,0,0
13902,4.7260,0,0
13903,2.4483,0,0
13904,2.8192,0,0
13905,2.7446,0,0
13906,2.3336,0,0
13907,1.9582,0,0
13908,4.2045,0,0
13909,4.3817,0,1
13910,3.7911,0,1
13911,3.9428,0,0
13912,3.6431,0,0
13913,2.6715,0,0
13914,3.4506,0,0
13915,4.7826,0,0
13916,3.9890,0,1
13917,3.4677,0,0
13918,1.2356,0,0
13919,2.9110,0,0
13920,1.6248,0,0
13921,2.6580,0,0
13922,3.4410,0,0
13923,3.9543,0,0
13924,4.2083,0,1
13925,2.9490,0,0
13926,1.7318,0,0
13927,2.0544,0,0
13928,2.9031,0,1
13929,1.1871,0,0
13930,4.4017,0,0
13931,4.5629,0,1
13932,4.3229,0,1
13933,4.2376,0,0
13934,0.0000,1,0
13935,0.0000,1,0
13936,3.5439,0,0
13937,0.0000,1,0
13938,0.0000,1,0
13939,1.6650,0,0
13940,3.2137,0,0
13941,2.4850,0,0
13942,2.3388,0,0
13943,3.7766,0,0
13944,4.1965,0,1
13945,4.9439,0,0
13946,3.0490,0,0
13947,2.5601,0,0
13948,2.2322,0,0
13949,2.0727,0,0
13950,2.3287,0,0
13951,4.3137,0,1
13952,3.6814,0,0
13953,4.2254,0,1
13954,3.9023,0,0
13955,4.1709,0,0
13956,3.7405,0,0
13957,3.6126,0,0
13958,5.3240,0,0
13959,4.3954,0,1
13960,3.8889,0,0
13961,1.1994,0,0
13962,2.7177,0,0
13963,1.7988,0,0
13964,2.1462,0,0
13965,3.7727,0,0
13966,4.6822,0,1
13967,4.8471,0,1
13968,3.5278,0,0
13969,2.3343,0,0
13970,2.6866,0,0
13971,2.1354,0,0
13972,1.9952,0,0
13973,4.1344,0,0
13974,3.9483,0,1
13975,3.8774,0,0
13976,3.9356,0,0
13977,4.0457,0,0
13978,3.3181,0,0
13979,4.0129,0,0
13980,3.4311,0,0
13981,4.2580,0,1
13982,3.5825,0,1
13983,1.5018,0,0
13984,2.8941,0,0
13985,2.2538,0,0
13986,2.0866,0,0
13987,3.8509,0,0
13988,4.9130,0,1
13989,4.9007,0,1
13990,3.9543,0,0
13991,2.3270,0,0
13992,2.9599,0,0
13993,2.4034,0,1
13994,1.9551,0,0
13995,4.4258,0,1
13996,4.0377,0,1
13997,3.9085,0,1
13998,3.9672,0,0
13999,4.0861,0,0
14000,3.3601,0,1
14001,4.1617,0,0
14002,4.8040,0,0
14003,4.2351,0,1
14004,2.6770,0,0
14005,1.5217,0,0
14006,3.0151,0,0
14007,2.3513,0,0
14008,2.3412,0,0
14009,4.0008,0,0
14010,4.6832,0,0
14011,5.1948,0,0
14012,3.1726,0,0
14013,2.8534,0,0
14014,2.7695,0,0
14015,2.0564,0,0
14016,2.2903,0,0
14017,4.3184,0,0
14018,4.1983,0,0
14019,3.7982,0,0
14020,3.7638,0,0
14021,4.0227,0,0
14022,3.2666,0,0
14023,4.2119,0,0
14024,4.0646,0,0
14025,4.4384,0,1
14026,3.5072,0,0
14027,1.1752,0,0
14028,2.7699,0,0
14029,1.9673,0,0
14030,2.1569,0,0
14031,3.7577,0,0
14032,4.7553,0,1
14033,4.8468,0,0
14034,3.7221,0,0
14035,2.5887,0,0
14036,2.6004,0,0
14037,2.1936,0,0
14038,2.3703,0,0
14039,4.2952,0,1
14040,4.0421,0,0
14041,3.5971,0,1
14042,3.9796,0,0
14043,4.1458,0,0
14044,3.4009,0,0
14045,3.9193,0,0
14046,3.9977,0,1
14047,4.4583,0,1
14048,3.2414,0,0
14049,1.3177,0,0
14050,2.4266,0,0
14051,1.6170,0,0
14052,2.0563,0,0
14053,3.4163,0,0
14054,4.6583,0,1
14055,4.9082,0,0
14056,3.0622,0,0
14057,2.6185,0,0
14058,2.6882,0,0
14059,2.4825,0,0
14060,2.0079,0,0
14061,4.2303,0,1
14062,4.3582,0,1
14063,3.8875,0,1
14064,3.9183,0,0
14065,4.1348,0,0
14066,3.1756,0,0
14067,3.8813,0,0
14068,4.3234,0,0
14069,4.5575,0,0
14070,4.0222,0,0
14071,1.1115,0,0
14072,2.5426,0,0
14073,1.6974,0,0
14074,2.0230,0,0
14075,3.1554,0,0
14076,4.5291,0,1
14077,4.5951,0,0
14078,3.1862,0,1
14079,2.1802,0,0
14080,2.7713,0,0
14081,1.8136,0,0
14082,1.9732,0,0
14083,3.7763,0,1
14084,3.9228,0,0
14085,3.7054,0,0
14086,3.4921,0,0
14087,3.2862,0,0
14088,2.4497,0,0
14089,3.8179,0,0
14090,3.4128,0,0
14091,4.0730,0,1
14092,3.1591,0,0
14093,1.4596,0,0
14094,2.9214,0,0
14095,1.8623,0,0
14096,2.3858,0,0
14097,3.9986,0,1
14098,4.3339,0,1
14099,5.0322,0,0
14100,2.7898,0,0
14101,1.9660,0,0
14102,2.1268,0,0
14103,1.3174,0,0
14104,1.8858,0,0
14105,3.0402,0,1
14106,3.2797,0,0
14107,3.4722,0,1
14108,3.7105,0,0
14109,4.0466,0,0
14110,2.9961,0,0
14111,4.3031,0,0
14112,4.0305,0,0
14113,4.3900,0,1
14114,2.8376,0,0
14115,1.3355,0,0
14116,3.0359,0,0
14117,1.9701,0,0
14118,2.4936,0,0
14119,3.6819,0,0
14120,4.8505,0,1
14121,4.9475,0,1
14122,3.3676,0,0
14123,2.4427,0,0
14124,2.3730,0,0
14125,2.4967,0,0
14126,2.0444,0,0
14127,4.2021,0,0
14128,3.9306,0,0
14129,3.9353,0,1
14130,3.8978,0,0
14131,3.9324,0,0
14132,2.9993,0,0
14133,4.4433,0,0
14134,4.1864,0,0
14135,4.5264,0,1
14136,4.4106,0,1
14137,1.8972,0,0
14138,3.4783,0,0
14139,2.3338,0,0
14140,2.8744,0,0
14141,4.1276,0,0
14142,4.7931,0,0
14143,5.2936,0,1
14144,3.5547,0,1
14145,2.6560,0,0
14146,2.8015,0,0
14147,2.5209,0,0
14148,2.4490,0,0
14149,4.5043,0,0
14150,4.3607,0,1
14151,3.9834,0,1
14152,4.2176,0,0
14153,4.0465,0,0
14154,3.6207,0,0
14155,4.4819,0,1
14156,4.5348,0,1
14157,4.6970,0,0
14158,4.6976,0,1
14159,1.6414,0,0
14160,3.1293,0,0
14161,2.1242,0,0
14162,2.6994,0,0
14163,3.8804,0,0
14164,4.6661,0,1
14165,5.1900,0,1
14166,2.9579,0,1
14167,2.3215,0,0
14168,3.0129,0,0
14169,2.8692,0,0
14170,2.1746,0,0
14171,4.5650,0,1
14172,4.3788,0,0
14173,4.2402,0,1
14174,4.2755,0,0
14175,3.6783,0,0
14176,2.9533,0,0
14177,4.0555,0,0
14178,4.5053,0,0
14179,4.3073,0,0
14180,3.3719,0,0
14181,1.4629,0,0
14182,2.4167,0,0
14183,1.5371,0,0
14184,2.1265,0,0
14185,3.5679,0,0
14186,4.7540,0,1
14187,5.2100,0,1
14188,2.7786,0,0
14189,2.7540,0,0
14190,2.6104,0,0
14191,2.2867,0,0
14192,2.2716,0,0
14193,4.5379,0,1
14194,4.3063,0,0
14195,3.7831,0,1
14196,4.0837,0,1
14197,3.9205,0,0
14198,3.2572,0,0
14199,4.2141,0,0
14200,5.0015,0,0
14201,4.5929,0,0
14202,3.8843,0,1
14203,1.0719,0,0
14204,2.6444,0,0
14205,1.7038,0,0
14206,2.0936,0,0
14207,2.8226,0,0
14208,3.5021,0,0
14209,3.7612,0,0
14210,2.4940,0,0
14211,0.0000,1,0
14212,0.0000,1,0
14213,0.0000,1,0
14214,0.0000,1,0
14215,0.0000,1,0
14216,0.0000,1,0
14217,0.3453,0,0
14218,0.3453,0,0
14219,0.1607,0,0
14220,0.1607,0,0
14221,0.6269,0,0
14222,4.5948,0,1
14223,2.6931,0,0
14224,1.0404,0,0
14225,0.0000,1,0
14226,0.0000,1,0
14227,0.0000,1,0
14228,0.1072,0,0
14229,0.1072,0,0
14230,0.1072,0,0
14231,0.0000,1,0
14232,0.0000,1,0
14233,1.2019,0,0
14234,1.0967,0,0
14235,0.9203,0,0
14236,1.7397,0,0
14237,2.4729,0,0
14238,1.7108,0,0
14239,2.0364,0,0
14240,3.5358,0,1
14241,4.6478,0,0
14242,4.7576,0,0
14243,3.1131,0,1
14244,2.5042,0,0
14245,2.5941,0,0
14246,2.2743,0,0
14247,1.8099,0,0
14248,4.1069,0,1
14249,3.8754,0,0
14250,3.9545,0,1
14251,3.5913,0,0
14252,4.1934,0,1
14253,3.0915,0,0
14254,4.2297,0,0
14255,3.1367,0,0
14256,4.4528,0,0
14257,4.8841,0,1
14258,1.3795,0,0
14259,2.9228,0,0
14260,1.8468,0,0
14261,2.4307,0,0
14262,3.7809,0,1
14263,4.1765,0,0
14264,4.3975,0,0
14265,3.3655,0,0
14266,2.1478,0,0
14267,2.7428,0,0
14268,2.2632,0,0
14269,2.1798,0,0
14270,3.9864,0,1
14271,4.3456,0,0
14272,3.9866,0,1
14273,4.2255,0,0
14274,3.8109,0,0
14275,3.2012,0,0
14276,4.0894,0,0
14277,3.8917,0,0
14278,4.3693,0,0
14279,4.4502,0,1
14280,1.4743,0,0
14281,3.0907,0,0
14282,2.7601,0,0
14283,1.7685,0,0
14284,4.0464,0,0
14285,4.5108,0,0
14286,4.7883,0,1
14287,3.5567,0,0
14288,2.5476,0,0
14289,2.4121,0,0
14290,2.3458,0,0
14291,2.2194,0,0
14292,4.2979,0,0
14293,4.0129,0,0
14294,4.0653,0,0
14295,3.9942,0,0
14296,3.9762,0,0
14297,2.9716,0,1
14298,3.8247,0,0
14299,4.1399,0,0
14300,4.3450,0,1
14301,2.0954,0,0
14302,1.5430,0,0
14303,2.8799,0,0
14304,1.9265,0,0
14305,2.4479,0,0
14306,3.6838,0,0
14307,4.5357,0,0
14308,5.0452,0,0
14309,3.1428,0,0
14310,2.1440,0,0
14311,1.9520,0,0
14312,1.8384,0,0
14313,1.8771,0,0
14314,3.6677,0,0
14315,3.3494,0,0
14316,3.7688,0,1
14317,3.6680,0,0
14318,3.1331,0,0
14319,2.5981,0,0
14320,3.7749,0,0
14321,1.7331,0,0
14322,4.2731,0,0
14323,1.4544,0,0
14324,1.4289,0,0
14325,2.9282,0,0
14326,1.5661,0,0
14327,2.5491,0,0
14328,3.8773,0,0
14329,4.3771,0,1
14330,4.9219,0,1
14331,3.0115,0,0
14332,2.0870,0,0
14333,2.4662,0,0
14334,2.1572,0,0
14335,2.2043,0,0
14336,3.6917,0,0
14337,3.8228,0,1
14338,3.6403,0,1
14339,3.9288,0,0
14340,3.7317,0,0
14341,3.0793,0,0
14342,4.0733,0,0
14343,3.6158,0,0
14344,4.6165,0,1
14345,2.7379,0,1
14346,1.9398,0,0
14347,3.1353,0,0
14348,2.2754,0,0
14349,2.5076,0,0
14350,4.0836,0,0
14351,4.9610,0,0
14352,5.2988,0,0
14353,3.6537,0,0
14354,2.1911,0,0
14355,2.5615,0,0
14356,2.7150,0,0
14357,2.4899,0,0
14358,4.2944,0,1
14359,4.0103,0,0
14360,3.6481,0,1
14361,4.3667,0,0
14362,3.5551,0,0
14363,3.2252,0,0
14364,3.7938,0,1
14365,3.5497,0,0
14366,4.2451,0,1
14367,2.7968,0,0
14368,1.5634,0,0
14369,3.1284,0,0
14370,2.2140,0,0
14371,2.5544,0,0
14372,4.0995,0,0
14373,4.4889,0,0
14374,5.1517,0,1
14375,3.1604,0,0
14376,2.3089,0,0
14377,3.1616,0,0
14378,2.3807,0,0
14379,2.1671,0,0
14380,4.5332,0,0
14381,4.1338,0,1
14382,3.9433,0,0
14383,4.3309,0,0
14384,4.0813,0,0
14385,3.4322,0,0
14386,4.3234,0,0
14387,4.8526,0,0
14388,4.8133,0,0
14389,4.0948,0,1
14390,1.5899,0,0
14391,3.2048,0,0
14392,2.2016,0,0
14393,2.3824,0,0
14394,3.7138,0,1
14395,4.7580,0,1
14396,5.2631,0,1
14397,2.7296,0,0
14398,3.0381,0,0
14399,3.0922,0,0
14400,2.6197,0,0
14401,2.6569,0,1
14402,4.7912,0,0
14403,4.7564,0,0
14404,3.9573,0,1
14405,4.1011,0,0
14406,3.8362,0,0
14407,3.7593,0,0
14408,4.3405,0,0
14409,4.8475,0,1
14410,4.6744,0,0
14411,3.4834,0,1
14412,1.7109,0,0
14413,3.0937,0,0
14414,2.6830,0,1
14415,2.0688,0,0
14416,4.3729,0,1
14417,4.8232,0,1
14418,5.1792,0,1
14419,3.5661,0,0
14420,2.7139,0,0
14421,2.7245,0,0
14422,2.4792,0,0
14423,2.5137,0,1
14424,4.4969,0,0
14425,4.5758,0,1
14426,3.6350,0,1
14427,4.1660,0,0
14428,3.9767,0,0
14429,3.3169,0,1
14430,4.2927,0,0
14431,4.6564,0,0
14432,4.4071,0,1
14433,3.3876,0,1
14434,1.3030,0,0
14435,3.2362,0,0
14436,2.2519,0,0
14437,2.4359,0,0
14438,4.1589,0,1
14439,4.7584,0,1
14440,5.0649,0,0
14441,3.8108,0,1
14442,2.1492,0,0
14443,2.7993,0,0
14444,2.0534,0,0
14445,2.5994,0,0
14446,4.0299,0,0
14447,4.3330,0,1
14448,3.5198,0,1
14449,3.8054,0,0
14450,3.9796,0,0
14451,3.3484,0,0
14452,3.9558,0,0
14453,3.8791,0,0
14454,3.8972,0,0
14455,3.6711,0,0
14456,1.3088,0,0
14457,3.3320,0,0
14458,2.1564,0,0
14459,2.6040,0,0
14460,4.1865,0,0
14461,4.5566,0,0
14462,4.8993,0,1
14463,3.7263,0,0
14464,2.4784,0,0
14465,2.7060,0,1
14466,2.3711,0,0
14467,2.5337,0,0
14468,4.3538,0,0
14469,4.3465,0,0
14470,3.8255,0,1
14471,4.2143,0,0
14472,4.4044,0,0
14473,3.8378,0,0
14474,3.9583,0,0
14475,3.7985,0,0
14476,4.1690,0,1
14477,2.8810,0,0
14478,1.5850,0,0
14479,2.8156,0,0
14480,2.0742,0,0
14481,2.0036,0,0
14482,3.5026,0,1
14483,4.3796,0,0
14484,4.6805,0,1
14485,3.2027,0,0
14486,2.2540,0,0
14487,2.5679,0,0
14488,2.5421,0,0
14489,2.2295,0,0
14490,4.4915,0,1
14491,3.9628,0,0
14492,4.0895,0,1
14493,4.1169,0,0
14494,3.7611,0,0
14495,2.9908,0,0
14496,3.8132,0,0
14497,4.3778,0,0
14498,4.2033,0,1
14499,3.5099,0,1
14500,1.2281,0,0
14501,3.2503,0,0
14502,2.2773,0,1
14503,2.4806,0,0
14504,3.2053,0,0
14505,3.9603,0,1
14506,4.6645,0,0
14507,2.4027,0,0
14508,2.1245,0,0
14509,1.8146,0,0
14510,2.8313,0,1
14511,1.7770,0,0
14512,4.2344,0,0
14513,4.2761,0,0
14514,4.1972,0,1
14515,3.9054,0,0
14516,0.2142,0,0
14517,0.2142,0,0
14518,3.5117,0,0
14519,0.0000,1,0
14520,0.0000,1,0
14521,1.3861,0,0
14522,3.0912,0,0
14523,2.2693,0,0
14524,2.3676,0,0
14525,3.9882,0,0
14526,4.3931,0,0
14527,4.9878,0,0
14528,3.3075,0,0
14529,2.3269,0,0
14530,2.0501,0,0
14531,2.2491,0,1
14532,1.9685,0,0
14533,4.0578,0,0
14534,3.8627,0,0
14535,3.4873,0,1
14536,3.7799,0,0
14537,3.6436,0,0
14538,2.6493,0,1
14539,3.5113,0,0
14540,3.0041,0,0
14541,3.9581,0,0
14542,2.6603,0,0
14543,1.3848,0,0
14544,3.4198,0,0
14545,2.5236,0,0
14546,2.6228,0,1
14547,4.4388,0,1
14548,4.1165,0,1
14549,5.0974,0,0
14550,3.3024,0,0
14551,2.4230,0,0
14552,3.0044,0,0
14553,2.3912,0,0
14554,2.4861,0,0
14555,4.5296,0,0
14556,4.3349,0,0
14557,3.7318,0,1
14558,3.9127,0,0
14559,3.7995,0,1
14560,3.4748,0,0
14561,3.4951,0,0
14562,4.1234,0,0
14563,4.1741,0,1
14564,4.0312,0,0
14565,1.6904,0,0
14566,3.3488,0,0
14567,2.1742,0,0
14568,2.8098,0,0
14569,3.9227,0,0
14570,4.5440,0,0
14571,4.8940,0,0
14572,3.1534,0,1
14573,2.1365,0,0
14574,2.7373,0,0
14575,2.4248,0,0
14576,2.5118,0,0
14577,4.1387,0,0
14578,4.1897,0,0
14579,3.5787,0,0
14580,3.8756,0,0
14581,4.3700,0,1
14582,3.3082,0,0
14583,4.1633,0,0
14584,4.1953,0,1
14585,4.6510,0,0
14586,3.8279,0,0
14587,1.3721,0,0
14588,3.3505,0,0
14589,2.5961,0,0
14590,2.4175,0,0
14591,4.4474,0,0
14592,4.4158,0,1
14593,5.0746,0,0
14594,3.6102,0,0
14595,2.5423,0,0
14596,2.8223,0,0
14597,2.7065,0,0
14598,2.3816,0,0
14599,4.3698,0,1
14600,4.5387,0,0
14601,3.7835,0,1
14602,4.2296,0,0
14603,4.0700,0,0
14604,2.8111,0,0
14605,3.8782,0,0
14606,4.4445,0,1
14607,4.3185,0,0
14608,4.1661,0,0
14609,1.6678,0,0
14610,3.0221,0,0
14611,2.0556,0,0
14612,2.5483,0,0
14613,3.8646,0,0
14614,5.0815,0,1
14615,5.1357,0,1
14616,3.3729,0,0
14617,2.7525,0,0
14618,2.2592,0,0
14619,2.5305,0,0
14620,2.1101,0,0
14621,4.4323,0,1
14622,4.0142,0,0
14623,3.7485,0,1
14624,4.0538,0,0
14625,3.9141,0,0
14626,2.9361,0,0
14627,4.0806,0,0
14628,3.9191,0,0
14629,4.4889,0,0
14630,3.1761,0,1
14631,1.1638,0,0
14632,2.7374,0,0
14633,2.0241,0,0
14634,2.0658,0,0
14635,4.1936,0,1
14636,4.5199,0,0
14637,5.1238,0,1
14638,3.3138,0,0
14639,2.4809,0,0
14640,2.5177,0,0
14641,2.7354,0,0
14642,2.0602,0,0
14643,4.1881,0,0
14644,4.2323,0,1
14645,3.6693,0,1
14646,3.7534,0,0
14647,3.8205,0,0
14648,3.1625,0,0
14649,4.0103,0,0
14650,3.3774,0,1
14651,4.6747,0,1
14652,2.9938,0,1
14653,1.2646,0,0
14654,2.5878,0,0
14655,1.5017,0,0
14656,2.1874,0,0
14657,3.7368,0,0
14658,4.6726,0,1
14659,5.0572,0,0
14660,3.3492,0,1
14661,2.1096,0,0
14662,2.5681,0,1
14663,2.5028,0,0
14664,2.3352,0,0
14665,4.3589,0,0
14666,3.7918,0,1
14667,3.5008,0,1
14668,4.0918,0,0
14669,4.4077,0,0
14670,3.4459,0,1
14671,4.2392,0,0
14672,4.7240,0,1
14673,4.2343,0,0
14674,2.7623,0,1
14675,1.0661,0,0
14676,2.0062,0,0
14677,1.4503,0,0
14678,1.6181,0,1
14679,4.0056,0,0
14680,4.1620,0,0
14681,4.9071,0,0
14682,3.1310,0,0
14683,2.3617,0,0
14684,2.7369,0,0
14685,2.0551,0,0
14686,2.1028,0,0
14687,4.0238,0,1
14688,3.8839,0,1
14689,4.1127,0,1
14690,3.7850,0,0
14691,4.0294,0,0
14692,2.8531,0,0
14693,4.0686,0,0
14694,3.7672,0,0
14695,4.0798,0,0
14696,2.6182,0,0
14697,1.1988,0,0
14698,1.9726,0,0
14699,1.1654,0,0
14700,1.7015,0,0
14701,3.4594,0,0
14702,4.1671,0,0
14703,4.4710,0,0
14704,3.0381,0,0
14705,1.7333,0,0
14706,2.1521,0,0
14707,2.3238,0,0
14708,2.3097,0,0
14709,3.8753,0,0
14710,3.6536,0,1
14711,3.5793,0,1
14712,3.6776,0,1
14713,3.8888,0,0
14714,3.0195,0,0
14715,3.8532,0,0
14716,3.2474,0,0
14717,3.9665,0,1
14718,2.8112,0,0
14719,0.7493,0,0
14720,2.1322,0,0
14721,1.2560,0,0
14722,1.7340,0,0
14723,3.2315,0,0
14724,3.9952,0,1
14725,4.4400,0,1
14726,2.7526,0,0
14727,1.6349,0,0
14728,2.4348,0,0
14729,2.1507,0,0
14730,2.2716,0,0
14731,3.9441,0,0
14732,3.4607,0,0
14733,3.5296,0,1
14734,3.6646,0,0
14735,4.1386,0,0
14736,3.2597,0,0
14737,4.3283,0,0
14738,3.8282,0,0
14739,3.9253,0,1
14740,2.7457,0,0
14741,0.9354,0,0
14742,2.5258,0,0
14743,1.1958,0,0
14744,2.4063,0,0
14745,3.3899,0,0
14746,4.5606,0,1
14747,4.3294,0,1
14748,3.6864,0,0
14749,2.2391,0,0
14750,2.3495,0,0
14751,2.5156,0,0
14752,2.5862,0,0
14753,4.6289,0,1
14754,4.0846,0,0
14755,3.9208,0,1
14756,4.0504,0,0
14757,4.2444,0,1
14758,3.5339,0,0
14759,3.9716,0,0
14760,3.8600,0,0
14761,3.9431,0,0
14762,3.1166,0,0
14763,1.1868,0,0
14764,2.2132,0,0
14765,1.9008,0,1
14766,1.4381,0,0
14767,3.8035,0,0
14768,4.1242,0,1
14769,4.3512,0,0
14770,3.6681,0,0
14771,2.8511,0,0
14772,2.8535,0,0
14773,2.8523,0,0
14774,2.3696,0,0
14775,4.4323,0,0
14776,4.5820,0,1
14777,3.7338,0,1
14778,3.8680,0,0
14779,4.2081,0,0
14780,3.8932,0,0
14781,3.8738,0,0
14782,3.9497,0,1
14783,3.9842,0,1
14784,4.5906,0,1
14785,1.0359,0,0
14786,1.4634,0,0
14787,1.0038,0,0
14788,1.5092,0,0
14789,3.3813,0,1
14790,3.9671,0,0
14791,4.3542,0,0
14792,2.9340,0,0
14793,1.9481,0,0
14794,2.4497,0,0
14795,2.2983,0,0
14796,2.4229,0,0
14797,4.0651,0,0
14798,3.7126,0,0
14799,3.2265,0,1
14800,3.4463,0,1
14801,4.4971,0,0
14802,3.6819,0,0
14803,4.3617,0,0
14804,3.6448,0,0
14805,4.3734,0,1
14806,3.6637,0,0
14807,0.8943,0,0
14808,1.6139,0,0
14809,0.6395,0,0
14810,1.6626,0,0
14811,2.9603,0,0
14812,4.3490,0,0
14813,4.0864,0,0
14814,3.3364,0,0
14815,2.1591,0,0
14816,2.5076,0,0
14817,2.3785,0,0
14818,2.1022,0,0
14819,3.9241,0,0
14820,4.0663,0,0
14821,3.5068,0,1
14822,3.3998,0,1
14823,4.3150,0,0
14824,3.2878,0,0
14825,4.3013,0,0
14826,3.8076,0,0
14827,3.8773,0,1
14828,3.3462,0,0
14829,0.6965,0,0
14830,2.1600,0,0
14831,1.0753,0,0
14832,1.9247,0,0
14833,2.9125,0,0
14834,3.7678,0,1
14835,3.7061,0,0
14836,3.0499,0,0
14837,1.8167,0,0
14838,2.8598,0,0
14839,2.5571,0,0
14840,2.1206,0,0
14841,3.8576,0,0
14842,4.4218,0,1
14843,3.7049,0,1
14844,3.5943,0,1
14845,4.2592,0,0
14846,3.5096,0,0
14847,3.9798,0,0
14848,4.2243,0,0
14849,4.4762,0,0
14850,4.2953,0,0
14851,0.9833,0,0
14852,2.3436,0,0
14853,2.0141,0,0
14854,1.3241,0,0
14855,3.3296,0,0
14856,3.6269,0,1
14857,3.9491,0,0
14858,2.8678,0,0
14859,2.1437,0,0
14860,2.0493,0,0
14861,2.0538,0,0
14862,2.0759,0,0
14863,3.8331,0,0
14864,3.4074,0,0
14865,3.4452,0,0
14866,3.4452,0,0
14867,3.6701,0,0
14868,2.6643,0,0
14869,4.0475,0,0
14870,2.8340,0,0
14871,3.7681,0,0
14872,3.3166,0,0
14873,0.5664,0,0
14874,1.9172,0,0
14875,1.3576,0,0
14876,1.4370,0,0
14877,2.7319,0,0
14878,2.8776,0,0
14879,3.1565,0,0
14880,2.5099,0,0
14881,0.6797,0,0
14882,0.7075,0,0
14883,0.6791,0,0
14884,0.4319,0,0
14885,1.2393,0,0
14886,1.2014,0,0
14887,2.1549,0,0
14888,1.4659,0,0
14889,0.1607,0,0
14890,0.1607,0,0
14891,1.2265,0,0
14892,0.5734,0,0
14893,0.6263,0,0
14894,2.2747,0,0
14895,0.7904,0,0
14896,0.8993,0,0
14897,3.1432,0,0
14898,2.8942,0,0
14899,3.9509,0,1
14900,0.0000,1,0
14901,0.0000,1,0
14902,0.0000,1,0
14903,0.6076,0,0
14904,1.2976,0,0
14905,0.6571,0,0
14906,1.2593,0,0
14907,2.4958,0,0
14908,3.4435,0,1
14909,3.4957,0,0
14910,2.3856,0,0
14911,1.8139,0,0
14912,1.6954,0,0
14913,2.2609,0,0
14914,2.1363,0,0
14915,3.5478,0,0
14916,3.4266,0,0
14917,3.2426,0,1
14918,3.2726,0,0
14919,3.4547,0,0
14920,2.9561,0,0
14921,3.4682,0,0
14922,2.9369,0,0
14923,4.0575,0,0
14924,3.4828,0,0
14925,0.9753,0,0
14926,1.6197,0,0
14927,0.7087,0,0
14928,1.5348,0,0
14929,2.8794,0,0
14930,3.5119,0,0
14931,3.6574,0,1
14932,2.6304,0,0
14933,1.9844,0,0
14934,2.3709,0,0
14935,1.5805,0,0
14936,2.0905,0,0
14937,3.5455,0,1
14938,3.7510,0,0
14939,3.5654,0,0
14940,3.6333,0,1
14941,4.2064,0,1
14942,3.0567,0,0
14943,4.1556,0,0
14944,3.2908,0,0
14945,4.3588,0,1
14946,4.1189,0,1
14947,0.7478,0,0
14948,1.1082,0,0
14949,0.5625,0,0
14950,1.0894,0,0
14951,3.4715,0,0
14952,3.8559,0,1
14953,4.2994,0,1
14954,2.9607,0,1
14955,1.9046,0,0
14956,2.2502,0,0
14957,2.4765,0,0
14958,2.2942,0,0
14959,4.2917,0,0
14960,3.4512,0,0
14961,3.4615,0,1
14962,3.3082,0,0
14963,3.4750,0,0
14964,2.8709,0,0
14965,4.1054,0,0
14966,3.2680,0,0
14967,3.8114,0,1
14968,3.3506,0,0
14969,0.4153,0,0
14970,1.1658,0,0
14971,0.4153,0,0
14972,1.0900,0,0
14973,3.3587,0,0
14974,3.4476,0,0
14975,3.6674,0,1
14976,3.0548,0,0
14977,1.9855,0,0
14978,2.6970,0,0
14979,2.6652,0,0
14980,2.5198,0,0
14981,4.4084,0,1
14982,4.0522,0,0
14983,3.2868,0,1
14984,3.1996,0,0
14985,4.1626,0,0
14986,3.2865,0,0
14987,4.0405,0,0
14988,4.2547,0,0
14989,4.0298,0,0
14990,3.4269,0,0
14991,0.7815,0,0
14992,0.9193,0,0
14993,0.8099,0,0
14994,0.7447,0,0
14995,2.6888,0,0
14996,3.3318,0,1
14997,3.5749,0,0
14998,2.5812,0,0
14999,2.4191,0,0
15000,2.3311,0,0
15001,3.0917,0,1
15002,2.4482,0,0
15003,4.2332,0,1
15004,4.4324,0,1
15005,2.7585,0,0
15006,3.3518,0,1
15007,3.7306,0,0
15008,3.1396,0,0
15009,3.3221,0,1
15010,3.5512,0,0
15011,3.7751,0,0
15012,4.4584,0,0
15013,0.3788,0,0
15014,0.4607,0,0
15015,0.3788,0,0
15016,0.4395,0,0
15017,1.5704,0,0
15018,2.0121,0,0
15019,1.8992,0,0
15020,1.7766,0,0
15021,1.4845,0,0
15022,1.8806,0,0
15023,1.7070,0,1
15024,1.8850,0,0
15025,3.0836,0,1
15026,3.2876,0,0
15027,2.2133,0,0
15028,2.3753,0,0
15029,2.8281,0,0
15030,2.3816,0,0
15031,2.7910,0,1
15032,2.7104,0,0
15033,3.4525,0,0
15034,3.1423,0,0
15035,0.0000,1,0
15036,0.3331,0,0
15037,0.2386,0,0
15038,0.2020,0,0
15039,0.4227,0,0
15040,0.4319,0,0
15041,0.4319,0,0
15042,0.4319,0,0
15043,0.0000,1,0
15044,0.0000,1,0
15045,0.0000,1,0
15046,0.0000,1,0
15047,0.0000,1,0
15048,0.0000,1,0
15049,0.0000,1,0
15050,0.0000,1,0
15051,0.0000,1,0
15052,0.0000,1,0
15053,0.0000,1,0
15054,0.2020,0,0
15055,0.0000,1,0
15056,0.0000,1,0
15057,0.1607,0,0
15058,0.4637,0,0
15059,0.4729,0,0
15060,0.1607,0,0
15061,1.0043,0,0
15062,1.4216,0,0
15063,1.4537,0,0
15064,1.0006,0,0
15065,0.2386,0,0
15066,0.2142,0,0
15067,2.1144,0,0
15068,0.3977,0,0
15069,2.8046,0,0
15070,2.6275,0,0
15071,2.0302,0,1
15072,2.2332,0,0
15073,0.1607,0,0
15074,0.1607,0,0
15075,1.2577,0,0
15076,3.9260,0,1
15077,0.4918,0,0
15078,0.8632,0,0
15079,0.5336,0,0
15080,0.8291,0,0
15081,2.5577,0,0
15082,2.8552,0,0
15083,3.4926,0,1
15084,1.9593,0,0
15085,2.0755,0,0
15086,2.4445,0,0
15087,2.1044,0,0
15088,2.4255,0,0
15089,4.1425,0,0
15090,3.6941,0,0
15091,3.0136,0,1
15092,2.6450,0,0
15093,2.2104,0,0
15094,2.4892,0,0
15095,2.7833,0,0
15096,3.4818,0,0
15097,3.5024,0,0
15098,3.7964,0,0
15099,1.0094,0,0
15100,1.6019,0,0
15101,1.3490,0,0
15102,1.2967,0,0
15103,3.6182,0,0
15104,3.6443,0,0
15105,4.0737,0,0
15106,3.1606,0,1
15107,2.9203,0,1
15108,2.7319,0,0
15109,2.8599,0,0
15110,2.2296,0,0
15111,4.5426,0,1
15112,4.4556,0,0
15113,2.9795,0,0
15114,3.4020,0,1
15115,3.9836,0,0
15116,3.1314,0,0
15117,3.9146,0,0
15118,4.8775,0,1
15119,4.0760,0,0
15120,5.0147,0,0
15121,1.3315,0,0
15122,1.5864,0,0
15123,1.0986,0,0
15124,1.5194,0,0
15125,3.6507,0,0
15126,4.7983,0,1
15127,5.2763,0,1
15128,2.7336,0,1
15129,2.2275,0,0
15130,2.7158,0,0
15131,2.3601,0,0
15132,2.6142,0,0
15133,4.5617,0,1
15134,3.9012,0,0
15135,3.3810,0,1
15136,3.5064,0,1
15137,3.7585,0,0
15138,3.5399,0,0
15139,4.2139,0,0
15140,4.2338,0,0
15141,4.2528,0,0
15142,4.5466,0,0
15143,1.1234,0,0
15144,2.2188,0,0
15145,1.5089,0,0
15146,1.7505,0,0
15147,4.1433,0,1
15148,4.3964,0,0
15149,5.0514,0,1
15150,3.3866,0,0
15151,2.3942,0,0
15152,3.0833,0,0
15153,2.9291,0,0
15154,2.6329,0,0
15155,4.7654,0,1
15156,4.5837,0,1
15157,3.1834,0,0
15158,3.4274,0,0
15159,3.7884,0,0
15160,3.7623,0,0
15161,4.0635,0,0
15162,4.4878,0,0
15163,4.3430,0,0
15164,4.3709,0,0
15165,1.2607,0,0
15166,2.4311,0,0
15167,1.2955,0,0
15168,2.3594,0,0
15169,3.7440,0,1
15170,4.8926,0,0
15171,5.2345,0,1
15172,3.4659,0,0
15173,2.9576,0,0
15174,3.0641,0,0
15175,2.7808,0,0
15176,2.5545,0,0
15177,4.8667,0,1
15178,4.4375,0,1
15179,3.5975,0,0
15180,3.1861,0,0
15181,4.2416,0,1
15182,3.7093,0,0
15183,4.1544,0,0
15184,4.8787,0,0
15185,4.2737,0,0
15186,3.6979,0,0
15187,1.0534,0,0
15188,2.1229,0,0
15189,1.1509,0,0
15190,1.9771,0,0
15191,3.9298,0,0
15192,4.4384,0,0
15193,4.6504,0,0
15194,3.3324,0,0
15195,2.7106,0,0
15196,3.1244,0,0
15197,1.9174,0,0
15198,2.8380,0,0
15199,4.4371,0,0
15200,4.3492,0,0
15201,3.6578,0,1
15202,3.6133,0,0
15203,3.9229,0,1
15204,3.4297,0,0
15205,3.8274,0,1
15206,4.1976,0,0
15207,4.3278,0,0
15208,4.3286,0,0
15209,1.5295,0,0
15210,2.1941,0,0
15211,1.4227,0,0
15212,2.1006,0,0
15213,3.3438,0,1
15214,4.0305,0,0
15215,4.4865,0,0
15216,2.8303,0,0
15217,0.6273,0,0
15218,0.8073,0,0
15219,0.4563,0,0
15220,0.8205,0,0
15221,1.6642,0,0
15222,1.1282,0,0
15223,2.3395,0,0
15224,2.2886,0,0
15225,0.2676,0,0
15226,0.2676,0,0
15227,1.9406,0,0
15228,1.5748,0,0
15229,1.4962,0,0
15230,3.7813,0,0
15231,0.9952,0,0
15232,1.6882,0,0
15233,2.5341,0,0
15234,2.4623,0,0
15235,2.8682,0,0
15236,0.0000,1,0
15237,0.0000,1,0
15238,0.0000,1,0
15239,1.3418,0,0
15240,2.1835,0,0
15241,1.5929,0,0
15242,1.7266,0,0
15243,3.5976,0,0
15244,4.4142,0,0
15245,4.9142,0,1
15246,2.7907,0,0
15247,3.1883,0,0
15248,2.4659,0,0
15249,2.0299,0,0
15250,2.5760,0,0
15251,4.4893,0,1
15252,4.4594,0,0
15253,3.4844,0,1
15254,3.0214,0,0
15255,4.1230,0,1
15256,3.3150,0,0
15257,4.4727,0,0
15258,4.0928,0,0
15259,4.3556,0,1
15260,3.5694,0,0
15261,1.5384,0,0
15262,2.1869,0,0
15263,1.3562,0,0
15264,1.8656,0,0
15265,3.3527,0,0
15266,4.4556,0,0
15267,4.6872,0,0
15268,2.9996,0,0
15269,1.4998,0,0
15270,1.9141,0,0
15271,2.2657,0,0
15272,2.0011,0,0
15273,3.3845,0,0
15274,3.7891,0,0
15275,3.5416,0,0
15276,3.2338,0,0
15277,3.8177,0,0
15278,2.8655,0,0
15279,3.8892,0,0
15280,2.8492,0,0
15281,3.5919,0,1
15282,2.4639,0,0
15283,1.5520,0,0
15284,2.8692,0,0
15285,1.6055,0,0
15286,2.6622,0,0
15287,3.9726,0,0
15288,4.9131,0,1
15289,4.8877,0,0
15290,3.8304,0,0
15291,3.1011,0,1
15292,3.2920,0,0
15293,2.8690,0,0
15294,2.9254,0,0
15295,4.9112,0,0
15296,5.0973,0,1
15297,3.1943,0,0
15298,2.8261,0,0
15299,3.7251,0,0
15300,3.1356,0,0
15301,3.9029,0,1
15302,4.2659,0,0
15303,4.4121,0,0
15304,4.3388,0,0
15305,1.3323,0,0
15306,1.9394,0,0
15307,1.3733,0,0
15308,1.6973,0,0
15309,3.5604,0,0
15310,4.9727,0,1
15311,4.7832,0,1
15312,3.6197,0,0
15313,2.9976,0,0
15314,3.4240,0,1
15315,2.5554,0,0
15316,2.6509,0,0
15317,5.0049,0,1
15318,4.7225,0,0
15319,3.5946,0,0
15320,3.3525,0,0
15321,3.9980,0,0
15322,3.9383,0,0
15323,4.0773,0,0
15324,4.6040,0,0
15325,3.8560,0,1
15326,4.1165,0,0
15327,1.3348,0,0
15328,1.5940,0,0
15329,0.6517,0,0
15330,1.7733,0,0
15331,3.6091,0,1
15332,4.6877,0,0
15333,4.8504,0,1
15334,3.2132,0,0
15335,3.4537,0,0
15336,2.8672,0,0
15337,2.8294,0,0
15338,2.3217,0,0
15339,4.6661,0,1
15340,4.9735,0,1
15341,3.8158,0,1
15342,3.3198,0,0
15343,4.0363,0,0
15344,3.7822,0,0
15345,3.7815,0,0
15346,4.4762,0,1
15347,3.8152,0,1
15348,4.1450,0,0
15349,0.9988,0,0
15350,2.1951,0,0
15351,0.8264,0,0
15352,2.2113,0,0
15353,3.4962,0,0
15354,4.7729,0,1
15355,4.6144,0,1
15356,3.6063,0,0
15357,3.2922,0,0
15358,3.1659,0,0
15359,2.3578,0,0
15360,2.6554,0,0
15361,4.5930,0,1
15362,4.9080,0,1
15363,3.4604,0,0
15364,3.2593,0,0
15365,4.1223,0,0
15366,4.0350,0,0
15367,3.7677,0,0
15368,4.1014,0,0
15369,4.0771,0,1
15370,4.3432,0,1
15371,0.9415,0,0
15372,1.9837,0,0
15373,0.8731,0,0
15374,2.0502,0,0
15375,3.4630,0,0
15376,4.2426,0,1
15377,4.2941,0,1
15378,3.4225,0,1
15379,2.3331,0,0
15380,2.7152,0,0
15381,2.0942,0,0
15382,2.2029,0,0
15383,4.1871,0,0
15384,4.1115,0,0
15385,3.3925,0,0
15386,3.4620,0,0
15387,4.1552,0,0
15388,3.1870,0,0
15389,3.8444,0,0
15390,4.1926,0,0
15391,3.8183,0,1
15392,4.3657,0,0
15393,0.9088,0,0
15394,1.8477,0,0
15395,0.8973,0,0
15396,1.8291,0,0
15397,3.3648,0,0
15398,3.9305,0,0
15399,4.1982,0,0
15400,3.0002,0,0
15401,2.0529,0,0
15402,2.3272,0,0
15403,2.2872,0,0
15404,2.1851,0,0
15405,3.8377,0,0
15406,4.1132,0,1
15407,3.6646,0,1
15408,3.5672,0,0
15409,3.9526,0,0
15410,3.2648,0,0
15411,3.8063,0,0
15412,4.2732,0,0
15413,4.4158,0,1
15414,4.4044,0,1
15415,0.8766,0,0
15416,1.4480,0,0
15417,1.0600,0,0
15418,1.0818,0,0
15419,3.3760,0,0
15420,3.8539,0,1
15421,4.1670,0,0
15422,2.7540,0,0
15423,2.6218,0,0
15424,2.2418,0,0
15425,2.3462,0,0
15426,2.1018,0,0
15427,3.7331,0,0
15428,4.3059,0,1
15429,3.7510,0,1
15430,3.7277,0,0
15431,4.0554,0,1
15432,3.1768,0,0
15433,3.6959,0,0
15434,3.4743,0,0
15435,3.7098,0,1
15436,3.6545,0,0
15437,0.7273,0,0
15438,2.0552,0,0
15439,0.9293,0,0
15440,2.0111,0,0
15441,2.8812,0,0
15442,4.2138,0,1
15443,4.4308,0,0
15444,2.7502,0,0
15445,2.3116,0,0
15446,2.4300,0,0
15447,2.8472,0,0
15448,1.9289,0,0
15449,3.8047,0,0
15450,4.3590,0,0
15451,3.5293,0,1
15452,3.5856,0,1
15453,3.8585,0,0
15454,2.8953,0,0
15455,3.5627,0,0
15456,3.8880,0,1
15457,3.7976,0,1
15458,3.6512,0,1
15459,0.9281,0,0
15460,2.2447,0,0
15461,1.1641,0,0
15462,1.9512,0,0
15463,3.1950,0,0
15464,4.0533,0,0
15465,4.2605,0,1
15466,2.9254,0,0
15467,2.2675,0,0
15468,2.1814,0,0
15469,2.9646,0,0
15470,2.4257,0,0
15471,4.0079,0,1
15472,4.4827,0,1
15473,4.1277,0,1
15474,4.0165,0,0
15475,3.8319,0,1
15476,3.4013,0,0
15477,3.6101,0,0
15478,4.7592,0,1
15479,4.2786,0,1
15480,3.9505,0,1
15481,0.7761,0,0
15482,2.0900,0,0
15483,1.4599,0,0
15484,1.5209,0,0
15485,3.3111,0,0
15486,3.9592,0,0
15487,4.0532,0,1
15488,3.1396,0,0
15489,1.6487,0,0
15490,2.3768,0,1
15491,2.0405,0,0
15492,2.1366,0,0
15493,3.6572,0,0
15494,3.5815,0,0
15495,3.5983,0,0
15496,3.7419,0,0
15497,4.4826,0,0
15498,3.6380,0,1
15499,3.6060,0,0
15500,4.1806,0,0
15501,4.4060,0,1
15502,4.3286,0,0
15503,0.8661,0,0
15504,1.9942,0,0
15505,1.6264,0,0
15506,1.1990,0,0
15507,3.0041,0,0
15508,3.8438,0,1
15509,4.2792,0,0
15510,2.1304,0,0
15511,1.9721,0,0
15512,1.9826,0,0
15513,1.7461,0,0
15514,1.6679,0,0
15515,3.3998,0,0
15516,3.5833,0,0
15517,3.6888,0,1
15518,3.6117,0,1
15519,3.3196,0,0
15520,2.7938,0,0
15521,3.4833,0,0
15522,2.8427,0,0
15523,3.7875,0,1
15524,2.6581,0,0
15525,0.8441,0,0
15526,2.5640,0,0
15527,1.4277,0,0
15528,2.2351,0,0
15529,3.0355,0,0
15530,3.6231,0,0
15531,3.8606,0,0
15532,2.7649,0,0
15533,1.7901,0,0
15534,2.3551,0,1
15535,2.3549,0,0
15536,2.1542,0,0
15537,3.6982,0,0
15538,4.0532,0,1
15539,3.6630,0,1
15540,3.6733,0,1
15541,3.7812,0,0
15542,3.1473,0,1
15543,3.4192,0,0
15544,3.6213,0,0
15545,4.0207,0,0
15546,3.8701,0,0
15547,0.9155,0,0
15548,2.2118,0,0
15549,1.1450,0,0
15550,2.0716,0,0
15551,3.3034,0,0
15552,3.7310,0,0
15553,3.8071,0,0
15554,3.2653,0,0
15555,2.1621,0,0
15556,2.3239,0,0
15557,2.8551,0,0
15558,2.3273,0,0
15559,4.5342,0,0
15560,4.1055,0,0
15561,3.3009,0,1
15562,4.0422,0,0
15563,3.7312,0,1
15564,3.5952,0,0
15565,3.2998,0,0
15566,3.9235,0,0
15567,3.8664,0,1
15568,3.8046,0,0
15569,0.6889,0,0
15570,1.8706,0,0
15571,0.9027,0,0
15572,1.6951,0,0
15573,2.9830,0,0
15574,3.9508,0,1
15575,3.9517,0,0
15576,2.8457,0,0
15577,2.5206,0,0
15578,3.0358,0,0
15579,2.4604,0,0
15580,2.2191,0,0
15581,4.3131,0,0
15582,4.4780,0,0
15583,3.6734,0,1
15584,4.2693,0,0
15585,4.2189,0,1
15586,3.5331,0,1
15587,3.4222,0,0
15588,4.7784,0,0
15589,4.3029,0,1
15590,4.7295,0,0
15591,0.9102,0,0
15592,2.1128,0,0
15593,1.0138,0,0
15594,1.8878,0,0
15595,2.4781,0,0
15596,3.7756,0,1
15597,3.9728,0,0
15598,2.2216,0,0
15599,1.9229,0,0
15600,1.5563,0,0
15601,2.4634,0,0
15602,1.1038,0,0
15603,3.6406,0,0
15604,4.0489,0,1
15605,3.5517,0,0
15606,3.3234,0,0
15607,0.0000,1,0
15608,0.0000,1,0
15609,3.0257,0,0
15610,0.0000,1,0
15611,0.0000,1,0
15612,1.0761,0,0
15613,2.3169,0,1
15614,1.4431,0,0
15615,1.8016,0,0
15616,2.9859,0,0
15617,3.4248,0,1
15618,4.0658,0,0
15619,2.1378,0,0
15620,2.6755,0,0
15621,2.4322,0,0
15622,2.1331,0,0
15623,2.1671,0,0
15624,4.0302,0,0
15625,4.0864,0,1
15626,3.3399,0,1
15627,3.3896,0,0
15628,3.4835,0,1
15629,2.3397,0,0
15630,3.4463,0,0
15631,3.8261,0,0
15632,3.8297,0,1
15633,3.5579,0,1
15634,0.5988,0,0
15635,1.9675,0,0
15636,0.8218,0,0
15637,1.8952,0,0
15638,3.1277,0,0
15639,3.7855,0,0
15640,3.6734,0,0
15641,3.1947,0,0
15642,2.2490,0,0
15643,2.4450,0,0
15644,2.6806,0,1
15645,2.4768,0,0
15646,4.2620,0,0
15647,4.2871,0,0
15648,3.5420,0,0
15649,3.9224,0,0
15650,3.6258,0,1
15651,2.8610,0,0
15652,3.1871,0,0
15653,4.4708,0,0
15654,3.9189,0,0
15655,4.7288,0,0
15656,0.9772,0,0
15657,2.2252,0,0
15658,1.4526,0,0
15659,1.5436,0,0
15660,2.9893,0,0
15661,3.8893,0,1
15662,3.9271,0,0
15663,3.0221,0,0
15664,1.7600,0,0
15665,2.4130,0,0
15666,2.5626,0,0
15667,2.3290,0,0
15668,4.1833,0,0
15669,4.0676,0,1
15670,4.1132,0,1
15671,4.1662,0,1
15672,4.1250,0,0
15673,3.4145,0,0
15674,3.5175,0,0
15675,4.2972,0,0
15676,4.0651,0,1
15677,4.3617,0,0
15678,0.8066,0,0
15679,2.0793,0,0
15680,1.2004,0,0
15681,1.7957,0,0
15682,3.3055,0,0
15683,3.2346,0,0
15684,3.6783,0,0
15685,2.6289,0,0
15686,2.1734,0,0
15687,2.1257,0,0
15688,1.9181,0,0
15689,2.2998,0,0
15690,3.6846,0,0
15691,3.8011,0,0
15692,3.4684,0,1
15693,3.7582,0,0
15694,3.8249,0,0
15695,2.9549,0,0
15696,3.6786,0,0
15697,3.2335,0,0
15698,3.9887,0,1
15699,3.1753,0,0
15700,0.9953,0,0
15701,1.9899,0,0
15702,1.3088,0,0
15703,1.6390,0,0
15704,2.9462,0,0
15705,4.0842,0,0
15706,4.2336,0,1
15707,2.7949,0,0
15708,2.0897,0,0
15709,2.5417,0,0
15710,1.5927,0,0
15711,1.8756,0,0
15712,3.4817,0,0
15713,3.5160,0,0
15714,3.5920,0,1
15715,3.8088,0,0
15716,3.8779,0,0
15717,2.7995,0,0
15718,3.9129,0,0
15719,3.5605,0,0
15720,4.0831,0,0
15721,3.6038,0,0
15722,0.9187,0,0
15723,1.7196,0,0
15724,0.8447,0,0
15725,1.6114,0,0
15726,3.0702,0,0
15727,3.5071,0,0
15728,3.7829,0,0
15729,2.7708,0,0
15730,1.7930,0,0
15731,2.3487,0,0
15732,1.8053,0,0
15733,2.2690,0,0
15734,3.5115,0,0
15735,3.6291,0,0
15736,3.7250,0,0
15737,3.7816,0,0
15738,4.1374,0,0
15739,2.9587,0,0
15740,4.0498,0,0
15741,4.5132,0,1
15742,4.6607,0,1
15743,4.1498,0,0
15744,0.7279,0,0
15745,1.6997,0,0
15746,0.8257,0,0
15747,1.3834,0,0
15748,2.5438,0,0
15749,3.5517,0,1
15750,3.6000,0,0
15751,2.3627,0,0
15752,2.0269,0,0
15753,1.9205,0,0
15754,1.4666,0,0
15755,2.0909,0,0
15756,3.3657,0,0
15757,3.2526,0,0
15758,3.4044,0,1
15759,3.7667,0,1
15760,3.4086,0,0
15761,2.6345,0,0
15762,3.6008,0,0
15763,3.4443,0,0
15764,4.0465,0,0
15765,2.6813,0,0
15766,0.6873,0,0
15767,1.7928,0,0
15768,0.7539,0,0
15769,1.6344,0,0
15770,2.7545,0,0
15771,3.1708,0,0
15772,3.4504,0,0
15773,2.3469,0,0
15774,1.3337,0,0
15775,1.7370,0,0
15776,1.9116,0,0
15777,1.6963,0,0
15778,2.8964,0,0
15779,2.7606,0,0
15780,3.3055,0,1
15781,3.4197,0,0
15782,3.5975,0,0
15783,2.5540,0,0
15784,3.6502,0,0
15785,2.6107,0,1
15786,4.2181,0,0
15787,3.9836,0,1
15788,0.7822,0,0
15789,1.6364,0,0
15790,0.5866,0,0
15791,1.5189,0,0
15792,2.5254,0,0
15793,3.5006,0,0
15794,3.6743,0,0
15795,2.4231,0,0
15796,2.0269,0,0
15797,1.9078,0,0
15798,1.5216,0,0
15799,1.8745,0,0
15800,3.1980,0,1
15801,3.2331,0,0
15802,3.0650,0,0
15803,2.9597,0,0
15804,3.2159,0,1
15805,2.4764,0,0
15806,3.6300,0,0
15807,3.8041,0,0
15808,4.2541,0,0
15809,3.5085,0,0
15810,1.2396,0,0
15811,1.8149,0,0
15812,1.2074,0,0
15813,1.5607,0,0
15814,3.0765,0,0
15815,3.5113,0,1
15816,3.6454,0,0
15817,2.7482,0,0
15818,1.6436,0,0
15819,2.0472,0,0
15820,1.5113,0,0
15821,1.9553,0,0
15822,3.3092,0,1
15823,3.0068,0,0
15824,3.4405,0,1
15825,3.1105,0,0
15826,3.1372,0,0
15827,3.0046,0,0
15828,3.6700,0,0
15829,4.0500,0,0
15830,4.0847,0,1
15831,3.1700,0,0
15832,0.8829,0,0
15833,1.7292,0,0
15834,0.9543,0,0
15835,1.5192,0,0
15836,3.1180,0,1
15837,3.9057,0,0
15838,4.1228,0,1
15839,2.6482,0,0
15840,1.4294,0,0
15841,2.5059,0,0
15842,2.0693,0,0
15843,1.7203,0,0
15844,3.4990,0,0
15845,3.6663,0,0
15846,3.8245,0,1
15847,3.9958,0,0
15848,3.9207,0,0
15849,3.0918,0,0
15850,3.7310,0,0
15851,4.3388,0,0
15852,3.9809,0,1
15853,3.1331,0,0
15854,0.8920,0,0
15855,1.2922,0,0
15856,0.8493,0,0
15857,0.9293,0,0
15858,2.8545,0,0
15859,3.3326,0,0
15860,3.5042,0,0
15861,2.6568,0,0
15862,2.1814,0,0
15863,2.3901,0,0
15864,2.5825,0,0
15865,2.1437,0,0
15866,4.1488,0,0
15867,3.8943,0,0
15868,3.6769,0,0
15869,4.2315,0,1
15870,3.6212,0,1
15871,2.8435,0,0
15872,3.3745,0,0
15873,4.3085,0,1
15874,4.1514,0,0
15875,4.4889,0,1
15876,0.7434,0,0
15877,1.5357,0,0
15878,0.8090,0,0
15879,1.3856,0,0
15880,1.9960,0,0
15881,2.4342,0,0
15882,2.6197,0,0
15883,1.9944,0,0
15884,0.0000,1,0
15885,0.0000,1,0
15886,0.1607,0,0
15887,0.0000,1,0
15888,0.1607,0,0
15889,0.1607,0,0
15890,0.4153,0,0
15891,0.3210,0,0
15892,0.1607,0,0
15893,0.1607,0,0
15894,0.5260,0,0
15895,3.0346,0,1
15896,1.7846,0,0
15897,0.5049,0,0
15898,0.0000,1,0
15899,0.0000,1,0
15900,0.0000,1,0
15901,0.0000,1,0
15902,0.1072,0,0
15903,0.1072,0,0
15904,0.0000,1,0
15905,0.0000,1,0
15906,0.6563,0,0
15907,1.0799,0,0
15908,0.7336,0,0
15909,1.1961,0,0
15910,1.4396,0,0
15911,0.9492,0,0
15912,1.0038,0,0
15913,2.8516,0,0
15914,4.0004,0,0
15915,4.2056,0,0
15916,2.3420,0,0
15917,2.2184,0,0
15918,2.1449,0,0
15919,1.6894,0,0
15920,1.9009,0,0
15921,3.6747,0,1
15922,3.2108,0,0
15923,3.3624,0,1
15924,3.4656,0,0
15925,3.9196,0,0
15926,2.7027,0,0
15927,4.2332,0,0
15928,2.6632,0,0
15929,4.0726,0,1
15930,3.6483,0,0
15931,0.6867,0,0
15932,1.8232,0,0
15933,0.8327,0,0
15934,1.6999,0,0
15935,2.9012,0,0
15936,4.0359,0,0
15937,4.0664,0,0
15938,2.9877,0,0
15939,2.1622,0,0
15940,2.1241,0,0
15941,2.4173,0,0
15942,1.7849,0,1
15943,3.6434,0,0
15944,3.8778,0,1
15945,3.5180,0,0
15946,3.5759,0,0
15947,3.7261,0,1
15948,2.7578,0,0
15949,4.1787,0,0
15950,4.5044,0,0
15951,4.6571,0,1
15952,4.3746,0,1
15953,1.0560,0,0
15954,1.9730,0,0
15955,1.5152,0,0
15956,1.4181,0,0
15957,3.3409,0,0
15958,4.4154,0,0
15959,4.5414,0,1
15960,2.8001,0,0
15961,2.7220,0,0
15962,2.3260,0,0
15963,1.8578,0,0
15964,2.1001,0,0
15965,3.9621,0,1
15966,3.9404,0,0
15967,3.5147,0,0
15968,3.4156,0,0
15969,3.4247,0,0
15970,2.5536,0,0
15971,4.1249,0,1
15972,4.6549,0,0
15973,4.4885,0,1
15974,3.5191,0,0
15975,0.9702,0,0
15976,1.8635,0,0
15977,1.3293,0,0
15978,1.3784,0,0
15979,3.3142,0,0
15980,4.3889,0,0
15981,4.6010,0,1
15982,2.6794,0,0
15983,2.2961,0,0
15984,2.2848,0,0
15985,1.9762,0,0
15986,2.2941,0,0
15987,4.1615,0,0
15988,3.6480,0,0
15989,3.4234,0,0
15990,3.6614,0,0
15991,3.1835,0,0
15992,2.5637,0,0
15993,3.7932,0,1
15994,4.6869,0,0
15995,4.3257,0,0
15996,4.1159,0,1
15997,1.2527,0,0
15998,2.3366,0,0
15999,1.1820,0,0
16000,2.2016,0,0
16001,3.4112,0,0
16002,4.1247,0,0
16003,4.1671,0,0
16004,3.1609,0,0
16005,2.2403,0,1
16006,1.9382,0,0
16007,1.4741,0,0
16008,1.9255,0,0
16009,3.3469,0,0
16010,3.5316,0,0
16011,2.9456,0,0
16012,3.2933,0,0
16013,4.0273,0,1
16014,2.9737,0,0
16015,4.1717,0,0
16016,4.4439,0,0
16017,4.6205,0,1
16018,3.2092,0,1
16019,0.8302,0,0
16020,2.1186,0,0
16021,1.1740,0,0
16022,1.8473,0,0
16023,3.3644,0,0
16024,3.8758,0,0
16025,4.4668,0,0
16026,2.7680,0,1
16027,2.4261,0,0
16028,2.1910,0,0
16029,2.0511,0,0
16030,1.7610,0,0
16031,3.9979,0,0
16032,3.7312,0,0
16033,3.5842,0,1
16034,4.1420,0,0
16035,3.8998,0,0
16036,3.0692,0,0
16037,4.1605,0,0
16038,4.3584,0,0
16039,4.6991,0,1
16040,3.2513,0,0
16041,0.6449,0,0
16042,2.3343,0,0
16043,1.4635,0,0
16044,1.7993,0,0
16045,3.3899,0,0
16046,3.9744,0,1
16047,4.2377,0,0
16048,3.1259,0,1
16049,2.0302,0,0
16050,2.4385,0,1
16051,2.3948,0,0
16052,1.8621,0,0
16053,3.9452,0,1
16054,3.8966,0,0
16055,3.5230,0,1
16056,3.9528,0,0
16057,3.6937,0,0
16058,3.1466,0,0
16059,3.8208,0,0
16060,3.1126,0,0
16061,3.8637,0,0
16062,2.6229,0,0
16063,0.7331,0,0
16064,2.2019,0,0
16065,1.3824,0,0
16066,1.6490,0,0
16067,3.4542,0,1
16068,4.2014,0,0
16069,4.2995,0,1
16070,3.3466,0,0
16071,2.1749,0,0
16072,2.1939,0,0
16073,2.6378,0,0
16074,2.2472,0,0
16075,4.2407,0,0
16076,4.0337,0,0
16077,3.8122,0,1
16078,4.0929,0,0
16079,4.1714,0,1
16080,3.4483,0,0
16081,4.2304,0,0
16082,3.8512,0,0
16083,4.4054,0,0
16084,4.0833,0,0
16085,1.1536,0,0
16086,2.3817,0,0
16087,1.6830,0,0
16088,1.7208,0,0
16089,4.0165,0,0
16090,4.1167,0,1
16091,4.6522,0,0
16092,3.3029,0,0
16093,2.5332,0,1
16094,2.5993,0,0
16095,2.1946,0,0
16096,2.1243,0,0
16097,4.2752,0,1
16098,3.8093,0,0
16099,3.6441,0,1
16100,3.4586,0,0
16101,4.2487,0,0
16102,3.1361,0,0
16103,4.1052,0,0
16104,4.0388,0,0
16105,4.2462,0,1
16106,3.7309,0,1
16107,0.7194,0,0
16108,2.5562,0,0
16109,1.5402,0,0
16110,1.9943,0,0
16111,3.8436,0,1
16112,4.3818,0,1
16113,4.6655,0,0
16114,3.4877,0,0
16115,2.6361,0,0
16116,2.7315,0,0
16117,2.3320,0,0
16118,2.2834,0,0
16119,4.3557,0,0
16120,4.1161,0,1
16121,3.5403,0,0
16122,3.3324,0,0
16123,3.5640,0,0
16124,2.7617,0,0
16125,4.2032,0,1
16126,4.6240,0,1
16127,4.4973,0,0
16128,4.4520,0,1
16129,0.4439,0,0
16130,1.9473,0,0
16131,0.8509,0,0
16132,1.7245,0,0
16133,3.4246,0,0
16134,3.9457,0,0
16135,4.0810,0,0
16136,3.4281,0,0
16137,1.8002,0,0
16138,2.2027,0,0
16139,2.2955,0,0
16140,1.7855,0,0
16141,3.4824,0,0
16142,3.7533,0,0
16143,3.6127,0,0
16144,3.8448,0,0
16145,4.0418,0,0
16146,2.6192,0,1
16147,3.9780,0,0
16148,4.3124,0,1
16149,4.0902,0,0
16150,3.5676,0,1
16151,0.9406,0,0
16152,2.3642,0,0
16153,1.8765,0,0
16154,1.7427,0,0
16155,2.7455,0,0
16156,3.6545,0,1
16157,3.7870,0,1
16158,2.7194,0,0
16159,1.7811,0,0
16160,2.5556,0,0
16161,2.0676,0,0
16162,1.8583,0,0
16163,3.6591,0,0
16164,3.6234,0,0
16165,3.3578,0,0
16166,3.4752,0,0
16167,3.4492,0,0
16168,2.8734,0,0
16169,3.8829,0,0
16170,3.4652,0,0
16171,4.1131,0,1
16172,3.4840,0,0
16173,0.7194,0,0
16174,2.1306,0,0
16175,1.0707,0,0
16176,1.9222,0,0
16177,2.6101,0,0
16178,3.6762,0,1
16179,4.0374,0,1
16180,2.1837,0,0
16181,1.3566,0,0
16182,1.3864,0,0
16183,1.9431,0,0
16184,0.7504,0,0
16185,3.3935,0,0
16186,3.1647,0,1
16187,3.4795,0,0
16188,3.7785,0,0
16189,0.9757,0,0
16190,0.9735,0,0
16191,3.4525,0,0
16192,0.0000,1,0
16193,0.0000,1,0
16194,0.9375,0,0
16195,1.7499,0,0
16196,1.2836,0,0
16197,1.4577,0,0
16198,2.9727,0,1
16199,3.3126,0,0
16200,3.5643,0,0
16201,2.7126,0,0
16202,1.7527,0,0
16203,1.9637,0,0
16204,2.0714,0,0
16205,2.0626,0,0
16206,3.5746,0,0
16207,3.3316,0,0
16208,3.4063,0,1
16209,3.4459,0,0
16210,3.5154,0,0
16211,2.6970,0,0
16212,4.3475,0,0
16213,3.4076,0,0
16214,4.1026,0,0
16215,2.8735,0,0
16216,1.1143,0,0
16217,2.1394,0,0
16218,1.2973,0,0
16219,1.8980,0,0
16220,3.0912,0,0
16221,4.0934,0,1
16222,3.8408,0,0
16223,3.3652,0,1
16224,1.4519,0,0
16225,2.4362,0,0
16226,2.0793,0,0
16227,1.7484,0,0
16228,3.8548,0,0
16229,3.2112,0,0
16230,3.7221,0,1
16231,3.7767,0,1
16232,4.5629,0,0
16233,3.6543,0,0
16234,4.1783,0,0
16235,4.4770,0,0
16236,4.4889,0,0
16237,3.9481,0,0
16238,1.0330,0,0
16239,1.9618,0,0
16240,0.9702,0,0
16241,1.7878,0,0
16242,3.0465,0,0
16243,3.9866,0,0
16244,3.9481,0,0
16245,3.1418,0,0
16246,1.6564,0,0
16247,2.2770,0,0
16248,1.2893,0,0
16249,2.1286,0,0
16250,3.3753,0,0
16251,3.4631,0,1
16252,3.8644,0,1
16253,3.9267,0,1
16254,3.9876,0,0
16255,3.1434,0,0
16256,3.9640,0,0
16257,4.2340,0,1
16258,3.9487,0,0
16259,2.6771,0,1
16260,0.8218,0,0
16261,1.6266,0,0
16262,1.1085,0,0
16263,1.2845,0,0
16264,3.1585,0,0
16265,3.1777,0,0
16266,3.9808,0,0
16267,2.0668,0,0
16268,2.0851,0,0
16269,2.3061,0,0
16270,1.4747,0,0
16271,1.4439,0,0
16272,3.1006,0,0
16273,3.4208,0,1
16274,3.1055,0,0
16275,2.8493,0,0
16276,2.9709,0,0
16277,2.0145,0,0
16278,3.7006,0,0
16279,3.9913,0,1
16280,3.8134,0,0
16281,2.3655,0,0
16282,0.6843,0,0
16283,1.6376,0,0
16284,0.8020,0,0
16285,1.3454,0,0
16286,3.6447,0,0
16287,3.8152,0,0
16288,4.5788,0,0
16289,2.4052,0,0
16290,1.7358,0,0
16291,2.1014,0,0
16292,1.3158,0,0
16293,1.4842,0,0
16294,3.2989,0,0
16295,2.8322,0,0
16296,3.0582,0,0
16297,3.1593,0,0
16298,3.2289,0,0
16299,2.3195,0,0
16300,4.0160,0,1
16301,2.9074,0,0
16302,3.8544,0,0
16303,2.8026,0,1
16304,0.7846,0,0
16305,2.3801,0,0
16306,1.2410,0,0
16307,2.1392,0,0
16308,3.4846,0,0
16309,4.0045,0,0
16310,4.4244,0,1
16311,2.9760,0,0
16312,1.6096,0,0
16313,2.2518,0,0
16314,1.8913,0,0
16315,1.9123,0,0
16316,3.8474,0,1
16317,3.0912,0,0
16318,3.7050,0,0
16319,4.0137,0,0
16320,3.6118,0,0
16321,2.8048,0,0
16322,4.1543,0,0
16323,3.5280,0,0
16324,4.0415,0,1
16325,3.7793,0,1
16326,1.1808,0,0
16327,1.8924,0,0
16328,1.0499,0,0
16329,1.8964,0,0
16330,2.9857,0,0
16331,4.4911,0,1
16332,4.3531,0,0
16333,3.1098,0,0
16334,2.4189,0,0
16335,2.2930,0,0
16336,2.3669,0,0
16337,2.1909,0,0
16338,3.9059,0,0
16339,3.9320,0,0
16340,3.1829,0,1
16341,3.3091,0,0
16342,4.3385,0,0
16343,3.3278,0,0
16344,4.3936,0,0
16345,4.1710,0,0
16346,4.2751,0,1
16347,4.1229,0,1
16348,0.7783,0,0
16349,2.0226,0,0
16350,1.0731,0,0
16351,1.6472,0,0
16352,3.1383,0,0
16353,3.7480,0,1
16354,4.2394,0,0
16355,2.6368,0,0
16356,1.7961,0,0
16357,2.6621,0,0
16358,1.8018,0,0
16359,1.7230,0,0
16360,3.3406,0,0
16361,3.6226,0,0
16362,3.6393,0,1
16363,3.8500,0,0
16364,4.1107,0,0
16365,3.4029,0,0
16366,4.0421,0,0
16367,3.9864,0,0
16368,4.3187,0,1
16369,3.6276,0,0
16370,0.6959,0,0
16371,1.5198,0,0
16372,0.7417,0,0
16373,1.4126,0,0
16374,3.2002,0,0
16375,3.8240,0,0
16376,4.2925,0,0
16377,2.7736,0,0
16378,1.8334,0,0
16379,2.0679,0,0
16380,1.3148,0,0
16381,1.4937,0,0
16382,3.1886,0,1
16383,3.1395,0,0
16384,3.1039,0,1
16385,3.2015,0,0
16386,3.6796,0,1
16387,2.4154,0,0
16388,4.0143,0,0
16389,2.9093,0,0
16390,3.5302,0,0
16391,1.5779,0,0
16392,0.8249,0,0
16393,1.8452,0,0
16394,0.8135,0,0
16395,1.8093,0,0
16396,2.8988,0,0
16397,3.9881,0,0
16398,3.9224,0,0
16399,2.8852,0,0
16400,2.1762,0,0
16401,2.3643,0,0
16402,1.5732,0,0
16403,1.8717,0,0
16404,3.4216,0,0
16405,3.5918,0,0
16406,3.1278,0,1
16407,3.0385,0,1
16408,4.1483,0,0
16409,3.1688,0,0
16410,3.9471,0,0
16411,4.1602,0,0
16412,4.4198,0,0
16413,3.5471,0,1
16414,0.9178,0,0
16415,2.0662,0,0
16416,0.7371,0,0
16417,2.1650,0,0
16418,3.0952,0,0
16419,3.7303,0,1
16420,3.9532,0,0
16421,2.8424,0,0
16422,1.9261,0,0
16423,2.0925,0,0
16424,1.2311,0,0
16425,1.6534,0,1
16426,3.2622,0,0
16427,2.9928,0,0
16428,3.2424,0,1
16429,3.1238,0,0
16430,3.9699,0,1
16431,2.5200,0,0
16432,3.9000,0,0
16433,3.3051,0,0
16434,3.7321,0,1
16435,2.0628,0,0
16436,0.8943,0,0
16437,1.4700,0,0
16438,0.9683,0,0
16439,1.2446,0,0
16440,2.6377,0,0
16441,3.7762,0,1
16442,3.7264,0,0
16443,2.7072,0,0
16444,2.3398,0,0
16445,2.1776,0,0
16446,2.1944,0,0
16447,1.6108,0,0
16448,3.5683,0,0
16449,3.6522,0,0
16450,3.1542,0,1
16451,3.5832,0,0
16452,3.8362,0,0
16453,2.7240,0,0
16454,3.6068,0,0
16455,3.7920,0,0
16456,3.7545,0,1
16457,3.2956,0,0
16458,0.7968,0,0
16459,1.6001,0,0
16460,0.7163,0,0
16461,1.5588,0,0
16462,3.1229,0,1
16463,3.6353,0,0
16464,3.8667,0,0
16465,2.9178,0,0
16466,1.9832,0,0
16467,2.0131,0,0
16468,1.9087,0,0
16469,1.7456,0,0
16470,3.4177,0,0
16471,3.3815,0,0
16472,3.7795,0,1
16473,3.8028,0,0
16474,4.3630,0,1
16475,3.1819,0,0
16476,4.0379,0,0
16477,4.5351,0,0
16478,4.6353,0,1
16479,4.0140,0,0
16480,0.8089,0,0
16481,1.2917,0,0
16482,0.6105,0,0
16483,1.3385,0,0
16484,2.6541,0,0
16485,3.7119,0,1
16486,3.7031,0,0
16487,2.5171,0,0
16488,2.1921,0,0
16489,2.4588,0,0
16490,2.1870,0,0
16491,2.5603,0,0
16492,4.0891,0,0
16493,4.1031,0,0
16494,3.5255,0,0
16495,3.9582,0,0
16496,3.7032,0,0
16497,3.3004,0,0
16498,3.5213,0,0
16499,3.6843,0,0
16500,3.9568,0,1
16501,3.2195,0,0
16502,0.6227,0,0
16503,1.9278,0,0
16504,1.0236,0,0
16505,1.5715,0,0
16506,2.7638,0,0
16507,3.7495,0,0
16508,3.8312,0,0
16509,2.7273,0,0
16510,1.7921,0,0
16511,2.1010,0,0
16512,1.6191,0,0
16513,1.7953,0,0
16514,3.3881,0,1
16515,3.4185,0,0
16516,3.2160,0,0
16517,2.9587,0,0
16518,3.3869,0,0
16519,2.3404,0,0
16520,3.7417,0,0
16521,3.7661,0,0
16522,4.1051,0,0
16523,4.0811,0,1
16524,0.7504,0,0
16525,1.3437,0,0
16526,1.0993,0,0
16527,0.9757,0,0
16528,2.9089,0,0
16529,3.0108,0,0
16530,3.5582,0,1
16531,2.2866,0,0
16532,1.3688,0,0
16533,1.7986,0,0
16534,2.0096,0,0
16535,1.7483,0,0
16536,2.8718,0,0
16537,3.2664,0,0
16538,3.2879,0,0
16539,3.4630,0,0
16540,4.0738,0,0
16541,3.1144,0,0
16542,4.2057,0,1
16543,3.6078,0,1
16544,4.5013,0,1
16545,3.5783,0,0
16546,0.5336,0,0
16547,1.1262,0,0
16548,0.4517,0,0
16549,1.1505,0,0
16550,1.4603,0,0
16551,2.4277,0,0
16552,2.2228,0,0
16553,2.0226,0,0
16554,0.8257,0,0
16555,0.6867,0,0
16556,0.6025,0,0
16557,0.3088,0,0
16558,1.1594,0,0
16559,1.1945,0,0
16560,1.6950,0,0
16561,1.3849,0,0
16562,0.0000,1,0
16563,0.0000,1,0
16564,1.3472,0,0
16565,0.4894,0,0
16566,0.5402,0,0
16567,2.1186,0,0
16568,0.8778,0,0
16569,0.8875,0,0
16570,3.0768,0,0
16571,2.6500,0,0
16572,3.7889,0,1
16573,0.0000,1,0
16574,0.0000,1,0
16575,0.0000,1,0
16576,0.6030,0,0
16577,0.9102,0,0
16578,0.5260,0,0
16579,0.6919,0,0
16580,2.0489,0,0
16581,3.2401,0,0
16582,3.0886,0,0
16583,2.1860,0,0
16584,1.7175,0,0
16585,1.6802,0,0
16586,1.9676,0,0
16587,2.0004,0,0
16588,3.2785,0,0
16589,3.1919,0,0
16590,3.1348,0,0
16591,3.3071,0,0
16592,3.7495,0,0
16593,3.0937,0,0
16594,3.6814,0,0
16595,4.6349,0,0
16596,4.1769,0,0
16597,3.0251,0,1
16598,0.5092,0,0
16599,1.1638,0,0
16600,0.4973,0,0
16601,1.0742,0,0
16602,1.8053,0,0
16603,3.2424,0,0
16604,2.6270,0,0
16605,2.6838,0,0
16606,1.3751,0,0
16607,2.2730,0,0
16608,2.1889,0,0
16609,1.7904,0,0
16610,3.6036,0,1
16611,3.6408,0,0
16612,3.6140,0,0
16613,4.0574,0,1
16614,3.9383,0,0
16615,3.2966,0,1
16616,4.0164,0,0
16617,4.8040,0,0
16618,4.4421,0,0
16619,3.2086,0,1
16620,0.7478,0,0
16621,0.8327,0,0
16622,0.4153,0,0
16623,0.7691,0,0
16624,2.1202,0,0
16625,2.8841,0,0
16626,2.8832,0,0
16627,2.1514,0,0
16628,1.4313,0,0
16629,1.9683,0,0
16630,1.4973,0,0
16631,1.5078,0,0
16632,2.9215,0,1
16633,3.0806,0,0
16634,3.6272,0,0
16635,3.5447,0,0
16636,3.7676,0,0
16637,2.4231,0,0
16638,4.0456,0,1
16639,3.1355,0,0
16640,4.6755,0,1
16641,2.6512,0,1
16642,0.5734,0,0
16643,0.5668,0,0
16644,0.3210,0,0
16645,0.6919,0,0
16646,2.7572,0,0
16647,2.8830,0,0
16648,3.2151,0,0
16649,2.4540,0,0
16650,1.6118,0,0
16651,2.2778,0,0
16652,2.2701,0,0
16653,2.2465,0,0
16654,3.8962,0,0
16655,3.4082,0,0
16656,3.6400,0,0
16657,3.6268,0,1
16658,4.0832,0,0
16659,2.9436,0,0
16660,3.9596,0,0
16661,4.4319,0,0
16662,4.6159,0,1
16663,4.1499,0,0
16664,0.4395,0,0
16665,0.8323,0,0
16666,0.3909,0,0
16667,0.7213,0,0
16668,1.7803,0,0
16669,2.4238,0,0
16670,2.3669,0,0
16671,1.8983,0,1
16672,1.0068,0,0
16673,1.2714,0,0
16674,1.2890,0,0
16675,1.1043,0,0
16676,1.9358,0,0
16677,2.2089,0,1
16678,2.8353,0,0
16679,3.1109,0,0
16680,4.0204,0,1
16681,2.8171,0,1
16682,3.6832,0,0
16683,2.4660,0,0
16684,4.5379,0,0
16685,3.3912,0,1
16686,0.3088,0,0
16687,0.4805,0,0
16688,0.2020,0,0
16689,0.4973,0,0
16690,1.3912,0,0
16691,1.0546,0,1
16692,1.5282,0,0
16693,1.0069,0,0
16694,0.7852,0,0
16695,1.3293,0,0
16696,1.5221,0,0
16697,1.0347,0,0
16698,2.3742,0,0
16699,1.9569,0,0
16700,1.9914,0,0
16701,2.1779,0,0
16702,1.7817,0,0
16703,1.9140,0,0
16704,2.3271,0,0
16705,3.6074,0,0
16706,2.8023,0,0
16707,0.6099,0,0
16708,0.2020,0,0
16709,0.2142,0,0
16710,0.3088,0,0
16711,0.0000,1,0
16712,0.5336,0,0
16713,0.2020,0,0
16714,0.4729,0,0
16715,0.2676,0,0
16716,0.0000,1,0
16717,0.0000,1,0
16718,0.0000,1,0
16719,0.0000,1,0
16720,0.0000,1,0
16721,0.0000,1,0
16722,0.0000,1,0
16723,0.0000,1,0
16724,0.0000,1,0
16725,0.0000,1,0
16726,0.0000,1,0
16727,0.2142,0,0
16728,0.0000,1,0
16729,0.0000,1,0
16730,1.4924,0,0
16731,2.2777,0,0
16732,1.3785,0,0
16733,2.1304,0,0
16734,3.2933,0,0
16735,4.4066,0,0
16736,4.6401,0,0
16737,3.2725,0,0
16738,1.3209,0,0
16739,1.6135,0,0
16740,1.9022,0,0
16741,0.8218,0,0
16742,3.0989,0,1
16743,2.7676,0,0
16744,1.6000,0,0
16745,1.6341,0,0
16746,1.3892,0,0
16747,1.0421,0,0
16748,1.3477,0,0
16749,2.3333,0,0
16750,1.9380,0,0
16751,3.7899,0,0
16752,2.1137,0,0
16753,3.6947,0,0
16754,4.1409,0,0
16755,5.1252,0,0
16756,5.3655,0,1
16757,3.8592,0,0
16758,2.3759,0,0
16759,2.3417,0,0
16760,2.7123,0,0
16761,1.7278,0,0
16762,4.3701,0,1
16763,4.2544,0,1
16764,2.7967,0,1
16765,2.3531,0,0
16766,2.9476,0,1
16767,2.9981,0,0
16768,2.0798,0,0
16769,3.3359,0,0
16770,1.7169,0,0
16771,2.9570,0,0
16772,1.7753,0,0
16773,2.7137,0,0
16774,3.3303,0,0
16775,4.3284,0,1
16776,4.7979,0,0
16777,3.0792,0,0
16778,1.3026,0,0
16779,1.1027,0,0
16780,2.1966,0,0
16781,1.0417,0,0
16782,3.0619,0,0
16783,3.0925,0,0
16784,2.8591,0,1
16785,2.4120,0,0
16786,0.8837,0,0
16787,0.7532,0,0
16788,1.8940,0,0
16789,3.2336,0,0
16790,1.8762,0,0
16791,2.9104,0,0
16792,1.9746,0,0
16793,2.5449,0,0
16794,3.8696,0,0
16795,4.8385,0,1
16796,5.2212,0,1
16797,3.4056,0,0
16798,1.5076,0,0
16799,1.4725,0,0
16800,2.2035,0,0
16801,1.3807,0,0
16802,3.6564,0,1
16803,3.4818,0,0
16804,2.8558,0,1
16805,2.6052,0,0
16806,1.6640,0,0
16807,1.1858,0,0
16808,1.9408,0,0
16809,3.2817,0,0
16810,1.7668,0,0
16811,3.2206,0,0
16812,2.6490,0,0
16813,2.3136,0,0
16814,4.0475,0,0
16815,5.3375,0,1
16816,5.5372,0,1
16817,3.6808,0,0
16818,1.6054,0,0
16819,1.3195,0,0
16820,1.7700,0,0
16821,0.8853,0,0
16822,2.9751,0,0
16823,3.1028,0,0
16824,2.6228,0,0
16825,2.5785,0,0
16826,1.1816,0,0
16827,1.0824,0,0
16828,1.7482,0,0
16829,3.2534,0,0
16830,1.6336,0,0
16831,2.7267,0,0
16832,2.1291,0,0
16833,1.9988,0,0
16834,3.5240,0,0
16835,4.4346,0,1
16836,5.0443,0,1
16837,2.5489,0,0
16838,0.9438,0,0
16839,1.0972,0,0
16840,1.5615,0,0
16841,0.7921,0,0
16842,2.2979,0,0
16843,2.6759,0,0
16844,2.6540,0,0
16845,2.3586,0,0
16846,0.0000,1,0
16847,0.1072,0,0
16848,1.7965,0,0
16849,3.1929,0,0
16850,1.4778,0,0
16851,2.5960,0,0
16852,0.9019,0,0
16853,2.8212,0,0
16854,2.9069,0,0
16855,4.0522,0,0
16856,4.3354,0,0
16857,2.5418,0,0
16858,0.8905,0,0
16859,0.9949,0,0
16860,1.8917,0,0
16861,0.7859,0,0
16862,2.4888,0,1
16863,2.6300,0,1
16864,1.6897,0,1
16865,1.5539,0,0
16866,1.2778,0,0
16867,0.8862,0,0
16868,1.3171,0,0
16869,2.3823,0,0
16870,1.7924,0,0
16871,3.0683,0,0
16872,1.8611,0,0
16873,2.9321,0,0
16874,3.8160,0,0
16875,4.0377,0,0
16876,4.4732,0,0
16877,3.2705,0,0
16878,1.4723,0,0
16879,1.2804,0,0
16880,2.4731,0,0
16881,1.2616,0,0
16882,3.5119,0,1
16883,3.3709,0,0
16884,2.6559,0,0
16885,2.3356,0,0
16886,1.1720,0,0
16887,1.2804,0,0
16888,1.6119,0,0
16889,3.4533,0,0
16890,2.1481,0,0
16891,3.6024,0,0
16892,2.5375,0,0
16893,2.9730,0,0
16894,3.7677,0,0
16895,4.3446,0,1
16896,4.8178,0,0
16897,3.4236,0,0
16898,1.5364,0,0
16899,0.9936,0,0
16900,1.7358,0,0
16901,1.4731,0,0
16902,3.3369,0,0
16903,2.8334,0,0
16904,2.8127,0,0
16905,2.3547,0,0
16906,1.1393,0,0
16907,1.8221,0,0
16908,1.7478,0,0
16909,3.5461,0,0
16910,1.6196,0,0
16911,3.2089,0,0
16912,2.1343,0,0
16913,2.9306,0,0
16914,3.1997,0,0
16915,3.9080,0,0
16916,3.8676,0,1
16917,3.2901,0,0
16918,1.2653,0,0
16919,1.1331,0,0
16920,0.6095,0,0
16921,1.0618,0,0
16922,1.8647,0,0
16923,2.1278,0,0
16924,1.4278,0,0
16925,1.3289,0,0
16926,1.7472,0,0
16927,1.3709,0,0
16928,0.8723,0,0
16929,3.3416,0,0
16930,0.0000,1,0
16931,0.0000,1,0
16932,1.2732,0,0
16933,1.7857,0,0
16934,1.0038,0,0
16935,1.6604,0,0
16936,3.1706,0,1
16937,3.9491,0,1
16938,4.3058,0,1
16939,2.9542,0,0
16940,0.9201,0,0
16941,0.7632,0,0
16942,1.7513,0,0
16943,0.6198,0,0
16944,2.4942,0,0
16945,2.7312,0,1
16946,2.1969,0,0
16947,1.9980,0,0
16948,1.1317,0,0
16949,1.0434,0,0
16950,1.5876,0,0
16951,2.8834,0,0
16952,1.9725,0,0
16953,3.8395,0,0
16954,2.7530,0,0
16955,3.0414,0,0
16956,4.3059,0,0
16957,4.2333,0,0
16958,5.0497,0,1
16959,3.4483,0,1
16960,1.4056,0,0
16961,1.0539,0,0
16962,2.5138,0,0
16963,1.3105,0,0
16964,3.8646,0,0
16965,3.5806,0,1
16966,2.2171,0,1
16967,2.0544,0,0
16968,2.7421,0,0
16969,2.0416,0,0
16970,1.8731,0,0
16971,3.0075,0,0
16972,1.6264,0,0
16973,3.1179,0,0
16974,2.2179,0,0
16975,2.6599,0,0
16976,3.5876,0,0
16977,4.1962,0,1
16978,4.7288,0,1
16979,3.1676,0,0
16980,1.5421,0,0
16981,1.2242,0,0
16982,2.3693,0,0
16983,0.8013,0,0
16984,3.5543,0,1
16985,3.4162,0,1
16986,2.2741,0,0
16987,2.2320,0,0
16988,2.3926,0,0
16989,2.0688,0,0
16990,1.6395,0,0
16991,3.1984,0,0
16992,2.4609,0,0
16993,3.9825,0,0
16994,2.4582,0,0
16995,3.6940,0,0
16996,4.1647,0,1
16997,5.1167,0,1
16998,5.4610,0,1
16999,3.6812,0,0
17000,2.8318,0,0
17001,1.9186,0,0
17002,2.4593,0,0
17003,1.6254,0,0
17004,4.6390,0,1
17005,4.4967,0,1
17006,3.0599,0,1
17007,2.5105,0,0
17008,2.8943,0,0
17009,2.2670,0,0
17010,2.1225,0,0
17011,3.3753,0,0
17012,2.2101,0,0
17013,2.9790,0,0
17014,2.0547,0,0
17015,2.8198,0,0
17016,4.2784,0,0
17017,4.9489,0,1
17018,5.4107,0,1
17019,3.4743,0,0
17020,2.3923,0,0
17021,1.9261,0,0
17022,3.1167,0,0
17023,1.6737,0,0
17024,4.6607,0,1
17025,4.5026,0,1
17026,2.9136,0,1
17027,2.7978,0,0
17028,2.9149,0,0
17029,2.2022,0,0
17030,2.0524,0,0
17031,3.3753,0,0
17032,1.3067,0,0
17033,2.6721,0,0
17034,2.2057,0,0
17035,1.7187,0,0
17036,3.2245,0,0
17037,4.7262,0,1
17038,5.0756,0,1
17039,2.5911,0,0
17040,0.5862,0,0
17041,1.1758,0,0
17042,1.8179,0,0
17043,0.8287,0,0
17044,2.3021,0,0
17045,2.5292,0,0
17046,2.6276,0,0
17047,2.1695,0,0
17048,0.0000,1,0
17049,0.0000,1,0
17050,1.7279,0,0
17051,3.1929,0,0
17052,1.0207,0,0
17053,2.0428,0,0
17054,1.0690,0,0
17055,1.9307,0,0
17056,3.2257,0,0
17057,3.6330,0,0
17058,4.2374,0,0
17059,2.3354,0,0
17060,0.9986,0,0
17061,0.6034,0,0
17062,1.2882,0,0
17063,0.5382,0,0
17064,2.1803,0,1
17065,1.8620,0,0
17066,1.7619,0,0
17067,1.3423,0,0
17068,0.0000,1,0
17069,0.2142,0,0
17070,0.9233,0,0
17071,2.3823,0,0
17072,1.4203,0,0
17073,3.2161,0,0
17074,1.8375,0,0
17075,3.2886,0,0
17076,3.4898,0,0
17077,4.0836,0,1
17078,4.0968,0,1
17079,3.4422,0,0
17080,1.5777,0,0
17081,1.4054,0,0
17082,2.0875,0,0
17083,0.8533,0,0
17084,3.3577,0,0
17085,3.1513,0,1
17086,2.7540,0,0
17087,2.2322,0,0
17088,0.6227,0,0
17089,0.7730,0,0
17090,1.5187,0,0
17091,3.4138,0,0
17092,1.6518,0,0
17093,2.9598,0,0
17094,1.8799,0,0
17095,2.6032,0,0
17096,3.9604,0,1
17097,4.0516,0,0
17098,4.5532,0,1
17099,3.3815,0,1
17100,1.4530,0,0
17101,1.2320,0,0
17102,2.2773,0,1
17103,1.2449,0,0
17104,3.4773,0,0
17105,3.0488,0,1
17106,2.6295,0,0
17107,2.5559,0,0
17108,1.5025,0,0
17109,1.8275,0,0
17110,1.6827,0,0
17111,3.4145,0,0
17112,1.6778,0,0
17113,3.3046,0,0
17114,2.6137,0,0
17115,2.7195,0,0
17116,4.0861,0,0
17117,4.5625,0,1
17118,5.2137,0,1
17119,3.4359,0,0
17120,1.5974,0,0
17121,1.8950,0,0
17122,2.5380,0,0
17123,1.1850,0,0
17124,3.9111,0,1
17125,3.6936,0,1
17126,2.5904,0,0
17127,2.4636,0,0
17128,2.6330,0,1
17129,2.5564,0,0
17130,1.8451,0,0
17131,3.4533,0,0
17132,0.0000,1,0
17133,0.0000,1,0
17134,1.8741,0,0
17135,2.5562,0,0
17136,1.6646,0,0
17137,2.3446,0,0
17138,2.7409,0,0
17139,3.7818,0,0
17140,3.4623,0,0
17141,3.3476,0,0
17142,1.9197,0,0
17143,1.7381,0,0
17144,2.9885,0,1
17145,1.4481,0,0
17146,4.4044,0,1
17147,4.2747,0,1
17148,2.7918,0,1
17149,2.4917,0,0
17150,2.8101,0,0
17151,2.1331,0,0
17152,1.9675,0,0
17153,3.4138,0,0
17154,1.2310,0,0
17155,2.4931,0,0
17156,2.1874,0,0
17157,1.4227,0,0
17158,2.9555,0,0
17159,2.7233,0,0
17160,3.8889,0,0
17161,1.4482,0,0
17162,0.1607,0,0
17163,0.1607,0,0
17164,0.6458,0,0
17165,0.0000,1,0
17166,0.7829,0,0
17167,0.7565,0,0
17168,1.3117,0,0
17169,1.4256,0,0
17170,0.3210,0,0
17171,0.2676,0,0
17172,1.0505,0,0
17173,0.0000,1,0
17174,0.0000,1,0
17175,0.0000,1,0
17176,0.0000,1,0
17177,0.0000,1,0
17178,0.0000,1,0
17179,0.0000,1,0
17180,0.0000,1,0
17181,0.0000,1,0
17182,0.0000,1,0
17183,0.0000,1,0
17184,0.0000,1,0
17185,0.0000,1,0
17186,0.0000,1,0
17187,0.0000,1,0
17188,0.0000,1,0
17189,0.0000,1,0
17190,0.0000,1,0
17191,0.0000,1,0
17192,0.0000,1,0
17193,0.0000,1,0
17194,2.4951,0,0
17195,3.4903,0,0
17196,3.0372,0,0
17197,2.5764,0,0
17198,4.2039,0,0
17199,4.9332,0,0
17200,5.3175,0,1
17201,3.7194,0,0
17202,2.1700,0,0
17203,1.7809,0,0
17204,2.8746,0,1
17205,1.7607,0,0
17206,4.7221,0,1
17207,4.4193,0,1
17208,2.6139,0,1
17209,2.4743,0,0
17210,2.7339,0,0
17211,2.2672,0,0
17212,2.3310,0,0
17213,3.4138,0,0
17214,1.6845,0,0
17215,2.9518,0,0
17216,2.3392,0,0
17217,2.2022,0,0
17218,3.8954,0,0
17219,4.8045,0,1
17220,5.2333,0,1
17221,3.6809,0,0
17222,2.1615,0,0
17223,2.0636,0,0
17224,3.0291,0,1
17225,1.7375,0,0
17226,4.5047,0,1
17227,4.4730,0,1
17228,2.7246,0,1
17229,2.6962,0,0
17230,2.7139,0,1
17231,2.5736,0,0
17232,1.9991,0,0
17233,3.4138,0,0
17234,2.0168,0,0
17235,2.9881,0,0
17236,2.7119,0,0
17237,2.1023,0,0
17238,4.2689,0,0
17239,4.6261,0,0
17240,5.2038,0,1
17241,2.9880,0,0
17242,0.0000,1,0
17243,0.0000,1,0
17244,0.0000,1,0
17245,0.0000,1,0
17246,0.0000,1,0
17247,0.0000,1,0
17248,0.0000,1,0
17249,0.0000,1,0
17250,0.0000,1,0
17251,0.0000,1,0
17252,0.4549,0,0
17253,0.0000,1,0
17254,1.3593,0,0
17255,2.9958,0,0
17256,1.9809,0,0
17257,2.4017,0,0
17258,3.5823,0,0
17259,4.1029,0,1
17260,4.6802,0,1
17261,2.5351,0,0
17262,0.0000,1,0
17263,0.0000,1,0
17264,0.0000,1,0
17265,0.0000,1,0
17266,0.0000,1,0
17267,0.0000,1,0
17268,0.0000,1,0
17269,0.0000,1,0
17270,0.0000,1,0
17271,0.0000,1,0
17272,0.3255,0,0
17273,0.0000,1,0
17274,0.5095,0,0
17275,2.2782,0,0
17276,1.3546,0,0
17277,1.7686,0,0
17278,3.2711,0,0
17279,3.6931,0,0
17280,4.4595,0,0
17281,2.2638,0,0
17282,0.0000,1,0
17283,0.0000,1,0
17284,0.0000,1,0
17285,0.0000,1,0
17286,0.0000,1,0
17287,0.0000,1,0
17288,0.0000,1,0
17289,0.0000,1,0
17290,0.0000,1,0
17291,0.0000,1,0
17292,0.2142,0,0
17293,0.0000,1,0
17294,2.6364,0,0
17295,3.1075,0,0
17296,1.6312,0,0
17297,3.2149,0,0
17298,3.2869,0,1
17299,3.9627,0,0
17300,4.4895,0,1
17301,2.5523,0,0
17302,1.4399,0,0
17303,1.2096,0,0
17304,2.4605,0,0
17305,1.2202,0,0
17306,3.9700,0,1
17307,3.4830,0,0
17308,2.4038,0,1
17309,2.4345,0,0
17310,2.3833,0,0
17311,1.7285,0,0
17312,2.2639,0,0
17313,3.4138,0,0
17314,2.0849,0,0
17315,3.3053,0,0
17316,2.6318,0,0
17317,3.0179,0,0
17318,3.4395,0,0
17319,3.3610,0,0
17320,4.0600,0,0
17321,2.6570,0,0
17322,1.6582,0,0
17323,1.1358,0,0
17324,2.7765,0,0
17325,1.2652,0,0
17326,3.7234,0,1
17327,3.9788,0,1
17328,2.6066,0,0
17329,2.4996,0,0
17330,2.6650,0,0
17331,1.6955,0,0
17332,1.8929,0,0
17333,3.3947,0,0
17334,0.0000,1,0
17335,0.0000,1,0
17336,0.8227,0,0
17337,1.4351,0,0
17338,1.1414,0,0
17339,1.0667,0,0
17340,2.7006,0,0
17341,4.1039,0,1
17342,4.0549,0,1
17343,2.9373,0,0
17344,0.0000,1,0
17345,0.0000,1,0
17346,0.0000,1,0
17347,0.0000,1,0
17348,0.0000,1,0
17349,0.0000,1,0
17350,0.0000,1,0
17351,0.0000,1,0
17352,0.0000,1,0
17353,0.0000,1,0
17354,0.2920,0,0
17355,0.0000,1,0
17356,1.9178,0,0
17357,3.1505,0,0
17358,2.2979,0,0
17359,2.4292,0,0
17360,3.5268,0,0
17361,4.4042,0,1
17362,4.6940,0,1
17363,2.9092,0,0
17364,0.7776,0,0
17365,0.8669,0,0
17366,1.0463,0,0
17367,0.5260,0,0
17368,1.6128,0,0
17369,1.5427,0,0
17370,0.9035,0,0
17371,0.9468,0,0
17372,0.9271,0,0
17373,0.6151,0,0
17374,1.0398,0,0
17375,1.4197,0,0
17376,1.3165,0,0
17377,2.3264,0,0
17378,1.5420,0,0
17379,1.7567,0,0
17380,3.2952,0,0
17381,3.8446,0,1
17382,4.2006,0,1
17383,2.9783,0,0
17384,0.6221,0,0
17385,0.6788,0,0
17386,1.1704,0,1
17387,0.7684,0,0
17388,1.7560,0,0
17389,1.7524,0,0
17390,1.1496,0,1
17391,0.9959,0,0
17392,1.1125,0,1
17393,0.7621,0,0
17394,1.0087,0,0
17395,1.4197,0,0
17396,1.8516,0,0
17397,2.9059,0,0
17398,2.0018,0,0
17399,2.4537,0,0
17400,3.6220,0,0
17401,4.1366,0,0
17402,4.3343,0,1
17403,3.4537,0,0
17404,1.2118,0,0
17405,1.4365,0,0
17406,1.8966,0,0
17407,0.9476,0,0
17408,2.8242,0,0
17409,2.7179,0,1
17410,1.6502,0,1
17411,1.5334,0,0
17412,1.3072,0,0
17413,1.1545,0,0
17414,1.3437,0,0
17415,2.3823,0,0
17416,1.0759,0,0
17417,2.5853,0,0
17418,1.7567,0,0
17419,2.1730,0,0
17420,3.5352,0,0
17421,3.7584,0,1
17422,4.3411,0,1
17423,2.8763,0,1
17424,0.0000,1,0
17425,0.0000,1,0
17426,0.0000,1,0
17427,0.0000,1,0
17428,0.0000,1,0
17429,0.0000,1,0
17430,0.0000,1,0
17431,0.0000,1,0
17432,0.0000,1,0
17433,0.0000,1,0
17434,0.2020,0,0
17435,0.0000,1,0
17436,1.5905,0,0
17437,3.0137,0,0
17438,2.4005,0,0
17439,2.1341,0,0
17440,3.7920,0,0
17441,4.5368,0,0
17442,5.0508,0,1
17443,2.6090,0,0
17444,0.0000,1,0
17445,0.0000,1,0
17446,0.0000,1,0
17447,0.0000,1,0
17448,0.0000,1,0
17449,0.0000,1,0
17450,0.0000,1,0
17451,0.0000,1,0
17452,0.0000,1,0
17453,0.0000,1,0
17454,0.5243,0,0
17455,0.0000,1,0
17456,1.7137,0,0
17457,3.3024,0,0
17458,1.6919,0,0
17459,3.2349,0,0
17460,3.9479,0,0
17461,4.5632,0,0
17462,5.2507,0,1
17463,2.8099,0,0
17464,1.5196,0,0
17465,1.7644,0,0
17466,2.0927,0,0
17467,1.5674,0,0
17468,3.8051,0,1
17469,3.4402,0,1
17470,2.7369,0,1
17471,2.5291,0,0
17472,0.4924,0,0
17473,0.4924,0,0
17474,1.7139,0,0
17475,3.4138,0,0
17476,1.3672,0,0
17477,2.7287,0,0
17478,1.7034,0,0
17479,2.3173,0,1
17480,3.5345,0,0
17481,4.4088,0,1
17482,4.8496,0,0
17483,3.0247,0,0
17484,1.7773,0,0
17485,1.7535,0,0
17486,2.1994,0,0
17487,1.3616,0,0
17488,3.5427,0,1
17489,3.4749,0,1
17490,2.7773,0,1
17491,2.6568,0,0
17492,0.9515,0,0
17493,1.1816,0,0
17494,1.7352,0,0
17495,3.4138,0,0
17496,1.3233,0,0
17497,2.2314,0,0
17498,1.7494,0,0
17499,1.7366,0,0
17500,3.3884,0,0
17501,3.7676,0,0
17502,4.1280,0,1
17503,3.1392,0,0
17504,1.2719,0,0
17505,1.0077,0,0
17506,1.1444,0,0
17507,0.9506,0,0
17508,2.1413,0,1
17509,2.0507,0,0
17510,1.6290,0,1
17511,1.4234,0,0
17512,0.4671,0,0
17513,1.0387,0,0
17514,1.0877,0,0
17515,2.3823,0,0
17516,0.8856,0,0
17517,2.1529,0,0
17518,1.2814,0,0
17519,1.8687,0,0
17520,2.5225,0,0
17521,3.8063,0,0
17522,3.6455,0,1
17523,3.0080,0,0
17524,0.6401,0,0
17525,1.0321,0,0
17526,1.3174,0,0
17527,0.8577,0,0
17528,2.2763,0,0
17529,2.0588,0,0
17530,1.7876,0,1
17531,1.4329,0,0
17532,0.4273,0,0
17533,0.7898,0,0
17534,1.0626,0,0
17535,2.3823,0,0
17536,0.0000,1,0
17537,0.0000,1,0
17538,1.0219,0,0
17539,2.2596,0,0
17540,1.5358,0,0
17541,1.5482,0,0
17542,3.8001,0,1
17543,4.6112,0,1
17544,5.2910,0,1
17545,2.5521,0,0
17546,0.0000,1,0
17547,0.0000,1,0
17548,0.0000,1,0
17549,0.0000,1,0
17550,0.0000,1,0
17551,0.0000,1,0
17552,0.0000,1,0
17553,0.0000,1,0
17554,0.0000,1,0
17555,0.0000,1,0
17556,0.3977,0,0
17557,0.0000,1,0
17558,1.4498,0,0
17559,2.8515,0,0
17560,1.8840,0,0
17561,2.1996,0,0
17562,3.8462,0,0
17563,4.7469,0,1
17564,5.1667,0,1
17565,3.0391,0,0
17566,0.0000,1,0
17567,0.0000,1,0
17568,0.0000,1,0
17569,0.0000,1,0
17570,0.0000,1,0
17571,0.0000,1,0
17572,0.0000,1,0
17573,0.0000,1,0
17574,0.0000,1,0
17575,0.0000,1,0
17576,0.4674,0,0
17577,0.0000,1,0
17578,0.9468,0,0
17579,2.3374,0,0
17580,1.8004,0,0
17581,1.7335,0,0
17582,3.6696,0,1
17583,4.3228,0,1
17584,4.8179,0,1
17585,2.7314,0,0
17586,0.0000,1,0
17587,0.0000,1,0
17588,0.0000,1,0
17589,0.0000,1,0
17590,0.0000,1,0
17591,0.0000,1,0
17592,0.0000,1,0
17593,0.0000,1,0
17594,0.0000,1,0
17595,0.0000,1,0
17596,0.2386,0,0
17597,0.0000,1,0
17598,1.8363,0,0
17599,2.9682,0,0
17600,1.7428,0,0
17601,2.7691,0,0
17602,4.1744,0,0
17603,4.7813,0,0
17604,5.2934,0,1
17605,3.5414,0,0
17606,1.8657,0,0
17607,1.6636,0,0
17608,1.5262,0,0
17609,1.6214,0,0
17610,3.2117,0,0
17611,2.8685,0,0
17612,1.5259,0,0
17613,1.2040,0,0
17614,2.7797,0,0
17615,2.6962,0,1
17616,1.3776,0,0
17617,2.3823,0,0
17618,1.6677,0,0
17619,3.0514,0,0
17620,1.8023,0,0
17621,2.8947,0,0
17622,3.8033,0,0
17623,4.8893,0,0
17624,5.2539,0,1
17625,3.6512,0,0
17626,1.6299,0,0
17627,1.7170,0,0
17628,1.3974,0,0
17629,1.3662,0,0
17630,2.8566,0,1
17631,3.2502,0,0
17632,1.5285,0,0
17633,1.5239,0,0
17634,2.2763,0,0
17635,2.2108,0,0
17636,1.3004,0,0
17637,2.3333,0,0
17638,0.8995,0,0
17639,2.2857,0,0
17640,1.0644,0,0
17641,2.1534,0,0
17642,2.6979,0,0
17643,3.5400,0,0
17644,3.8340,0,1
17645,2.5538,0,0
17646,1.0957,0,0
17647,0.8737,0,0
17648,0.7163,0,0
17649,0.7974,0,0
17650,1.9033,0,0
17651,1.9112,0,0
17652,1.2804,0,0
17653,1.1381,0,0
17654,0.1072,0,0
17655,0.4153,0,0
17656,1.0805,0,0
17657,2.3487,0,0
17658,0.9569,0,0
17659,2.7701,0,0
17660,1.2997,0,0
17661,2.5573,0,0
17662,3.3396,0,1
17663,4.1138,0,0
17664,4.1330,0,1
17665,3.2369,0,0
17666,1.0946,0,0
17667,1.0077,0,0
17668,0.5332,0,0
17669,0.8218,0,0
17670,1.7555,0,0
17671,1.9718,0,0
17672,1.2972,0,0
17673,1.1549,0,0
17674,0.2142,0,0
17675,0.4517,0,0
17676,0.9065,0,0
17677,2.3487,0,0
17678,1.1296,0,0
17679,1.9781,0,0
17680,0.7974,0,0
17681,2.1289,0,0
17682,3.0230,0,0
17683,3.7245,0,0
17684,4.2663,0,0
17685,2.4908,0,0
17686,1.4185,0,0
17687,1.0939,0,0
17688,1.6801,0,0
17689,0.9604,0,0
17690,2.7608,0,1
17691,2.6823,0,1
17692,1.6192,0,1
17693,1.5722,0,0
17694,1.3963,0,0
17695,1.1520,0,0
17696,1.1926,0,0
17697,2.3823,0,0
17698,1.0130,0,0
17699,1.6197,0,0
17700,0.9833,0,0
17701,1.5353,0,0
17702,2.5905,0,0
17703,3.5638,0,0
17704,3.6282,0,0
17705,2.4890,0,0
17706,0.4140,0,0
17707,0.2554,0,0
17708,1.3607,0,0
17709,0.3088,0,0
17710,2.2004,0,1
17711,1.9682,0,0
17712,1.4673,0,1
17713,1.4535,0,0
17714,1.9329,0,0
17715,1.5971,0,0
17716,1.1695,0,0
17717,2.3823,0,0
17718,0.5344,0,0
17719,1.3640,0,0
17720,1.0676,0,0
17721,1.0606,0,0
17722,1.9409,0,0
17723,2.8401,0,0
17724,2.9427,0,0
17725,2.0875,0,0
17726,0.0000,1,0
17727,0.0000,1,0
17728,0.0000,1,0
17729,0.0000,1,0
17730,0.0000,1,0
17731,0.0000,1,0
17732,0.0000,1,0
17733,0.0000,1,0
17734,0.0000,1,0
17735,0.0000,1,0
17736,0.0000,1,0
17737,0.0000,1,0
17738,0.0000,1,0
17739,0.0000,1,0
17740,1.2900,0,0
17741,2.2408,0,0
17742,1.7147,0,0
17743,1.8205,0,0
17744,2.8100,0,0
17745,4.1544,0,0
17746,4.1037,0,1
17747,3.2978,0,0
17748,1.4010,0,0
17749,1.6804,0,0
17750,1.7432,0,1
17751,0.9375,0,0
17752,2.7760,0,1
17753,2.9768,0,1
17754,1.5819,0,0
17755,1.7844,0,1
17756,1.9212,0,0
17757,1.5255,0,0
17758,1.3479,0,0
17759,2.3333,0,0
17760,0.8842,0,0
17761,1.7796,0,0
17762,1.1452,0,0
17763,1.5581,0,0
17764,3.3166,0,0
17765,4.0829,0,1
17766,4.4453,0,0
17767,2.8822,0,0
17768,0.4805,0,0
17769,0.5092,0,0
17770,1.0755,0,0
17771,0.5862,0,0
17772,1.4305,0,0
17773,1.7881,0,0
17774,1.6157,0,0
17775,1.4827,0,0
17776,0.0000,1,0
17777,0.0000,1,0
17778,1.1216,0,0
17779,2.2102,0,0
17780,1.0463,0,0
17781,2.3682,0,0
17782,1.6113,0,0
17783,1.8269,0,0
17784,3.2887,0,0
17785,4.4459,0,0
17786,4.9370,0,1
17787,2.9417,0,0
17788,0.8059,0,0
17789,0.9125,0,0
17790,1.7098,0,0
17791,0.7569,0,0
17792,2.2074,0,0
17793,2.6607,0,0
17794,2.6348,0,0
17795,2.2897,0,0
17796,0.1607,0,0
17797,0.1607,0,0
17798,1.6997,0,0
17799,3.1929,0,0
17800,0.7133,0,0
17801,2.6352,0,0
17802,1.4546,0,0
17803,2.1823,0,0
17804,3.1285,0,0
17805,4.2206,0,0
17806,4.6910,0,1
17807,2.3757,0,0
17808,0.9339,0,0
17809,0.8644,0,0
17810,1.5984,0,0
17811,1.0878,0,0
17812,2.3106,0,0
17813,2.4503,0,0
17814,2.5119,0,0
17815,2.3519,0,0
17816,0.1607,0,0
17817,0.1607,0,0
17818,1.5849,0,0
17819,3.1929,0,0
17820,2.0713,0,0
17821,3.2894,0,0
17822,2.3074,0,0
17823,2.8345,0,0
17824,3.3631,0,0
17825,4.5207,0,0
17826,4.9432,0,1
17827,2.9869,0,0
17828,1.6214,0,0
17829,1.6627,0,0
17830,2.2816,0,1
17831,1.4610,0,0
17832,3.8698,0,0
17833,3.8504,0,0
17834,2.9173,0,0
17835,2.4611,0,1
17836,1.3688,0,0
17837,1.0330,0,0
17838,2.1554,0,0
17839,3.3298,0,0
17840,0.9721,0,0
17841,2.2403,0,0
17842,1.9545,0,0
17843,1.3263,0,0
17844,3.1336,0,0
17845,3.6512,0,0
17846,4.2567,0,1
17847,2.2312,0,0
17848,0.4927,0,0
17849,0.2386,0,0
17850,0.5912,0,0
17851,0.2020,0,0
17852,0.8340,0,0
17853,0.9514,0,0
17854,0.9027,0,0
17855,0.8037,0,0
17856,0.0000,1,0
17857,0.0000,1,0
17858,0.7194,0,0
17859,1.3803,0,0
17860,1.8283,0,0
17861,3.0984,0,0
17862,1.9998,0,0
17863,2.9109,0,0
17864,3.8945,0,1
17865,4.7782,0,1
17866,5.0171,0,1
17867,3.7140,0,0
17868,2.5879,0,0
17869,2.0593,0,0
17870,2.4290,0,0
17871,1.4916,0,0
17872,4.2522,0,0
17873,4.0677,0,0
17874,2.7244,0,1
17875,2.7455,0,0
17876,0.0000,1,0
17877,0.0000,1,0
17878,1.7261,0,0
17879,3.4138,0,0
17880,1.6609,0,0
17881,3.3206,0,0
17882,2.6261,0,0
17883,2.5289,0,0
17884,4.3814,0,0
17885,4.8386,0,0
17886,5.3145,0,1
17887,3.7707,0,0
17888,2.4029,0,0
17889,1.9366,0,0
17890,2.4323,0,0
17891,1.6725,0,0
17892,4.0499,0,0
17893,4.2396,0,0
17894,2.7989,0,0
17895,2.7341,0,0
17896,0.8791,0,0
17897,0.7011,0,0
17898,1.7000,0,0
17899,3.3947,0,0
17900,1.9441,0,0
17901,3.1068,0,0
17902,2.4309,0,0
17903,2.5570,0,0
17904,4.3938,0,0
17905,4.8254,0,1
17906,5.4385,0,1
17907,3.4778,0,0
17908,2.5162,0,0
17909,2.1097,0,0
17910,1.8854,0,0
17911,1.8387,0,0
17912,4.3070,0,0
17913,3.7862,0,0
17914,2.7454,0,0
17915,2.5749,0,0
17916,0.3453,0,0
17917,0.3255,0,0
17918,1.8832,0,0
17919,3.4138,0,0
17920,1.1254,0,0
17921,2.9560,0,0
17922,2.4220,0,0
17923,2.0746,0,0
17924,3.6649,0,0
17925,4.0675,0,1
17926,4.3892,0,0
17927,3.3932,0,0
17928,2.3529,0,0
17929,2.2378,0,1
17930,2.0685,0,0
17931,1.6269,0,0
17932,3.9477,0,0
17933,4.1085,0,0
17934,2.7722,0,0
17935,2.7507,0,0
17936,0.3985,0,0
17937,0.4319,0,0
17938,1.6649,0,0
17939,3.4138,0,0
17940,0.0000,1,0
17941,0.0000,1,0
17942,1.4605,0,0
17943,2.7187,0,0
17944,2.2683,0,0
17945,2.0520,0,0
17946,3.4708,0,0
17947,3.8024,0,0
17948,4.3372,0,0
17949,2.9422,0,0
17950,1.6977,0,0
17951,1.3050,0,0
17952,1.7364,0,1
17953,1.0528,0,0
17954,3.0673,0,0
17955,2.7085,0,0
17956,1.8481,0,0
17957,1.5502,0,0
17958,1.0068,0,0
17959,0.8089,0,0
17960,1.4921,0,0
17961,2.9200,0,0
17962,1.4344,0,0
17963,2.3590,0,0
17964,1.4326,0,0
17965,2.1521,0,0
17966,2.5260,0,1
17967,4.2521,0,0
17968,4.3889,0,1
17969,2.6347,0,0
17970,0.7615,0,0
17971,0.7401,0,0
17972,1.2414,0,0
17973,0.7523,0,0
17974,1.7778,0,0
17975,1.5821,0,0
17976,0.9309,0,0
17977,0.9210,0,1
17978,1.1160,0,0
17979,0.7499,0,0
17980,0.7981,0,0
17981,1.4835,0,0
17982,0.8966,0,0
17983,2.0883,0,0
17984,0.7434,0,0
17985,1.9981,0,0
17986,2.0219,0,0
17987,2.6077,0,1
17988,2.7485,0,0
17989,1.7645,0,0
17990,1.1051,0,0
17991,1.2198,0,0
17992,1.7713,0,1
17993,0.3499,0,0
17994,2.6325,0,0
17995,2.6493,0,0
17996,1.7944,0,0
17997,1.5534,0,0
17998,1.4549,0,0
17999,0.9113,0,0
18000,1.3142,0,0
18001,2.3823,0,0
18002,1.2014,0,0
18003,2.4135,0,0
18004,1.1325,0,0
18005,2.4624,0,0
18006,3.1709,0,0
18007,3.7259,0,0
18008,3.9937,0,0
18009,2.8629,0,0
18010,1.4227,0,0
18011,1.4551,0,0
18012,2.4734,0,0
18013,1.0783,0,0
18014,3.8136,0,0
18015,3.4420,0,1
18016,2.3219,0,0
18017,2.2000,0,0
18018,1.1091,0,0
18019,1.2426,0,0
18020,1.4829,0,0
18021,3.0609,0,0
18022,2.1893,0,0
18023,3.7953,0,0
18024,2.4275,0,0
18025,3.7836,0,0
18026,3.5631,0,0
18027,4.3447,0,1
18028,4.6764,0,0
18029,3.1519,0,0
18030,1.8445,0,0
18031,2.0366,0,0
18032,2.5101,0,0
18033,1.2416,0,0
18034,3.7106,0,0
18035,4.2139,0,0
18036,2.7989,0,0
18037,2.4527,0,0
18038,1.4567,0,0
18039,1.6072,0,0
18040,2.0065,0,0
18041,3.4145,0,0
18042,1.7588,0,0
18043,2.7524,0,0
18044,2.0565,0,0
18045,2.3418,0,0
18046,3.5202,0,0
18047,4.4886,0,1
18048,4.8471,0,0
18049,2.9670,0,0
18050,0.6970,0,0
18051,0.8449,0,0
18052,1.2248,0,0
18053,0.7898,0,0
18054,2.1280,0,0
18055,1.9492,0,0
18056,1.6900,0,0
18057,1.3735,0,0
18058,0.4395,0,0
18059,0.5576,0,0
18060,1.2760,0,0
18061,2.3577,0,0
18062,1.3441,0,0
18063,2.4704,0,0
18064,1.7064,0,0
18065,1.8063,0,0
18066,3.4773,0,0
18067,4.1616,0,0
18068,4.7641,0,1
18069,2.8497,0,0
18070,1.2056,0,0
18071,1.1804,0,0
18072,1.2218,0,0
18073,0.8775,0,0
18074,2.4529,0,0
18075,2.1719,0,0
18076,1.6001,0,0
18077,1.3997,0,0
18078,0.1607,0,0
18079,0.3088,0,0
18080,1.1717,0,0
18081,2.4067,0,0
18082,1.5547,0,0
18083,2.7292,0,0
18084,2.0332,0,0
18085,2.3110,0,0
18086,3.9493,0,0
18087,4.3634,0,0
18088,5.0723,0,0
18089,3.2124,0,0
18090,2.3367,0,0
18091,2.0251,0,0
18092,1.7837,0,0
18093,1.4472,0,0
18094,3.6909,0,0
18095,3.5632,0,0
18096,2.2805,0,0
18097,2.4615,0,1
18098,0.1607,0,0
18099,0.1607,0,0
18100,1.7871,0,0
18101,3.4625,0,0
18102,1.9351,0,1
18103,2.4641,0,0
18104,2.0652,0,0
18105,1.7472,0,0
18106,3.3510,0,0
18107,4.4815,0,0
18108,4.8384,0,1
18109,3.2726,0,0
18110,1.4967,0,0
18111,1.8731,0,0
18112,1.6804,0,0
18113,1.2722,0,0
18114,3.2290,0,0
18115,3.1805,0,0
18116,2.1854,0,0
18117,2.0701,0,0
18118,0.2554,0,0
18119,0.3088,0,0
18120,1.6730,0,0
18121,3.0156,0,0
18122,1.5786,0,0
18123,2.4688,0,0
18124,1.7522,0,0
18125,2.0527,0,0
18126,3.0374,0,0
18127,3.6496,0,0
18128,3.5360,0,1
18129,3.3036,0,0
18130,1.4355,0,0
18131,1.5327,0,0
18132,1.6703,0,0
18133,1.3421,0,0
18134,3.0651,0,0
18135,2.8228,0,0
18136,2.1047,0,0
18137,1.9016,0,0
18138,0.8859,0,0
18139,1.1938,0,0
18140,1.3142,0,0
18141,3.1960,0,0
18142,0.0000,1,0
18143,0.0000,1,0
18144,1.5506,0,0
18145,2.8332,0,0
18146,2.3747,0,0
18147,2.1669,0,0
18148,3.8355,0,0
18149,4.4440,0,1
18150,5.0703,0,1
18151,3.2359,0,0
18152,1.4577,0,0
18153,1.5920,0,0
18154,2.2535,0,0
18155,1.2875,0,0
18156,3.5043,0,0
18157,3.1890,0,0
18158,2.4539,0,0
18159,2.1251,0,1
18160,0.4273,0,0
18161,0.4198,0,0
18162,1.6411,0,0
18163,3.4333,0,0
18164,1.1862,0,0
18165,1.6262,0,0
18166,1.2376,0,0
18167,1.1133,0,0
18168,1.8164,0,0
18169,1.6144,0,0
18170,2.1908,0,0
18171,1.0598,0,0
18172,0.0000,1,0
18173,0.0000,1,0
18174,0.6597,0,0
18175,0.0000,1,0
18176,0.7107,0,0
18177,0.7275,0,0
18178,1.2600,0,0
18179,1.4134,0,0
18180,0.0000,1,0
18181,0.1607,0,0
18182,1.0749,0,0
18183,0.0000,1,0
18184,0.0000,1,0
18185,0.0000,1,0
18186,0.0000,1,0
18187,0.0000,1,0
18188,0.0000,1,0
18189,0.0000,1,0
18190,0.0000,1,0
18191,0.0000,1,0
18192,0.0000,1,0
18193,0.0000,1,0
18194,0.0000,1,0
18195,0.0000,1,0
18196,0.0000,1,0
18197,0.0000,1,0
18198,0.0000,1,0
18199,0.0000,1,0
18200,0.0000,1,0
18201,0.0000,1,0
18202,0.0000,1,0
18203,0.0000,1,0
18204,2.2632,0,0
18205,3.3685,0,0
18206,2.0822,0,0
18207,3.1490,0,0
18208,3.0522,0,0
18209,3.7744,0,0
18210,4.2047,0,0
18211,2.7864,0,0
18212,1.5042,0,0
18213,1.2440,0,0
18214,1.9235,0,0
18215,1.3434,0,0
18216,3.3728,0,0
18217,3.1279,0,0
18218,2.5050,0,0
18219,2.3255,0,0
18220,1.3522,0,0
18221,1.6304,0,0
18222,1.8630,0,0
18223,3.6494,0,0
18224,2.5482,0,0
18225,4.1271,0,0
18226,3.1539,0,0
18227,3.7885,0,0
18228,4.2895,0,0
18229,4.6409,0,0
18230,5.0425,0,1
18231,3.9676,0,1
18232,2.1751,0,0
18233,1.8212,0,0
18234,2.7143,0,0
18235,1.5226,0,0
18236,4.3141,0,1
18237,4.0487,0,0
18238,2.8063,0,0
18239,2.5666,0,0
18240,2.7271,0,0
18241,3.0911,0,0
18242,2.2255,0,0
18243,3.4625,0,0
18244,3.4138,0,0
18245,4.5763,0,0
18246,3.2392,0,0
18247,4.2458,0,0
18248,4.0020,0,0
18249,5.1624,0,1
18250,5.5757,0,1
18251,3.2559,0,0
18252,1.9663,0,0
18253,2.3119,0,0
18254,3.2411,0,0
18255,1.6458,0,0
18256,4.7264,0,0
18257,4.6319,0,1
18258,2.6705,0,0
18259,2.6729,0,0
18260,3.6140,0,0
18261,3.6013,0,0
18262,2.5076,0,0
18263,3.4214,0,0
18264,1.5581,0,0
18265,3.0275,0,0
18266,1.9711,0,0
18267,2.5875,0,0
18268,4.2534,0,0
18269,4.3845,0,0
18270,5.2544,0,1
18271,3.0039,0,0
18272,2.2432,0,0
18273,1.7234,0,0
18274,2.3056,0,0
18275,1.4369,0,0
18276,4.1800,0,0
18277,3.8058,0,0
18278,2.9065,0,0
18279,2.4700,0,0
18280,0.8340,0,0
18281,0.9644,0,0
18282,1.8814,0,0
18283,3.4968,0,0
18284,1.2805,0,0
18285,2.8201,0,0
18286,2.0997,0,0
18287,2.0134,0,0
18288,3.7200,0,0
18289,4.6156,0,0
18290,5.1946,0,1
18291,3.0583,0,0
18292,1.8776,0,0
18293,2.0462,0,0
18294,1.9076,0,0
18295,1.5440,0,0
18296,3.9660,0,0
18297,3.3544,0,0
18298,2.4741,0,0
18299,2.3283,0,0
18300,0.3743,0,0
18301,0.4759,0,0
18302,1.4508,0,0
18303,3.4625,0,0
18304,1.6220,0,0
18305,3.1037,0,0
18306,2.1970,0,0
18307,2.5761,0,0
18308,4.2215,0,0
18309,4.3704,0,1
18310,5.2762,0,1
18311,3.1719,0,0
18312,2.0520,0,0
18313,2.1874,0,0
18314,2.2734,0,0
18315,1.5693,0,0
18316,3.9052,0,0
18317,4.0007,0,0
18318,2.7144,0,0
18319,2.5155,0,0
18320,0.3985,0,0
18321,0.6441,0,0
18322,1.7411,0,0
18323,3.4145,0,0
18324,1.6732,0,0
18325,3.0871,0,0
18326,2.2414,0,0
18327,2.6058,0,0
18328,3.6478,0,0
18329,4.6872,0,1
18330,4.6464,0,0
18331,3.7775,0,0
18332,2.2285,0,0
18333,2.1422,0,0
18334,2.1817,0,0
18335,1.7114,0,0
18336,4.0125,0,0
18337,4.1382,0,0
18338,2.8133,0,1
18339,2.6262,0,0
18340,0.1607,0,0
18341,0.1607,0,0
18342,1.8627,0,0
18343,3.4138,0,0
18344,0.0000,1,0
18345,0.0000,1,0
18346,1.2358,0,0
18347,2.4256,0,0
18348,1.9216,0,0
18349,1.5219,0,0
18350,2.9542,0,0
18351,4.3554,0,1
18352,4.7564,0,1
18353,2.6319,0,0
18354,1.9346,0,0
18355,1.3519,0,0
18356,2.0735,0,1
18357,1.3125,0,0
18358,3.7452,0,1
18359,2.6640,0,0
18360,2.0761,0,0
18361,1.5233,0,0
18362,0.5217,0,0
18363,0.4563,0,0
18364,1.6583,0,0
18365,3.3740,0,0
18366,1.8293,0,0
18367,2.7014,0,0
18368,1.9456,0,0
18369,2.2822,0,0
18370,3.4334,0,0
18371,3.9145,0,1
18372,4.7437,0,1
18373,2.3407,0,0
18374,1.2107,0,0
18375,1.1295,0,0
18376,1.8863,0,0
18377,1.2270,0,0
18378,3.1557,0,0
18379,2.4126,0,0
18380,2.1854,0,0
18381,1.8975,0,1
18382,0.4395,0,0
18383,0.6099,0,0
18384,1.5436,0,0
18385,2.9869,0,0
18386,0.9476,0,0
18387,2.0240,0,0
18388,1.4176,0,0
18389,1.4862,0,0
18390,2.3335,0,0
18391,3.8003,0,1
18392,4.0848,0,0
18393,2.2068,0,0
18394,1.1219,0,0
18395,1.0748,0,0
18396,1.3978,0,0
18397,1.1137,0,0
18398,2.4683,0,0
18399,2.3887,0,0
18400,1.8196,0,0
18401,1.3665,0,0
18402,0.0000,1,0
18403,0.0000,1,0
18404,1.2484,0,0
18405,3.0273,0,0
18406,1.5057,0,0
18407,3.2828,0,0
18408,2.3199,0,0
18409,2.8946,0,0
18410,3.3353,0,0
18411,4.1655,0,1
18412,4.6055,0,0
18413,2.8962,0,0
18414,1.8494,0,0
18415,1.6595,0,0
18416,1.8757,0,0
18417,1.0160,0,0
18418,3.2738,0,0
18419,2.9600,0,0
18420,2.4550,0,0
18421,1.9907,0,1
18422,0.2020,0,0
18423,0.2020,0,0
18424,1.3931,0,0
18425,3.4869,0,0
18426,1.6590,0,0
18427,3.4200,0,0
18428,2.3308,0,0
18429,3.0169,0,0
18430,3.8364,0,0
18431,4.4707,0,0
18432,4.8952,0,1
18433,3.3290,0,0
18434,1.9564,0,0
18435,1.4381,0,0
18436,2.8026,0,0
18437,1.2408,0,0
18438,3.8703,0,0
18439,3.7201,0,0
18440,2.8368,0,1
18441,2.4727,0,0
18442,1.4287,0,0
18443,1.8393,0,0
18444,2.0013,0,0
18445,3.5067,0,0
18446,2.2101,0,0
18447,4.1246,0,0
18448,2.9279,0,0
18449,3.3491,0,0
18450,4.1638,0,0
18451,4.4185,0,0
18452,4.9263,0,1
18453,3.4955,0,0
18454,2.2337,0,0
18455,1.7041,0,0
18456,2.5144,0,1
18457,1.3886,0,0
18458,4.3022,0,0
18459,3.6407,0,0
18460,2.7548,0,0
18461,2.6333,0,0
18462,0.9233,0,0
18463,1.2616,0,0
18464,1.8598,0,0
18465,3.4378,0,0
18466,1.4185,0,0
18467,3.0317,0,0
18468,1.8219,0,0
18469,2.7020,0,0
18470,3.8174,0,1
18471,4.8066,0,1
18472,5.2313,0,1
18473,2.7125,0,0
18474,2.0634,0,0
18475,1.8223,0,0
18476,2.6205,0,0
18477,1.6384,0,0
18478,4.2691,0,0
18479,4.1727,0,0
18480,2.5659,0,0
18481,2.5810,0,0
18482,1.3731,0,0
18483,1.9325,0,0
18484,1.7912,0,0
18485,3.4625,0,0
18486,1.1976,0,0
18487,2.8776,0,0
18488,1.4128,0,0
18489,2.6571,0,0
18490,3.3691,0,0
18491,4.0273,0,0
18492,4.6801,0,1
18493,2.5647,0,0
18494,1.6343,0,0
18495,1.6485,0,0
18496,1.9044,0,0
18497,1.1213,0,0
18498,3.2578,0,0
18499,3.3488,0,0
18500,2.3950,0,0
18501,1.9416,0,0
18502,0.0000,1,0
18503,0.0000,1,0
18504,1.4986,0,0
18505,3.4625,0,0
18506,0.6034,0,0
18507,1.7210,0,0
18508,0.5210,0,0
18509,1.6940,0,0
18510,2.6877,0,0
18511,3.7654,0,1
18512,3.7248,0,0
18513,2.8187,0,0
18514,1.3474,0,0
18515,1.2484,0,0
18516,1.7288,0,0
18517,0.9180,0,0
18518,2.8469,0,0
18519,2.9283,0,0
18520,2.2242,0,0
18521,2.0718,0,0
18522,0.8690,0,0
18523,0.9291,0,0
18524,1.2034,0,0
18525,3.0273,0,0
18526,0.9507,0,0
18527,2.0182,0,0
18528,1.6616,0,0
18529,1.4795,0,0
18530,2.6567,0,0
18531,3.9148,0,0
18532,3.3650,0,0
18533,3.2369,0,0
18534,1.5809,0,0
18535,1.4375,0,0
18536,1.7409,0,0
18537,1.1994,0,0
18538,2.9644,0,0
18539,3.1628,0,0
18540,2.3837,0,0
18541,2.2051,0,0
18542,0.2966,0,0
18543,0.7285,0,0
18544,1.3635,0,0
18545,3.4533,0,0
18546,0.0000,1,0
18547,0.0000,1,0
18548,0.8287,0,0
18549,1.7211,0,0
18550,1.1451,0,0
18551,1.2814,0,0
18552,3.0200,0,0
18553,4.2500,0,0
18554,4.6929,0,0
18555,2.4998,0,0
18556,1.7604,0,0
18557,1.2381,0,0
18558,1.3754,0,0
18559,1.2623,0,0
18560,2.9224,0,0
18561,2.3948,0,0
18562,1.7476,0,0
18563,1.4602,0,0
18564,0.1607,0,0
18565,0.1607,0,0
18566,1.3660,0,0
18567,3.2741,0,0
18568,1.3421,0,0
18569,2.2803,0,0
18570,1.2499,0,0
18571,1.9810,0,0
18572,3.3889,0,1
18573,4.2334,0,1
18574,4.8537,0,1
18575,2.6678,0,0
18576,1.6110,0,0
18577,1.2396,0,0
18578,1.2907,0,0
18579,1.2457,0,0
18580,3.0985,0,0
18581,2.6389,0,0
18582,1.9800,0,0
18583,1.4992,0,0
18584,0.0000,1,0
18585,0.1072,0,0
18586,1.7379,0,0
18587,3.1929,0,0
18588,0.5336,0,0
18589,2.0131,0,0
18590,0.8975,0,0
18591,1.6956,0,0
18592,3.4490,0,1
18593,4.0673,0,0
18594,4.6683,0,1
18595,2.3623,0,0
18596,1.6833,0,0
18597,1.1728,0,0
18598,1.7728,0,0
18599,1.0916,0,0
18600,3.0773,0,0
18601,2.6203,0,0
18602,1.8640,0,0
18603,1.5502,0,0
18604,0.0000,1,0
18605,0.0000,1,0
18606,1.3784,0,0
18607,3.2741,0,0
18608,0.9387,0,0
18609,2.2393,0,0
18610,1.6963,0,0
18611,1.6299,0,0
18612,2.6508,0,0
18613,3.6138,0,1
18614,4.0697,0,0
18615,2.3194,0,0
18616,1.7461,0,0
18617,1.5758,0,0
18618,1.7363,0,0
18619,0.8585,0,0
18620,3.1835,0,0
18621,2.9814,0,0
18622,2.3158,0,0
18623,2.0398,0,0
18624,0.2554,0,0
18625,0.4563,0,0
18626,1.4684,0,0
18627,3.3740,0,0
18628,0.6633,0,0
18629,1.9617,0,0
18630,0.8251,0,0
18631,1.9214,0,0
18632,2.5702,0,0
18633,3.5240,0,0
18634,3.0426,0,0
18635,2.9831,0,0
18636,1.6567,0,0
18637,1.3594,0,0
18638,1.6715,0,0
18639,1.5286,0,0
18640,3.2697,0,0
18641,3.0074,0,0
18642,2.4448,0,0
18643,2.1854,0,0
18644,0.7569,0,0
18645,1.1918,0,0
18646,1.3886,0,0
18647,3.4731,0,0
18648,0.9275,0,0
18649,2.8146,0,0
18650,1.6843,0,0
18651,2.2927,0,0
18652,3.3547,0,1
18653,4.0856,0,1
18654,4.4168,0,1
18655,3.3266,0,0
18656,1.8181,0,0
18657,1.7799,0,0
18658,2.9114,0,1
18659,1.7169,0,0
18660,4.2836,0,1
18661,4.1586,0,1
18662,2.5832,0,0
18663,2.5285,0,0
18664,2.1223,0,0
18665,2.0507,0,0
18666,1.6688,0,0
18667,3.4731,0,0
18668,0.9528,0,0
18669,2.0180,0,0
18670,1.1860,0,0
18671,1.8311,0,0
18672,2.8931,0,0
18673,3.5165,0,0
18674,3.8211,0,0
18675,2.5260,0,0
18676,1.9204,0,0
18677,1.0434,0,0
18678,2.1081,0,0
18679,1.1219,0,0
18680,3.5787,0,0
18681,3.2943,0,0
18682,2.5290,0,0
18683,2.0859,0,0
18684,0.5260,0,0
18685,0.6198,0,0
18686,1.5486,0,0
18687,3.4714,0,0
18688,0.9870,0,0
18689,2.0844,0,0
18690,1.0236,0,0
18691,1.9382,0,0
18692,2.8487,0,0
18693,3.8162,0,0
18694,4.0284,0,0
18695,2.8209,0,0
18696,1.9400,0,0
18697,1.7199,0,0
18698,2.0267,0,0
18699,0.7325,0,0
18700,3.6604,0,0
18701,3.2178,0,0
18702,2.7958,0,0
18703,2.3449,0,0
18704,0.9073,0,0
18705,1.5078,0,0
18706,1.5954,0,0
18707,3.4731,0,0
18708,1.0488,0,0
18709,1.8919,0,0
18710,0.6563,0,0
18711,2.0589,0,0
18712,2.8618,0,0
18713,3.5951,0,1
18714,3.7822,0,0
18715,2.7395,0,0
18716,1.6843,0,0
18717,1.5438,0,0
18718,2.3240,0,0
18719,1.0784,0,0
18720,3.4443,0,0
18721,3.4056,0,0
18722,2.5666,0,0
18723,2.3944,0,0
18724,1.0777,0,0
18725,1.7144,0,0
18726,1.5552,0,0
18727,3.4481,0,0
18728,1.1514,0,0
18729,1.6562,0,0
18730,0.5500,0,0
18731,1.8271,0,0
18732,2.2470,0,0
18733,2.9005,0,0
18734,2.6479,0,1
18735,2.7365,0,0
18736,1.2346,0,0
18737,1.6717,0,0
18738,1.7810,0,0
18739,1.2248,0,0
18740,3.0073,0,0
18741,2.6935,0,0
18742,2.2450,0,0
18743,1.9928,0,0
18744,0.3331,0,0
18745,0.4685,0,0
18746,1.3867,0,0
18747,3.4533,0,0
18748,0.0000,1,0
18749,0.0000,1,0
18750,0.0000,1,0
18751,0.0000,1,0
18752,0.0000,1,0
18753,0.0000,1,0
18754,0.0000,1,0
18755,0.0000,1,0
18756,0.0000,1,0
18757,0.0000,1,0
18758,0.0000,1,0
18759,0.0000,1,0
18760,0.0000,1,0
18761,0.0000,1,0
18762,0.0000,1,0
18763,0.0000,1,0
18764,0.0000,1,0
18765,0.0000,1,0
18766,0.0000,1,0
18767,0.0000,1,0
18768,0.0000,1,0
18769,0.0000,1,0
18770,0.0000,1,0
18771,0.0000,1,0
18772,0.0000,1,0
18773,0.0000,1,0
18774,0.0000,1,0
18775,0.0000,1,0
18776,0.0000,1,0
18777,0.0000,1,0
18778,0.0000,1,0
18779,0.0000,1,0
18780,0.0000,1,0
18781,0.0000,1,0
18782,0.0000,1,0
18783,0.0000,1,0
18784,0.0000,1,0
18785,0.0000,1,0
18786,0.0000,1,0
18787,0.0000,1,0
18788,0.0000,1,0
18789,0.0000,1,0
18790,0.0000,1,0
18791,0.0000,1,0
18792,0.0000,1,0
18793,0.0000,1,0
18794,0.0000,1,0
18795,0.0000,1,0
18796,0.0000,1,0
18797,0.0000,1,0
18798,0.0000,1,0
18799,0.0000,1,0
18800,0.0000,1,0
18801,0.0000,1,0
18802,0.0000,1,0
18803,0.0000,1,0
18804,0.0000,1,0
18805,0.0000,1,0
18806,0.0000,1,0
18807,0.0000,1,0
18808,0.0000,1,0
18809,0.0000,1,0
18810,0.0000,1,0
18811,0.0000,1,0
18812,0.0000,1,0
18813,0.0000,1,0
18814,1.6511,0,0
18815,1.6511,0,0
18816,1.6511,0,0
18817,1.6511,0,0
18818,1.5993,0,1
18819,1.6633,0,0
18820,1.6633,0,0
18821,1.6511,0,0
18822,1.6755,0,0
18823,1.6877,0,0
18824,1.6511,0,0
18825,1.6755,0,0
18826,1.6633,0,0
18827,1.6465,0,0
18828,1.5871,0,0
18829,1.6633,0,1
18830,1.5901,0,0
18831,1.6267,0,0
18832,1.5565,0,0
18833,1.5977,0,0
18834,1.6755,0,0
18835,1.6755,0,0
18836,1.6633,0,0
18837,1.6755,0,0
18838,1.6511,0,0
18839,1.6755,0,0
18840,1.6511,0,0
18841,1.6221,0,0
18842,1.6511,0,0
18843,1.5977,0,0
18844,1.6145,0,0
18845,1.6511,0,0
18846,1.6511,0,0
18847,1.6877,0,0
18848,1.6633,0,0
18849,1.6877,0,0
18850,1.6343,0,0
18851,1.6099,0,0
18852,1.1567,0,0
18853,0.9227,0,0
18854,0.1654,0,0
18855,0.0000,1,0
18856,0.0000,1,0
18857,0.0000,1,0
18858,0.0000,1,0
18859,0.0000,1,0
18860,0.0000,1,0
18861,0.0000,1,0
18862,0.1317,0,0
18863,0.0000,1,0
18864,0.0000,1,0
18865,0.0000,1,0
18866,0.0000,1,0
18867,0.0000,1,0
18868,0.0000,1,0
18869,0.0000,1,0
18870,0.0000,1,0
18871,0.0000,1,0
18872,0.0000,1,0
18873,0.0000,1,0
18874,0.0000,1,0
18875,0.0000,1,0
18876,0.0000,1,0
18877,0.0536,0,0
18878,4.1793,0,1
18879,4.2883,0,1
18880,4.1735,0,0
18881,3.9700,0,1
18882,4.2101,0,1
18883,4.3010,0,1
18884,3.9579,0,1
18885,3.8795,0,1
18886,3.7313,0,1
18887,4.3647,0,1
18888,3.9342,0,1
18889,3.8893,0,1
18890,3.9747,0,0
18891,4.0479,0,1
18892,4.0553,0,1
18893,4.3674,0,1
18894,4.3891,0,1
18895,4.5514,0,1
18896,4.6124,0,1
18897,4.6000,0,0
18898,4.2547,0,1
18899,4.0611,0,0
18900,4.1669,0,0
18901,4.2303,0,1
18902,4.3475,0,0
18903,4.2477,0,1
18904,4.3911,0,0
18905,4.2009,0,0
18906,4.1511,0,0
18907,4.0649,0,0
18908,4.3235,0,0
18909,4.4370,0,0
18910,4.2751,0,0
18911,4.4452,0,1
18912,4.2324,0,0
18913,4.3139,0,0
18914,4.4932,0,0
18915,4.4492,0,0
18916,2.4720,0,0
18917,1.7414,0,0
18918,0.3549,0,0
18919,0.0000,1,0
18920,0.0000,1,0
18921,0.0000,1,0
18922,0.0000,1,0
18923,0.0000,1,0
18924,0.0000,1,0
18925,0.0000,1,0
18926,0.1654,0,0
18927,0.0000,1,0
18928,0.0000,1,0
18929,0.0000,1,0
18930,0.0000,1,0
18931,0.0000,1,0
18932,0.0000,1,0
18933,0.0000,1,0
18934,0.0000,1,0
18935,0.0000,1,0
18936,0.0000,1,0
18937,0.0000,1,0
18938,0.0000,1,0
18939,0.0000,1,0
18940,0.0000,1,0
18941,0.0950,0,0
18942,3.0619,0,0
18943,3.1631,0,1
18944,3.1463,0,1
18945,2.9325,0,1
18946,3.1997,0,0
18947,3.1549,0,1
18948,3.0498,0,0
18949,2.9904,0,0
18950,3.1555,0,0
18951,3.2332,0,0
18952,3.1967,0,0
18953,3.2332,0,0
18954,3.1915,0,0
18955,3.2089,0,1
18956,3.1717,0,1
18957,3.2037,0,1
18958,3.1677,0,0
18959,3.1093,0,0
18960,3.1093,0,1
18961,3.0100,0,0
18962,3.2043,0,1
18963,3.2043,0,0
18964,3.0597,0,0
18965,3.1677,0,0
18966,3.1839,0,0
18967,3.1259,0,0
18968,3.1427,0,1
18969,3.1183,0,0
18970,3.0765,0,1
18971,2.9911,0,1
18972,3.1555,0,0
18973,3.1921,0,0
18974,3.0811,0,1
18975,3.1753,0,1
18976,2.8957,0,0
18977,3.2211,0,0
18978,3.0869,0,0
18979,2.8498,0,1
18980,1.6199,0,0
18981,1.4073,0,0
18982,0.3549,0,0
18983,0.0000,1,0
18984,0.0000,1,0
18985,0.0000,1,0
18986,0.0000,1,0
18987,0.0000,1,0
18988,0.0000,1,0
18989,0.0000,1,0
18990,0.0950,0,0
18991,0.0000,1,0
18992,0.0000,1,0
18993,0.0000,1,0
18994,0.0000,1,0
18995,0.0000,1,0
18996,0.0000,1,0
18997,0.0000,1,0
18998,0.0000,1,0
18999,0.0000,1,0
19000,0.0000,1,0
19001,0.0000,1,0
19002,0.0000,1,0
19003,0.0000,1,0
19004,0.0000,1,0
19005,0.0950,0,0
19006,4.2530,0,0
19007,4.4526,0,1
19008,4.1221,0,0
19009,3.6899,0,1
19010,4.0165,0,1
19011,4.2030,0,1
19012,3.5915,0,0
19013,3.5484,0,0
19014,3.4147,0,1
19015,4.0365,0,1
19016,3.7851,0,1
19017,3.6309,0,1
19018,3.7103,0,0
19019,3.9640,0,0
19020,3.6406,0,1
19021,4.0447,0,1
19022,3.9114,0,0
19023,4.0737,0,1
19024,4.1871,0,0
19025,4.4299,0,1
19026,4.1131,0,0
19027,3.5269,0,1
19028,4.1043,0,1
19029,4.1171,0,1
19030,4.0331,0,0
19031,4.1501,0,0
19032,4.0195,0,0
19033,3.8132,0,1
19034,3.7554,0,0
19035,3.8032,0,0
19036,4.0199,0,0
19037,4.1444,0,0
19038,3.8369,0,0
19039,4.1653,0,1
19040,3.3437,0,0
19041,3.8293,0,1
19042,4.1943,0,0
19043,4.1712,0,0
19044,2.0532,0,0
19045,1.8335,0,0
19046,0.3776,0,0
19047,0.0000,1,0
19048,0.0000,1,0
19049,0.0000,1,0
19050,0.0000,1,0
19051,0.0000,1,0
19052,0.0000,1,0
19053,0.0000,1,0
19054,0.1654,0,0
19055,0.0000,1,0
19056,0.0000,1,0
19057,0.0000,1,0
19058,0.0000,1,0
19059,0.0000,1,0
19060,0.0000,1,0
19061,0.0000,1,0
19062,0.0000,1,0
19063,0.0000,1,0
19064,0.0000,1,0
19065,0.0000,1,0
19066,0.0000,1,0
19067,0.0000,1,0
19068,0.0000,1,0
19069,0.0950,0,0
19070,4.6533,0,1
19071,4.3784,0,0
19072,4.4346,0,1
19073,4.6886,0,1
19074,4.9514,0,1
19075,4.7338,0,1
19076,4.6200,0,0
19077,4.2845,0,1
19078,4.2583,0,1
19079,5.0370,0,1
19080,4.6903,0,1
19081,4.5134,0,0
19082,4.8706,0,0
19083,4.5339,0,1
19084,4.4248,0,0
19085,4.6131,0,0
19086,4.8623,0,0
19087,4.4171,0,0
19088,4.4470,0,0
19089,4.7269,0,1
19090,4.8940,0,1
19091,4.2205,0,1
19092,4.6953,0,1
19093,5.0013,0,0
19094,5.0612,0,1
19095,4.6664,0,0
19096,4.5362,0,0
19097,4.4950,0,0
19098,4.6856,0,0
19099,4.1971,0,1
19100,4.6478,0,1
19101,4.5691,0,0
19102,4.3718,0,0
19103,4.5043,0,1
19104,4.1147,0,0
19105,5.0881,0,0
19106,4.3774,0,0
19107,5.2476,0,0
19108,2.4811,0,0
19109,1.6026,0,0
19110,0.4805,0,0
19111,0.0000,1,0
19112,0.0000,1,0
19113,0.0000,1,0
19114,0.0000,1,0
19115,0.0000,1,0
19116,0.0000,1,0
19117,0.0000,1,0
19118,0.1317,0,0
19119,0.0000,1,0
19120,0.0000,1,0
19121,0.0000,1,0
19122,0.0000,1,0
19123,0.0000,1,0
19124,0.0000,1,0
19125,0.0000,1,0
19126,0.0000,1,0
19127,0.0000,1,0
19128,0.0000,1,0
19129,0.0000,1,0
19130,0.0000,1,0
19131,0.0000,1,0
19132,0.0000,1,0
19133,0.0950,0,0
19134,0.0000,1,0
19135,0.0000,1,0
19136,0.0000,1,0
19137,0.0000,1,0
19138,0.0000,1,0
19139,0.0000,1,0
19140,0.0000,1,0
19141,0.0000,1,0
19142,0.0000,1,0
19143,0.0000,1,0
19144,0.0000,1,0
19145,0.0000,1,0
19146,0.0000,1,0
19147,0.0000,1,0
19148,0.0000,1,0
19149,0.0000,1,0
19150,0.0000,1,0
19151,0.0000,1,0
19152,0.0000,1,0
19153,0.0000,1,0
19154,0.0000,1,0
19155,0.0000,1,0
19156,0.0000,1,0
19157,0.0000,1,0
19158,0.0000,1,0
19159,0.0000,1,0
19160,0.0000,1,0
19161,0.0000,1,0
19162,0.0000,1,0
19163,0.0000,1,0
19164,0.0000,1,0
19165,0.0000,1,0
19166,0.0000,1,0
19167,0.0000,1,0
19168,0.0000,1,0
19169,0.0000,1,0
19170,0.0000,1,0
19171,0.0000,1,0
19172,0.0000,1,0
19173,0.0000,1,0
19174,0.0000,1,0
19175,0.0000,1,0
19176,0.0000,1,0
19177,0.0000,1,0
19178,0.0000,1,0
19179,0.0000,1,0
19180,0.0000,1,0
19181,0.0000,1,0
19182,0.0000,1,0
19183,0.0000,1,0
19184,0.0000,1,0
19185,0.0000,1,0
19186,0.0000,1,0
19187,0.0000,1,0
19188,0.0000,1,0
19189,0.0000,1,0
19190,0.0000,1,0
19191,0.0000,1,0
19192,0.0000,1,0
19193,0.0000,1,0
19194,0.0000,1,0
19195,0.0000,1,0
19196,0.0000,1,0
19197,0.0000,1,0
19198,0.0000,1,0
19199,0.0000,1,0
19200,0.0000,1,0
19201,0.0000,1,0
19202,0.0000,1,0
19203,0.0000,1,0
19204,0.0000,1,0
19205,0.0000,1,0
19206,0.0000,1,0
19207,0.0000,1,0
19208,0.0000,1,0
19209,0.0000,1,0
19210,0.0000,1,0
19211,0.0000,1,0
19212,0.0000,1,0
19213,0.0000,1,0
19214,0.0000,1,0
19215,0.0000,1,0
19216,0.0000,1,0
19217,0.0000,1,0
19218,0.0000,1,0
19219,0.0000,1,0
19220,0.0000,1,0
19221,0.0000,1,0
19222,0.0000,1,0
19223,0.0000,1,0
19224,0.0000,1,0
19225,0.0000,1,0
19226,0.0000,1,0
19227,0.0000,1,0
19228,0.0000,1,0
19229,0.0000,1,0
19230,0.0000,1,0
19231,0.0000,1,0
19232,0.0000,1,0
19233,0.0000,1,0
19234,0.0000,1,0
19235,0.0000,1,0
19236,0.0000,1,0
19237,0.0000,1,0
19238,0.0000,1,0
19239,0.0000,1,0
19240,0.0000,1,0
19241,0.0000,1,0
19242,0.0000,1,0
19243,0.0000,1,0
19244,0.0000,1,0
19245,0.0000,1,0
19246,0.0000,1,0
19247,0.0000,1,0
19248,0.0000,1,0
19249,0.0000,1,0
19250,0.0000,1,0
19251,0.0000,1,0
19252,0.0000,1,0
19253,0.0000,1,0
19254,0.0000,1,0
19255,0.0000,1,0
19256,0.0000,1,0
19257,0.0000,1,0
19258,0.0000,1,0
19259,0.0000,1,0
19260,0.0000,1,0
19261,0.0000,1,0
19262,0.0000,1,0
19263,0.0000,1,0
19264,0.0000,1,0
19265,0.0000,1,0
19266,0.0000,1,0
19267,0.0000,1,0
19268,0.0000,1,0
19269,0.0000,1,0
19270,0.0000,1,0
19271,0.0000,1,0
19272,0.0000,1,0
19273,0.0000,1,0
19274,0.0000,1,0
19275,0.0000,1,0
19276,0.0000,1,0
19277,0.0000,1,0
19278,0.0000,1,0
19279,0.0000,1,0
19280,0.0000,1,0
19281,0.0000,1,0
19282,0.0000,1,0
19283,0.0000,1,0
19284,0.0000,1,0
19285,0.0000,1,0
19286,0.0000,1,0
19287,0.0000,1,0
19288,0.0000,1,0
19289,0.0000,1,0
19290,0.0000,1,0
19291,0.0000,1,0
19292,0.0000,1,0
19293,0.0000,1,0
19294,0.0000,1,0
19295,0.0000,1,0
19296,0.0000,1,0
19297,0.0000,1,0
19298,0.0000,1,0
19299,0.0000,1,0
19300,0.0000,1,0
19301,0.0000,1,0
19302,0.0000,1,0
19303,0.0000,1,0
19304,0.0000,1,0
19305,0.0000,1,0
19306,0.0000,1,0
19307,0.0000,1,0
19308,0.0000,1,0
19309,0.0000,1,0
19310,0.0000,1,0
19311,0.0000,1,0
19312,0.0000,1,0
19313,0.0000,1,0
19314,0.0000,1,0
19315,0.0000,1,0
19316,0.0000,1,0
19317,0.0000,1,0
19318,0.0000,1,0
19319,0.0000,1,0
19320,0.0000,1,0
19321,0.0000,1,0
19322,0.0000,1,0
19323,0.0000,1,0
19324,0.0000,1,0
19325,0.0000,1,0
19326,0.0000,1,0
19327,0.0000,1,0
19328,0.0000,1,0
19329,0.0000,1,0
19330,0.0000,1,0
19331,0.0000,1,0
19332,0.0000,1,0
19333,0.0000,1,0
19334,0.0000,1,0
19335,0.0000,1,0
19336,0.0000,1,0
19337,0.0000,1,0
19338,0.0000,1,0
19339,0.0000,1,0
19340,0.0000,1,0
19341,0.0000,1,0
19342,0.0000,1,0
19343,0.0000,1,0
19344,0.0000,1,0
19345,0.0000,1,0
19346,0.0000,1,0
19347,0.0000,1,0
19348,0.0000,1,0
19349,0.0000,1,0
19350,0.0000,1,0
19351,0.0000,1,0
19352,0.0000,1,0
19353,0.0000,1,0
19354,0.0000,1,0
19355,0.0000,1,0
19356,0.0000,1,0
19357,0.0000,1,0
19358,0.0000,1,0
19359,0.0000,1,0
19360,0.0000,1,0
19361,0.0000,1,0
19362,0.0000,1,0
19363,0.0000,1,0
19364,0.0000,1,0
19365,0.0000,1,0
19366,0.0000,1,0
19367,0.0000,1,0
19368,0.0000,1,0
19369,0.0000,1,0
19370,0.0000,1,0
19371,0.0000,1,0
19372,0.0000,1,0
19373,0.0000,1,0
19374,0.0000,1,0
19375,0.0000,1,0
19376,0.0000,1,0
19377,0.0000,1,0
19378,0.0000,1,0
19379,0.0000,1,0
19380,0.0000,1,0
19381,0.0000,1,0
19382,0.0000,1,0
19383,0.0000,1,0
19384,0.0000,1,0
19385,0.0000,1,0
19386,0.0000,1,0
19387,0.0000,1,0
19388,0.0000,1,0
19389,0.0000,1,0
19390,0.0000,1,0
19391,0.0000,1,0
19392,2.6783,0,0
19393,3.1753,0,1
19394,2.9240,0,0
19395,3.0194,0,0
19396,3.0811,0,0
19397,3.1101,0,1
19398,2.8410,0,0
19399,2.9240,0,0
19400,3.1345,0,1
19401,3.1921,0,0
19402,3.1549,0,0
19403,3.1473,0,1
19404,2.9566,0,0
19405,3.1173,0,0
19406,3.0811,0,0
19407,2.9660,0,0
19408,3.0969,0,0
19409,3.0026,0,0
19410,3.0643,0,1
19411,3.1341,0,0
19412,3.1235,0,1
19413,3.1061,0,0
19414,3.0513,0,1
19415,2.7115,0,1
19416,3.0521,0,1
19417,2.8367,0,1
19418,2.6397,0,0
19419,2.9276,0,0
19420,2.8315,0,0
19421,2.3147,0,0
19422,2.8876,0,0
19423,2.9164,0,1
19424,2.8340,0,0
19425,3.0811,0,1
19426,2.4140,0,0
19427,2.8980,0,0
19428,2.9487,0,0
19429,3.0853,0,1
19430,1.7967,0,0
19431,1.4142,0,0
19432,0.2812,0,0
19433,0.0000,1,0
19434,0.0000,1,0
19435,0.0000,1,0
19436,0.0000,1,0
19437,0.0000,1,0
19438,0.0000,1,0
19439,0.0000,1,0
19440,0.0000,1,0
19441,0.0000,1,0
19442,0.0000,1,0
19443,0.0000,1,0
19444,0.0000,1,0
19445,0.0000,1,0
19446,0.0000,1,0
19447,0.0000,1,0
19448,0.0000,1,0
19449,0.0000,1,0
19450,0.0000,1,0
19451,0.0000,1,0
19452,0.0000,1,0
19453,0.0000,1,0
19454,0.0000,1,0
19455,0.0950,0,0
19456,0.0000,1,0
19457,0.0000,1,0
19458,0.0000,1,0
19459,0.0000,1,0
19460,0.0000,1,0
19461,0.0000,1,0
19462,0.0000,1,0
19463,0.0000,1,0
19464,0.0000,1,0
19465,0.0000,1,0
19466,0.0000,1,0
19467,0.0000,1,0
19468,0.0000,1,0
19469,0.0000,1,0
19470,0.0000,1,0
19471,0.0000,1,0
19472,0.0000,1,0
19473,0.0000,1,0
19474,0.0000,1,0
19475,0.0000,1,0
19476,0.0000,1,0
19477,0.0000,1,0
19478,0.0000,1,0
19479,0.0000,1,0
19480,0.0000,1,0
19481,0.0000,1,0
19482,0.0000,1,0
19483,0.0000,1,0
19484,0.0000,1,0
19485,0.0000,1,0
19486,0.0000,1,0
19487,0.0000,1,0
19488,0.0000,1,0
19489,0.0000,1,0
19490,0.0000,1,0
19491,0.0000,1,0
19492,0.0000,1,0
19493,0.0000,1,0
19494,0.0000,1,0
19495,0.0000,1,0
19496,0.0000,1,0
19497,0.0000,1,0
19498,0.0000,1,0
19499,0.0000,1,0
19500,0.0000,1,0
19501,0.0000,1,0
19502,0.0000,1,0
19503,0.0000,1,0
19504,0.0000,1,0
19505,0.0000,1,0
19506,0.0000,1,0
19507,0.0000,1,0
19508,0.0000,1,0
19509,0.0000,1,0
19510,0.0000,1,0
19511,0.0000,1,0
19512,0.0000,1,0
19513,0.0000,1,0
19514,0.0000,1,0
19515,0.0000,1,0
19516,0.0000,1,0
19517,0.0000,1,0
19518,0.0000,1,0
19519,0.0000,1,0
19520,0.6395,0,0
19521,0.4924,0,0
19522,0.5977,0,0
19523,0.6395,0,0
19524,0.4271,0,0
19525,0.5454,0,0
19526,0.6878,0,0
19527,0.6273,0,0
19528,0.5570,0,0
19529,0.5570,0,0
19530,0.6802,0,0
19531,0.3445,0,0
19532,0.6273,0,0
19533,0.5570,0,0
19534,0.3875,0,0
19535,0.5402,0,0
19536,0.6395,0,0
19537,0.3445,0,0
19538,0.3445,0,0
19539,0.3445,0,0
19540,0.5744,0,0
19541,0.4924,0,0
19542,0.5201,0,0
19543,0.3875,0,0
19544,0.3875,0,0
19545,0.3875,0,0
19546,0.5448,0,0
19547,0.2812,0,0
19548,0.2812,0,0
19549,0.2812,0,0
19550,0.3740,0,0
19551,0.3208,0,0
19552,0.2812,0,0
19553,0.3344,0,0
19554,0.3609,0,0
19555,0.5448,0,0
19556,0.7641,0,0
19557,0.3208,0,0
19558,0.2812,0,0
19559,0.2812,0,0
19560,0.3208,0,0
19561,0.2812,0,0
19562,0.2812,0,0
19563,0.7739,0,0
19564,0.6669,0,0
19565,0.3077,0,0
19566,0.2545,0,0
19567,0.2545,0,0
19568,0.2545,0,0
19569,0.2545,0,0
19570,0.2545,0,0
19571,0.2545,0,0
19572,0.2545,0,0
19573,0.2545,0,0
19574,0.2545,0,0
19575,0.2545,0,0
19576,0.2545,0,0
19577,0.2545,0,0
19578,0.2545,0,0
19579,0.2545,0,0
19580,0.2545,0,0
19581,0.2545,0,0
19582,0.2545,0,0
19583,0.2545,0,0
19584,0.0000,1,0
19585,0.0000,1,0
19586,0.0000,1,0
19587,0.0000,1,0
19588,0.0000,1,0
19589,0.0000,1,0
19590,0.0000,1,0
19591,0.0000,1,0
19592,0.0000,1,0
19593,0.0000,1,0
19594,0.0000,1,0
19595,0.0000,1,0
19596,0.0000,1,0
19597,0.0000,1,0
19598,0.0000,1,0
19599,0.0000,1,0
19600,0.0000,1,0
19601,0.0000,1,0
19602,0.0000,1,0
19603,0.0000,1,0
19604,0.0000,1,0
19605,0.0000,1,0
19606,0.0000,1,0
19607,0.0000,1,0
19608,0.0000,1,0
19609,0.0000,1,0
19610,0.0000,1,0
19611,0.0000,1,0
19612,0.0000,1,0
19613,0.0000,1,0
19614,0.0000,1,0
19615,0.0000,1,0
19616,0.0000,1,0
19617,0.0000,1,0
19618,0.0000,1,0
19619,0.0000,1,0
19620,0.0000,1,0
19621,0.0000,1,0
19622,0.0000,1,0
19623,0.0000,1,0
19624,0.0000,1,0
19625,0.0000,1,0
19626,0.0000,1,0
19627,0.0000,1,0
19628,0.0000,1,0
19629,0.0000,1,0
19630,0.0000,1,0
19631,0.0000,1,0
19632,0.0000,1,0
19633,0.0000,1,0
19634,0.0000,1,0
19635,0.0000,1,0
19636,0.0000,1,0
19637,0.0000,1,0
19638,0.0000,1,0
19639,0.0000,1,0
19640,0.0000,1,0
19641,0.0000,1,0
19642,0.0000,1,0
19643,0.0000,1,0
19644,0.0000,1,0
19645,0.0000,1,0
19646,0.0000,1,0
19647,0.0000,1,0
19648,0.0000,1,0
19649,0.0000,1,0
19650,0.0000,1,0
19651,0.0000,1,0
19652,0.0000,1,0
19653,0.0000,1,0
19654,0.0000,1,0
19655,0.0000,1,0
19656,0.0000,1,0
19657,0.0000,1,0
19658,0.0000,1,0
19659,0.0000,1,0
19660,0.0000,1,0
19661,0.0000,1,0
19662,0.0000,1,0
19663,0.0000,1,0
19664,0.0000,1,0
19665,0.0000,1,0
19666,0.0000,1,0
19667,0.0000,1,0
19668,0.0000,1,0
19669,0.0000,1,0
19670,0.0000,1,0
19671,0.0000,1,0
19672,0.0000,1,0
19673,0.0000,1,0
19674,0.0000,1,0
19675,0.0000,1,0
19676,0.0000,1,0
19677,0.0000,1,0
19678,0.0000,1,0
19679,0.0000,1,0
19680,0.0000,1,0
19681,0.0000,1,0
19682,0.0000,1,0
19683,0.0000,1,0
19684,0.0000,1,0
19685,0.0000,1,0
19686,0.0000,1,0
19687,0.0000,1,0
19688,0.0000,1,0
19689,0.0000,1,0
19690,0.0000,1,0
19691,0.0000,1,0
19692,0.0000,1,0
19693,0.0000,1,0
19694,0.0000,1,0
19695,0.0000,1,0
19696,0.0000,1,0
19697,0.0000,1,0
19698,0.0000,1,0
19699,0.0000,1,0
19700,0.0000,1,0
19701,0.0000,1,0
19702,0.0000,1,0
19703,0.0000,1,0
19704,0.0000,1,0
19705,0.0000,1,0
19706,0.0000,1,0
19707,0.0000,1,0
19708,0.0000,1,0
19709,0.0000,1,0
19710,0.0000,1,0
19711,0.0000,1,0
19712,4.7782,0,1
19713,5.1699,0,0
19714,4.7664,0,0
19715,4.4681,0,0
19716,4.6034,0,1
19717,4.9477,0,1
19718,4.1813,0,1
19719,4.7468,0,1
19720,3.9402,0,0
19721,4.8845,0,1
19722,4.4822,0,0
19723,4.6615,0,1
19724,4.3909,0,0
19725,5.0351,0,0
19726,4.4844,0,0
19727,4.7063,0,1
19728,4.6743,0,1
19729,4.7693,0,0
19730,5.5805,0,1
19731,5.2513,0,0
19732,4.7777,0,0
19733,4.3229,0,0
19734,5.1212,0,0
19735,4.7920,0,1
19736,4.5406,0,1
19737,4.7979,0,0
19738,4.7794,0,0
19739,4.2907,0,0
19740,4.3281,0,0
19741,4.5300,0,0
19742,4.8165,0,0
19743,5.2648,0,0
19744,4.6018,0,0
19745,5.1981,0,1
19746,4.0541,0,0
19747,4.9157,0,0
19748,5.2181,0,0
19749,5.5733,0,1
19750,2.7955,0,0
19751,2.7821,0,0
19752,0.4208,0,0
19753,0.0000,1,0
19754,0.0000,1,0
19755,0.0000,1,0
19756,0.0000,1,0
19757,0.0000,1,0
19758,0.0000,1,0
19759,0.0000,1,0
19760,0.1654,0,0
19761,0.0000,1,0
19762,0.0000,1,0
19763,0.0000,1,0
19764,0.0000,1,0
19765,0.0000,1,0
19766,0.0000,1,0
19767,0.0000,1,0
19768,0.0000,1,0
19769,0.0000,1,0
19770,0.0000,1,0
19771,0.0000,1,0
19772,0.0000,1,0
19773,0.0000,1,0
19774,0.0000,1,0
19775,0.0536,0,0
19776,0.0000,1,0
19777,0.0000,1,0
19778,0.0000,1,0
19779,0.0000,1,0
19780,0.0000,1,0
19781,0.0000,1,0
19782,0.0000,1,0
19783,0.0000,1,0
19784,0.0000,1,0
19785,0.0000,1,0
19786,0.0000,1,0
19787,0.0000,1,0
19788,0.0000,1,0
19789,0.0000,1,0
19790,0.0000,1,0
19791,0.0000,1,0
19792,0.0000,1,0
19793,0.0000,1,0
19794,0.0000,1,0
19795,0.0000,1,0
19796,0.0000,1,0
19797,0.0000,1,0
19798,0.0000,1,0
19799,0.0000,1,0
19800,0.0000,1,0
19801,0.0000,1,0
19802,0.0000,1,0
19803,0.0000,1,0
19804,0.0000,1,0
19805,0.0000,1,0
19806,0.0000,1,0
19807,0.0000,1,0
19808,0.0000,1,0
19809,0.0000,1,0
19810,0.0000,1,0
19811,0.0000,1,0
19812,0.0000,1,0
19813,0.0000,1,0
19814,0.0000,1,0
19815,0.0000,1,0
19816,0.0000,1,0
19817,0.0000,1,0
19818,0.0000,1,0
19819,0.0000,1,0
19820,0.0000,1,0
19821,0.0000,1,0
19822,0.0000,1,0
19823,0.0000,1,0
19824,0.0000,1,0
19825,0.0000,1,0
19826,0.0000,1,0
19827,0.0000,1,0
19828,0.0000,1,0
19829,0.0000,1,0
19830,0.0000,1,0
19831,0.0000,1,0
19832,0.0000,1,0
19833,0.0000,1,0
19834,0.0000,1,0
19835,0.0000,1,0
19836,0.0000,1,0
19837,0.0000,1,0
19838,0.0000,1,0
19839,0.0000,1,0
19840,0.0000,1,0
19841,0.0000,1,0
19842,0.0000,1,0
19843,0.0000,1,0
19844,0.0000,1,0
19845,0.0000,1,0
19846,0.0000,1,0
19847,0.0000,1,0
19848,0.0000,1,0
19849,0.0000,1,0
19850,0.0000,1,0
19851,0.0000,1,0
19852,0.0000,1,0
19853,0.0000,1,0
19854,0.0000,1,0
19855,0.0000,1,0
19856,0.0000,1,0
19857,0.0000,1,0
19858,0.0000,1,0
19859,0.0000,1,0
19860,0.0000,1,0
19861,0.0000,1,0
19862,0.0000,1,0
19863,0.0000,1,0
19864,0.0000,1,0
19865,0.0000,1,0
19866,0.0000,1,0
19867,0.0000,1,0
19868,0.0000,1,0
19869,0.0000,1,0
19870,0.0000,1,0
19871,0.0000,1,0
19872,0.0000,1,0
19873,0.0000,1,0
19874,0.0000,1,0
19875,0.0000,1,0
19876,0.0000,1,0
19877,0.0000,1,0
19878,0.0000,1,0
19879,0.0000,1,0
19880,0.0000,1,0
19881,0.0000,1,0
19882,0.0000,1,0
19883,0.0000,1,0
19884,0.0000,1,0
19885,0.0000,1,0
19886,0.0000,1,0
19887,0.0000,1,0
19888,0.0000,1,0
19889,0.0000,1,0
19890,0.0000,1,0
19891,0.0000,1,0
19892,0.0000,1,0
19893,0.0000,1,0
19894,0.0000,1,0
19895,0.0000,1,0
19896,0.0000,1,0
19897,0.0000,1,0
19898,0.0000,1,0
19899,0.0000,1,0
19900,0.0000,1,0
19901,0.0000,1,0
19902,0.0000,1,0
19903,0.0000,1,0
19904,0.0000,1,0
19905,0.0000,1,0
19906,0.0000,1,0
19907,0.0000,1,0
19908,0.0000,1,0
19909,0.0000,1,0
19910,0.0000,1,0
19911,0.0000,1,0
19912,0.0000,1,0
19913,0.0000,1,0
19914,0.0000,1,0
19915,0.0000,1,0
19916,0.0000,1,0
19917,0.0000,1,0
19918,0.0000,1,0
19919,0.0000,1,0
19920,0.0000,1,0
19921,0.0000,1,0
19922,0.0000,1,0
19923,0.0000,1,0
19924,0.0000,1,0
19925,0.0000,1,0
19926,0.0000,1,0
19927,0.0000,1,0
19928,0.0000,1,0
19929,0.0000,1,0
19930,0.0000,1,0
19931,0.0000,1,0
19932,0.0000,1,0
19933,0.0000,1,0
19934,0.0000,1,0
19935,0.0000,1,0
19936,0.0000,1,0
19937,0.0000,1,0
19938,0.0000,1,0
19939,0.0000,1,0
19940,0.0000,1,0
19941,0.0000,1,0
19942,0.0000,1,0
19943,0.0000,1,0
19944,0.0000,1,0
19945,0.0000,1,0
19946,0.0000,1,0
19947,0.0000,1,0
19948,0.0000,1,0
19949,0.0000,1,0
19950,0.0000,1,0
19951,0.0000,1,0
19952,0.0000,1,0
19953,0.0000,1,0
19954,0.0000,1,0
19955,0.0000,1,0
19956,0.0000,1,0
19957,0.0000,1,0
19958,0.0000,1,0
19959,0.0000,1,0
19960,0.0000,1,0
19961,0.0000,1,0
19962,0.0000,1,0
19963,0.0000,1,0
19964,0.0000,1,0
19965,0.0000,1,0
19966,0.0000,1,0
19967,0.0000,1,0
19968,0.0000,1,0
19969,0.0000,1,0
19970,0.0000,1,0
19971,0.0000,1,0
19972,0.0000,1,0
19973,0.0000,1,0
19974,0.0000,1,0
19975,0.0000,1,0
19976,0.0000,1,0
19977,0.0000,1,0
19978,0.0000,1,0
19979,0.0000,1,0
19980,0.0000,1,0
19981,0.0000,1,0
19982,0.0000,1,0
19983,0.0000,1,0
19984,0.0000,1,0
19985,0.0000,1,0
19986,0.0000,1,0
19987,0.0000,1,0
19988,0.0000,1,0
19989,0.0000,1,0
19990,0.0000,1,0
19991,0.0000,1,0
19992,0.0000,1,0
19993,0.0000,1,0
19994,0.0000,1,0
19995,0.0000,1,0
19996,0.0000,1,0
19997,0.0000,1,0
19998,0.0000,1,0
19999,0.0000,1,0
20000,0.0000,1,0
20001,0.0000,1,0
20002,0.0000,1,0
20003,0.0000,1,0
20004,0.0000,1,0
20005,0.0000,1,0
20006,0.0000,1,0
20007,0.0000,1,0
20008,0.0000,1,0
20009,0.0000,1,0
20010,0.0000,1,0
20011,0.0000,1,0
20012,0.0000,1,0
20013,0.0000,1,0
20014,0.0000,1,0
20015,0.0000,1,0
20016,0.0000,1,0
20017,0.0000,1,0
20018,0.0000,1,0
20019,0.0000,1,0
20020,0.0000,1,0
20021,0.0000,1,0
20022,0.0000,1,0
20023,0.0000,1,0
20024,0.0000,1,0
20025,0.0000,1,0
20026,0.0000,1,0
20027,0.0000,1,0
20028,0.0000,1,0
20029,0.0000,1,0
20030,0.0000,1,0
20031,0.0000,1,0
20032,0.0000,1,0
20033,0.0000,1,0
20034,1.0887,0,0
20035,0.6006,0,0
20036,0.3776,0,0
20037,0.6006,0,0
20038,1.0887,0,0
20039,0.6006,0,0
20040,0.3776,0,0
20041,0.6006,0,0
20042,0.0000,1,0
20043,0.0000,1,0
20044,0.0000,1,0
20045,0.0000,1,0
20046,0.0000,1,0
20047,0.0000,1,0
20048,0.0000,1,0
20049,0.0000,1,0
20050,0.0000,1,0
20051,0.0000,1,0
20052,0.0000,1,0
20053,0.0000,1,0
20054,0.0000,1,0
20055,0.0000,1,0
20056,0.0000,1,0
20057,0.0000,1,0
20058,0.0000,1,0
20059,0.0000,1,0
20060,0.0000,1,0
20061,0.0000,1,0
20062,0.0000,1,0
20063,0.0000,1,0
20064,0.0000,1,0
20065,0.0000,1,0
20066,0.0000,1,0
20067,0.0000,1,0
20068,0.0000,1,0
20069,0.0000,1,0
20070,0.0000,1,0
20071,0.0000,1,0
20072,0.0000,1,0
20073,0.0000,1,0
20074,0.0000,1,0
20075,0.0000,1,0
20076,0.0000,1,0
20077,0.0000,1,0
20078,0.0000,1,0
20079,0.0000,1,0
20080,0.0000,1,0
20081,0.0000,1,0
20082,0.0000,1,0
20083,0.0000,1,0
20084,0.0000,1,0
20085,0.0000,1,0
20086,0.0000,1,0
20087,0.0000,1,0
20088,0.0000,1,0
20089,0.0000,1,0
20090,0.0000,1,0
20091,0.0000,1,0
20092,0.0000,1,0
20093,0.0000,1,0
20094,0.0000,1,0
20095,0.0000,1,0
20096,0.0000,1,0
20097,0.0000,1,0
20098,0.0000,1,0
20099,0.0000,1,0
20100,0.0000,1,0
20101,0.0000,1,0
20102,0.0000,1,0
20103,0.0000,1,0
20104,0.0000,1,0
20105,0.0000,1,0
20106,0.0000,1,0
20107,0.0000,1,0
20108,0.0000,1,0
20109,0.0000,1,0
20110,0.0000,1,0
20111,0.0000,1,0
20112,0.0000,1,0
20113,0.0000,1,0
20114,0.0000,1,0
20115,0.0000,1,0
20116,0.0000,1,0
20117,0.0000,1,0
20118,0.0000,1,0
20119,0.0000,1,0
20120,0.0000,1,0
20121,0.0000,1,0
20122,0.0000,1,0
20123,0.0000,1,0
20124,0.0000,1,0
20125,0.0000,1,0
20126,0.0000,1,0
20127,0.0000,1,0
20128,0.0000,1,0
20129,0.0000,1,0
20130,0.0000,1,0
20131,0.0000,1,0
20132,0.0000,1,0
20133,0.0000,1,0
20134,0.0000,1,0
20135,0.0000,1,0
20136,0.0000,1,0
20137,0.0000,1,0
20138,0.0000,1,0
20139,0.0000,1,0
20140,0.0000,1,0
20141,0.0000,1,0
20142,0.0000,1,0
20143,0.0000,1,0
20144,0.0000,1,0
20145,0.0000,1,0
20146,0.0000,1,0
20147,0.0000,1,0
20148,0.0000,1,0
20149,0.0000,1,0
20150,0.0000,1,0
20151,0.0000,1,0
20152,0.0000,1,0
20153,0.0000,1,0
20154,0.0000,1,0
20155,0.0000,1,0
20156,0.0000,1,0
20157,0.0000,1,0
20158,0.0000,1,0
20159,0.0000,1,0
20160,0.0000,1,0
20161,0.0000,1,0
20162,0.0000,1,0
20163,0.0000,1,0
20164,0.0000,1,0
20165,0.0000,1,0
20166,0.0000,1,0
20167,0.0000,1,0
20168,0.0000,1,0
20169,0.0000,1,0
20170,0.0000,1,0
20171,0.0000,1,0
20172,0.0000,1,0
20173,0.0000,1,0
20174,0.0000,1,0
20175,0.0000,1,0
20176,0.0000,1,0
20177,0.0000,1,0
20178,0.0000,1,0
20179,0.0000,1,0
20180,0.0000,1,0
20181,0.0000,1,0
20182,0.0000,1,0
20183,0.0000,1,0
20184,0.0000,1,0
20185,0.0000,1,0
20186,0.0000,1,0
20187,0.0000,1,0
20188,0.0000,1,0
20189,0.0000,1,0
20190,0.0000,1,0
20191,0.0000,1,0
20192,0.0000,1,0
20193,0.0000,1,0
20194,0.0000,1,0
20195,0.0000,1,0
20196,0.0000,1,0
20197,0.0000,1,0
20198,0.0000,1,0
20199,0.0000,1,0
20200,0.0000,1,0
20201,0.0000,1,0
20202,0.0000,1,0
20203,0.0000,1,0
20204,0.0000,1,0
20205,0.0000,1,0
20206,0.0000,1,0
20207,0.0000,1,0
20208,0.0000,1,0
20209,0.0000,1,0
20210,0.0000,1,0
20211,0.0000,1,0
20212,0.0000,1,0
20213,0.0000,1,0
20214,0.0000,1,0
20215,0.0000,1,0
20216,0.0000,1,0
20217,0.0000,1,0
20218,0.0000,1,0
20219,0.0000,1,0
20220,0.0000,1,0
20221,0.0000,1,0
20222,0.0000,1,0
20223,0.0000,1,0
20224,0.0000,1,0
20225,0.0000,1,0
20226,0.0000,1,0
20227,0.0000,1,0
20228,0.0000,1,0
20229,0.0000,1,0
20230,0.0000,1,0
20231,0.0000,1,0
20232,0.0000,1,0
20233,0.0000,1,0
20234,0.0000,1,0
20235,0.0000,1,0
20236,0.0000,1,0
20237,0.0000,1,0
20238,0.0000,1,0
20239,0.0000,1,0
20240,0.0000,1,0
20241,0.0000,1,0
20242,0.0000,1,0
20243,0.0000,1,0
20244,0.0000,1,0
20245,0.0000,1,0
20246,0.0000,1,0
20247,0.0000,1,0
20248,0.0000,1,0
20249,0.0000,1,0
20250,0.0000,1,0
20251,0.0000,1,0
20252,0.0000,1,0
20253,0.0000,1,0
20254,0.0000,1,0
20255,0.0000,1,0
20256,0.0000,1,0
20257,0.0000,1,0
20258,0.0000,1,0
20259,0.0000,1,0
20260,0.0000,1,0
20261,0.0000,1,0
20262,0.0000,1,0
20263,0.0000,1,0
20264,0.0000,1,0
20265,0.0000,1,0
20266,0.0000,1,0
20267,0.0000,1,0
20268,0.0000,1,0
20269,0.0000,1,0
20270,0.0000,1,0
20271,0.0000,1,0
20272,0.0000,1,0
20273,0.0000,1,0
20274,0.0000,1,0
20275,0.0000,1,0
20276,0.0000,1,0
20277,0.0000,1,0
20278,0.0000,1,0
20279,0.0000,1,0
20280,0.0000,1,0
20281,0.0000,1,0
20282,0.0000,1,0
20283,0.0000,1,0
20284,0.0000,1,0
20285,0.0000,1,0
20286,0.0000,1,0
20287,0.0000,1,0
20288,0.0000,1,0
20289,0.0000,1,0
20290,0.0000,1,0
20291,0.0000,1,0
20292,0.0000,1,0
20293,0.0000,1,0
20294,0.0000,1,0
20295,0.0000,1,0
20296,0.0000,1,0
20297,0.0000,1,0
20298,0.0000,1,0
20299,0.0000,1,0
20300,0.0000,1,0
20301,0.0000,1,0
20302,0.0000,1,0
20303,0.0000,1,0
20304,0.0000,1,0
20305,0.0000,1,0
20306,0.0000,1,0
20307,0.0000,1,0
20308,0.0000,1,0
20309,0.0000,1,0
20310,0.0000,1,0
20311,0.0000,1,0
20312,0.0000,1,0
20313,0.0000,1,0
20314,0.0000,1,0
20315,0.0000,1,0
20316,0.0000,1,0
20317,0.0000,1,0
20318,0.0000,1,0
20319,0.0000,1,0
20320,0.0000,1,0
20321,0.0000,1,0
20322,0.0000,1,0
20323,0.0000,1,0
20324,0.0000,1,0
20325,0.0000,1,0
20326,0.0000,1,0
20327,0.0000,1,0
20328,0.0000,1,0
20329,0.0000,1,0
20330,0.0000,1,0
20331,0.0000,1,0
20332,0.0000,1,0
20333,0.0000,1,0
20334,0.0000,1,0
20335,0.0000,1,0
20336,0.0000,1,0
20337,0.0000,1,0
20338,0.0000,1,0
20339,0.0000,1,0
20340,0.0000,1,0
20341,0.0000,1,0
20342,0.0000,1,0
20343,0.0000,1,0
20344,0.0000,1,0
20345,0.0000,1,0
20346,0.0000,1,0
20347,0.0000,1,0
20348,0.0000,1,0
20349,0.0000,1,0
20350,0.0000,1,0
20351,0.0000,1,0
20352,0.0000,1,0
20353,0.0000,1,0
20354,0.0000,1,0
20355,0.0000,1,0
20356,0.0000,1,0
20357,0.0000,1,0
20358,0.0000,1,0
20359,0.0000,1,0
20360,0.0000,1,0
20361,0.0000,1,0
20362,0.0000,1,0
20363,0.0000,1,0
20364,0.0000,1,0
20365,0.0000,1,0
20366,0.0000,1,0
20367,0.0000,1,0
20368,0.0000,1,0
20369,0.0000,1,0
20370,0.0000,1,0
20371,0.0000,1,0
20372,0.0000,1,0
20373,0.0000,1,0
20374,0.0000,1,0
20375,0.0000,1,0
20376,0.0000,1,0
20377,0.0000,1,0
20378,0.0000,1,0
20379,0.0000,1,0
20380,0.0000,1,0
20381,0.0000,1,0
20382,0.0000,1,0
20383,0.0000,1,0
20384,0.0000,1,0
20385,0.0000,1,0
20386,0.0000,1,0
20387,0.0000,1,0
20388,0.0000,1,0
20389,0.0000,1,0
20390,0.0000,1,0
20391,0.0000,1,0
20392,0.0000,1,0
20393,0.0000,1,0
20394,0.0000,1,0
20395,0.0000,1,0
20396,0.0000,1,0
20397,0.0000,1,0
20398,0.0000,1,0
20399,0.0000,1,0
20400,0.0000,1,0
20401,0.0000,1,0
20402,0.0000,1,0
20403,0.0000,1,0
20404,0.0000,1,0
20405,0.0000,1,0
20406,0.0000,1,0
20407,0.0000,1,0
20408,0.0000,1,0
20409,0.0000,1,0
20410,0.0000,1,0
20411,0.0000,1,0
20412,0.0000,1,0
20413,0.0000,1,0
20414,0.0000,1,0
20415,0.0000,1,0
20416,0.0000,1,0
20417,0.0000,1,0
20418,0.0000,1,0
20419,0.0000,1,0
20420,0.0000,1,0
20421,0.0000,1,0
20422,0.0000,1,0
20423,0.0000,1,0
20424,0.0000,1,0
20425,0.0000,1,0
20426,0.0000,1,0
20427,0.0000,1,0
20428,0.0000,1,0
20429,0.0000,1,0
20430,0.0000,1,0
20431,0.0000,1,0
20432,0.0000,1,0
20433,0.0000,1,0
20434,0.0000,1,0
20435,0.0000,1,0
20436,0.0000,1,0
20437,0.0000,1,0
20438,0.0000,1,0
20439,0.0000,1,0
20440,0.0000,1,0
20441,0.0000,1,0
20442,0.0000,1,0
20443,0.0000,1,0
20444,0.0000,1,0
20445,0.0000,1,0
20446,0.0000,1,0
20447,0.0000,1,0
20448,0.0000,1,0
20449,0.0000,1,0
20450,0.0000,1,0
20451,0.0000,1,0
20452,0.0000,1,0
20453,0.0000,1,0
20454,0.0000,1,0
20455,0.0000,1,0
20456,0.0000,1,0
20457,0.0000,1,0
20458,0.0000,1,0
20459,0.0000,1,0
20460,0.0000,1,0
20461,0.0000,1,0
20462,0.0000,1,0
20463,0.0000,1,0
20464,0.0000,1,0
20465,0.0000,1,0
20466,0.0000,1,0
20467,0.0000,1,0
20468,0.0000,1,0
20469,0.0000,1,0
20470,0.0000,1,0
20471,0.0000,1,0
20472,0.0000,1,0
20473,0.0000,1,0
20474,0.0000,1,0
20475,0.0000,1,0
20476,0.0000,1,0
20477,0.0000,1,0
20478,0.0000,1,0
20479,0.0000,1,0
20480,0.0000,1,0
20481,0.0000,1,0
20482,0.0000,1,0
20483,0.0000,1,0
20484,0.0000,1,0
20485,0.0000,1,0
20486,0.0000,1,0
20487,0.0000,1,0
20488,0.0000,1,0
20489,0.0000,1,0
20490,0.0000,1,0
20491,0.0000,1,0
20492,0.0000,1,0
20493,0.0000,1,0
20494,0.0000,1,0
20495,0.0000,1,0
20496,0.0000,1,0
20497,0.0000,1,0
20498,0.0000,1,0
20499,0.0000,1,0
20500,0.0000,1,0
20501,0.0000,1,0
20502,0.0000,1,0
20503,0.0000,1,0
20504,0.0000,1,0
20505,0.0000,1,0
20506,0.0000,1,0
20507,0.0000,1,0
20508,0.0000,1,0
20509,0.0000,1,0
20510,0.0000,1,0
20511,0.0000,1,0
20512,0.0000,1,0
20513,0.0000,1,0
20514,0.0000,1,0
20515,0.0000,1,0
20516,0.0000,1,0
20517,0.0000,1,0
20518,0.0000,1,0
20519,0.0000,1,0
20520,0.0000,1,0
20521,0.0000,1,0
20522,0.0000,1,0
20523,0.0000,1,0
20524,0.0000,1,0
20525,0.0000,1,0
20526,0.0000,1,0
20527,0.0000,1,0
20528,0.0000,1,0
20529,0.0000,1,0
20530,0.0000,1,0
20531,0.0000,1,0
20532,0.0000,1,0
20533,0.0000,1,0
20534,0.0000,1,0
20535,0.0000,1,0
20536,0.0000,1,0
20537,0.0000,1,0
20538,0.0000,1,0
20539,0.0000,1,0
20540,0.0000,1,0
20541,0.0000,1,0
20542,0.0000,1,0
20543,0.0000,1,0
20544,0.0000,1,0
20545,0.0000,1,0
20546,0.0000,1,0
20547,0.0000,1,0
20548,0.0000,1,0
20549,0.0000,1,0
20550,0.0000,1,0
20551,0.0000,1,0
20552,0.0000,1,0
20553,0.0000,1,0
20554,0.0000,1,0
20555,0.0000,1,0
20556,0.0000,1,0
20557,0.0000,1,0
20558,0.0000,1,0
20559,0.0000,1,0
20560,0.0000,1,0
20561,0.0000,1,0
20562,0.0000,1,0
20563,0.0000,1,0
20564,0.0000,1,0
20565,0.0000,1,0
20566,0.0000,1,0
20567,0.0000,1,0
20568,0.0000,1,0
20569,0.0000,1,0
20570,0.0000,1,0
20571,0.0000,1,0
20572,0.0000,1,0
20573,0.0000,1,0
20574,0.0000,1,0
20575,0.0000,1,0
20576,0.0000,1,0
20577,0.0000,1,0
20578,0.0000,1,0
20579,0.0000,1,0
20580,0.0000,1,0
20581,0.0000,1,0
20582,0.0000,1,0
20583,0.0000,1,0
20584,0.0000,1,0
20585,0.0000,1,0
20586,0.0000,1,0
20587,0.0000,1,0
20588,0.0000,1,0
20589,0.0000,1,0
20590,0.0000,1,0
20591,0.0000,1,0
20592,0.0000,1,0
20593,0.0000,1,0
20594,0.0000,1,0
20595,0.0000,1,0
20596,0.0000,1,0
20597,0.0000,1,0
20598,0.0000,1,0
20599,0.0000,1,0
20600,0.0000,1,0
20601,0.0000,1,0
20602,0.0000,1,0
20603,0.0000,1,0
20604,0.0000,1,0
20605,0.0000,1,0
20606,0.0000,1,0
20607,0.0000,1,0
20608,0.0000,1,0
20609,0.0000,1,0
20610,0.0000,1,0
20611,0.0000,1,0
20612,0.0000,1,0
20613,0.0000,1,0
20614,0.0000,1,0
20615,0.0000,1,0
20616,0.0000,1,0
20617,0.0000,1,0
20618,0.0000,1,0
20619,0.0000,1,0
20620,0.0000,1,0
20621,0.0000,1,0
20622,0.0000,1,0
20623,0.0000,1,0
20624,0.0000,1,0
20625,0.0000,1,0
20626,0.0000,1,0
20627,0.0000,1,0
20628,0.0000,1,0
20629,0.0000,1,0
20630,0.0000,1,0
20631,0.0000,1,0
20632,0.0000,1,0
20633,0.0000,1,0
20634,0.0000,1,0
20635,0.0000,1,0
20636,0.0000,1,0
20637,0.0000,1,0
20638,0.0000,1,0
20639,0.0000,1,0
20640,0.0000,1,0
20641,0.0000,1,0
20642,0.0000,1,0
20643,0.0000,1,0
20644,0.0000,1,0
20645,0.0000,1,0
20646,0.0000,1,0
20647,0.0000,1,0
20648,0.0000,1,0
20649,0.0000,1,0
20650,0.0000,1,0
20651,0.0000,1,0
20652,0.0000,1,0
20653,0.0000,1,0
20654,0.0000,1,0
20655,0.0000,1,0
20656,0.0000,1,0
20657,0.0000,1,0
20658,0.0000,1,0
20659,0.0000,1,0
20660,0.0000,1,0
20661,0.0000,1,0
20662,0.0000,1,0
20663,0.0000,1,0
20664,0.0000,1,0
20665,0.0000,1,0
20666,0.0000,1,0
20667,0.0000,1,0
20668,0.0000,1,0
20669,0.0000,1,0
20670,0.0000,1,0
20671,0.0000,1,0
20672,0.0000,1,0
20673,0.0000,1,0
20674,0.0000,1,0
20675,0.0000,1,0
20676,0.0000,1,0
20677,0.0000,1,0
20678,0.0000,1,0
20679,0.0000,1,0
20680,0.0000,1,0
20681,0.0000,1,0
20682,0.0000,1,0
20683,0.0000,1,0
20684,0.0000,1,0
20685,0.0000,1,0
20686,0.0000,1,0
20687,0.0000,1,0
20688,0.0000,1,0
20689,0.0000,1,0
20690,0.0000,1,0
20691,0.0000,1,0
20692,0.0000,1,0
20693,0.0000,1,0
20694,0.0000,1,0
20695,0.0000,1,0
20696,0.0000,1,0
20697,0.0000,1,0
20698,0.0000,1,0
20699,0.0000,1,0
20700,0.0000,1,0
20701,0.0000,1,0
20702,0.0000,1,0
20703,0.0000,1,0
20704,0.0000,1,0
20705,0.0000,1,0
20706,0.0000,1,0
20707,0.0000,1,0
20708,0.0000,1,0
20709,0.0000,1,0
20710,0.0000,1,0
20711,0.0000,1,0
20712,0.0000,1,0
20713,0.0000,1,0
20714,0.0000,1,0
20715,0.0000,1,0
20716,0.0000,1,0
20717,0.0000,1,0
20718,0.0000,1,0
20719,0.0000,1,0
20720,0.0000,1,0
20721,0.0000,1,0
20722,0.0000,1,0
20723,0.0000,1,0
20724,0.0000,1,0
20725,0.0000,1,0
20726,0.0000,1,0
20727,0.0000,1,0
20728,0.0000,1,0
20729,0.0000,1,0
20730,0.0000,1,0
20731,0.0000,1,0
20732,0.0000,1,0
20733,0.0000,1,0
20734,0.0000,1,0
20735,0.0000,1,0
20736,0.0000,1,0
20737,0.0000,1,0
20738,0.0000,1,0
20739,0.0000,1,0
20740,0.0000,1,0
20741,0.0000,1,0
20742,0.0000,1,0
20743,0.0000,1,0
20744,0.0000,1,0
20745,0.0000,1,0
20746,0.0000,1,0
20747,0.0000,1,0
20748,0.0000,1,0
20749,0.0000,1,0
20750,0.0000,1,0
20751,0.0000,1,0
20752,0.0000,1,0
20753,0.0000,1,0
20754,0.0000,1,0
20755,0.0000,1,0
20756,0.0000,1,0
20757,0.0000,1,0
20758,0.0000,1,0
20759,0.0000,1,0
20760,0.0000,1,0
20761,0.0000,1,0
20762,0.0000,1,0
20763,0.0000,1,0
20764,0.0000,1,0
20765,0.0000,1,0
20766,0.0000,1,0
20767,0.0000,1,0
20768,0.0000,1,0
20769,0.0000,1,0
20770,0.0000,1,0
20771,0.0000,1,0
20772,0.0000,1,0
20773,0.0000,1,0
20774,0.0000,1,0
20775,0.0000,1,0
20776,0.0000,1,0
20777,0.0000,1,0
20778,0.0000,1,0
20779,0.0000,1,0
20780,0.0000,1,0
20781,0.0000,1,0
20782,0.0000,1,0
20783,0.0000,1,0
20784,0.0000,1,0
20785,0.0000,1,0
20786,0.0000,1,0
20787,0.0000,1,0
20788,0.0000,1,0
20789,0.0000,1,0
20790,0.0000,1,0
20791,0.0000,1,0
20792,0.0000,1,0
20793,0.0000,1,0
20794,0.0000,1,0
20795,0.0000,1,0
20796,0.0000,1,0
20797,0.0000,1,0
20798,0.0000,1,0
20799,0.0000,1,0
20800,0.0000,1,0
20801,0.0000,1,0
20802,0.0000,1,0
20803,0.0000,1,0
20804,0.0000,1,0
20805,0.0000,1,0
20806,0.0000,1,0
20807,0.0000,1,0
20808,0.0000,1,0
20809,0.0000,1,0
20810,0.0000,1,0
20811,0.0000,1,0
20812,0.0000,1,0
20813,0.0000,1,0
20814,0.0000,1,0
20815,0.0000,1,0
20816,0.0000,1,0
20817,0.0000,1,0
20818,0.0000,1,0
20819,0.0000,1,0
20820,0.0000,1,0
20821,0.0000,1,0
20822,0.0000,1,0
20823,0.0000,1,0
20824,0.0000,1,0
20825,0.0000,1,0
20826,0.0000,1,0
20827,0.0000,1,0
20828,0.0000,1,0
20829,0.0000,1,0
20830,0.0000,1,0
20831,0.0000,1,0
20832,0.0000,1,0
20833,0.0000,1,0
20834,0.0000,1,0
20835,0.0000,1,0
20836,0.0000,1,0
20837,0.0000,1,0
20838,0.0000,1,0
20839,0.0000,1,0
20840,0.0000,1,0
20841,0.0000,1,0
20842,0.0000,1,0
20843,0.0000,1,0
20844,0.0000,1,0
20845,0.0000,1,0
20846,0.0000,1,0
20847,0.0000,1,0
20848,0.0000,1,0
20849,0.0000,1,0
20850,0.0000,1,0
20851,0.0000,1,0
20852,0.0000,1,0
20853,0.0000,1,0
20854,0.0000,1,0
20855,0.0000,1,0
20856,0.0000,1,0
20857,0.0000,1,0
20858,0.0000,1,0
20859,0.0000,1,0
20860,0.0000,1,0
20861,0.0000,1,0
20862,0.0000,1,0
20863,0.0000,1,0
20864,0.0000,1,0
20865,0.0000,1,0
20866,0.0000,1,0
20867,0.0000,1,0
20868,0.0000,1,0
20869,0.0000,1,0
20870,0.0000,1,0
20871,0.0000,1,0
20872,0.0000,1,0
20873,0.0000,1,0
20874,0.0000,1,0
20875,0.0000,1,0
20876,0.0000,1,0
20877,0.0000,1,0
20878,0.0000,1,0
20879,0.0000,1,0
20880,0.0000,1,0
20881,0.0000,1,0
20882,0.0000,1,0
20883,0.0000,1,0
20884,0.0000,1,0
20885,0.0000,1,0
20886,0.0000,1,0
20887,0.0000,1,0
20888,0.0000,1,0
20889,0.0000,1,0
20890,0.0000,1,0
20891,0.0000,1,0
20892,0.0000,1,0
20893,0.0000,1,0
20894,0.0000,1,0
20895,0.0000,1,0
20896,0.0000,1,0
20897,0.0000,1,0
20898,0.0000,1,0
20899,0.0000,1,0
20900,0.0000,1,0
20901,0.0000,1,0
20902,0.0000,1,0
20903,0.0000,1,0
20904,0.0000,1,0
20905,0.0000,1,0
20906,0.0000,1,0
20907,0.0000,1,0
20908,0.0000,1,0
20909,0.0000,1,0
20910,0.0000,1,0
20911,0.0000,1,0
20912,0.0000,1,0
20913,0.0000,1,0
20914,0.0000,1,0
20915,0.0000,1,0
20916,0.0000,1,0
20917,0.0000,1,0
20918,0.0000,1,0
20919,0.0000,1,0
20920,0.0000,1,0
20921,0.0000,1,0
20922,0.0000,1,0
20923,0.0000,1,0
20924,0.0000,1,0
20925,0.0000,1,0
20926,0.0000,1,0
20927,0.0000,1,0
20928,0.0000,1,0
20929,0.0000,1,0
20930,0.0000,1,0
20931,0.0000,1,0
20932,0.0000,1,0
20933,0.0000,1,0
20934,0.0000,1,0
20935,0.0000,1,0
20936,0.0000,1,0
20937,0.0000,1,0
20938,0.0000,1,0
20939,0.0000,1,0
20940,0.0000,1,0
20941,0.0000,1,0
20942,0.0000,1,0
20943,0.0000,1,0
20944,0.0000,1,0
20945,0.0000,1,0
20946,0.0000,1,0
20947,0.0000,1,0
20948,0.0000,1,0
20949,0.0000,1,0
20950,0.0000,1,0
20951,0.0000,1,0
20952,0.0000,1,0
20953,0.0000,1,0
20954,0.0000,1,0
20955,0.0000,1,0
20956,0.0000,1,0
20957,0.0000,1,0
20958,0.0000,1,0
20959,0.0000,1,0
20960,0.0000,1,0
20961,0.0000,1,0
20962,0.0000,1,0
20963,0.0000,1,0
20964,0.0000,1,0
20965,0.0000,1,0
20966,0.0000,1,0
20967,0.0000,1,0
20968,0.0000,1,0
20969,0.0000,1,0
20970,0.0000,1,0
20971,0.0000,1,0
20972,0.0000,1,0
20973,0.0000,1,0
20974,0.0000,1,0
20975,0.0000,1,0
20976,0.0000,1,0
20977,0.0000,1,0
20978,0.0000,1,0
20979,0.0000,1,0
20980,0.0000,1,0
20981,0.0000,1,0
20982,0.0000,1,0
20983,0.0000,1,0
20984,0.0000,1,0
20985,0.0000,1,0
20986,0.0000,1,0
20987,0.0000,1,0
20988,0.0000,1,0
20989,0.0000,1,0
20990,0.0000,1,0
20991,0.0000,1,0
20992,0.0000,1,0
20993,0.0000,1,0
20994,0.0000,1,0
20995,0.0000,1,0
20996,0.0000,1,0
20997,0.0000,1,0
20998,0.0000,1,0
20999,0.0000,1,0
21000,0.0000,1,0
21001,0.0000,1,0
21002,0.0000,1,0
21003,0.0000,1,0
21004,0.0000,1,0
21005,0.0000,1,0
21006,0.0000,1,0
21007,0.0000,1,0
21008,0.0000,1,0
21009,0.0000,1,0
21010,0.0000,1,0
21011,0.0000,1,0
21012,0.0000,1,0
21013,0.0000,1,0
21014,0.0000,1,0
21015,0.0000,1,0
21016,0.0000,1,0
21017,0.0000,1,0
21018,0.0000,1,0
21019,0.0000,1,0
21020,0.0000,1,0
21021,0.0000,1,0
21022,0.0000,1,0
21023,0.0000,1,0
21024,0.0000,1,0
21025,0.0000,1,0
21026,0.0000,1,0
21027,0.0000,1,0
21028,0.0000,1,0
21029,0.0000,1,0
21030,0.0000,1,0
21031,0.0000,1,0
21032,0.0000,1,0
21033,0.0000,1,0
21034,0.0000,1,0
21035,0.0000,1,0
21036,0.0000,1,0
21037,0.0000,1,0
21038,0.0000,1,0
21039,0.0000,1,0
21040,0.0000,1,0
21041,0.0000,1,0
21042,0.0000,1,0
21043,0.0000,1,0
21044,0.0000,1,0
21045,0.0000,1,0
21046,0.0000,1,0
21047,0.0000,1,0
21048,0.0000,1,0
21049,0.0000,1,0
21050,0.0000,1,0
21051,0.0000,1,0
21052,0.0000,1,0
21053,0.0000,1,0
21054,0.0000,1,0
21055,0.0000,1,0
21056,0.0000,1,0
21057,0.0000,1,0
21058,0.0000,1,0
21059,0.0000,1,0
21060,0.0000,1,0
21061,0.0000,1,0
21062,0.0000,1,0
21063,0.0000,1,0
21064,0.0000,1,0
21065,0.0000,1,0
21066,0.0000,1,0
21067,0.0000,1,0
21068,0.0000,1,0
21069,0.0000,1,0
21070,0.0000,1,0
21071,0.0000,1,0
21072,0.0000,1,0
21073,0.0000,1,0
21074,0.0000,1,0
21075,0.0000,1,0
21076,0.0000,1,0
21077,0.0000,1,0
21078,0.0000,1,0
21079,0.0000,1,0
21080,0.0000,1,0
21081,0.0000,1,0
21082,0.0000,1,0
21083,0.0000,1,0
21084,0.0000,1,0
21085,0.0000,1,0
21086,0.0000,1,0
21087,0.0000,1,0
21088,0.0000,1,0
21089,0.0000,1,0
21090,0.0000,1,0
21091,0.0000,1,0
21092,0.0000,1,0
21093,0.0000,1,0
21094,0.0000,1,0
21095,0.0000,1,0
21096,0.0000,1,0
21097,0.0000,1,0
21098,0.0000,1,0
21099,0.0000,1,0
21100,0.0000,1,0
21101,0.0000,1,0
21102,0.0000,1,0
21103,0.0000,1,0
21104,0.0000,1,0
21105,0.0000,1,0
21106,0.0000,1,0
21107,0.0000,1,0
21108,0.0000,1,0
21109,0.0000,1,0
21110,0.0000,1,0
21111,0.0000,1,0
21112,0.0000,1,0
21113,0.0000,1,0
21114,0.0000,1,0
21115,0.0000,1,0
21116,0.0000,1,0
21117,0.0000,1,0
21118,0.0000,1,0
21119,0.0000,1,0
21120,0.0000,1,0
21121,0.0000,1,0
21122,0.0000,1,0
21123,0.0000,1,0
21124,0.0000,1,0
21125,0.0000,1,0
21126,0.0000,1,0
21127,0.0000,1,0
21128,0.0000,1,0
21129,0.0000,1,0
21130,0.0000,1,0
21131,0.0000,1,0
21132,0.0000,1,0
21133,0.0000,1,0
21134,0.0000,1,0
21135,0.0000,1,0
21136,0.0000,1,0
21137,0.0000,1,0
21138,0.0000,1,0
21139,0.0000,1,0
21140,0.0000,1,0
21141,0.0000,1,0
21142,0.0000,1,0
21143,0.0000,1,0
21144,0.0000,1,0
21145,0.0000,1,0
21146,0.0000,1,0
21147,0.0000,1,0
21148,0.0000,1,0
21149,0.0000,1,0
21150,0.0000,1,0
21151,0.0000,1,0
21152,0.0000,1,0
21153,0.0000,1,0
21154,0.0000,1,0
21155,0.0000,1,0
21156,0.0000,1,0
21157,0.0000,1,0
21158,0.0000,1,0
21159,0.0000,1,0
21160,0.0000,1,0
21161,0.0000,1,0
21162,0.0000,1,0
21163,0.0000,1,0
21164,0.0000,1,0
21165,0.0000,1,0
21166,0.0000,1,0
21167,0.0000,1,0
21168,0.0000,1,0
21169,0.0000,1,0
21170,0.0000,1,0
21171,0.0000,1,0
21172,0.0000,1,0
21173,0.0000,1,0
21174,0.0000,1,0
21175,0.0000,1,0
21176,0.0000,1,0
21177,0.0000,1,0
21178,0.0000,1,0
21179,0.0000,1,0
21180,0.0000,1,0
21181,0.0000,1,0
21182,0.0000,1,0
21183,0.0000,1,0
21184,0.0000,1,0
21185,0.0000,1,0
21186,0.0000,1,0
21187,0.0000,1,0
21188,0.0000,1,0
21189,0.0000,1,0
21190,0.0000,1,0
21191,0.0000,1,0
21192,0.0000,1,0
21193,0.0000,1,0
21194,0.0000,1,0
21195,0.0000,1,0
21196,0.0000,1,0
21197,0.0000,1,0
21198,0.0000,1,0
21199,0.0000,1,0
21200,0.0000,1,0
21201,0.0000,1,0
21202,0.0000,1,0
21203,0.0000,1,0
21204,0.0000,1,0
21205,0.0000,1,0
21206,0.0000,1,0
21207,0.0000,1,0
21208,0.0000,1,0
21209,0.0000,1,0
21210,0.0000,1,0
21211,0.0000,1,0
21212,0.0000,1,0
21213,0.0000,1,0
21214,0.0000,1,0
21215,0.0000,1,0
21216,0.0000,1,0
21217,0.0000,1,0
21218,0.0000,1,0
21219,0.0000,1,0
21220,0.0000,1,0
21221,0.0000,1,0
21222,0.0000,1,0
21223,0.0000,1,0
21224,0.0000,1,0
21225,0.0000,1,0
21226,0.0000,1,0
21227,0.0000,1,0
21228,0.0000,1,0
21229,0.0000,1,0
21230,0.0000,1,0
21231,0.0000,1,0
21232,0.0000,1,0
21233,0.0000,1,0
21234,0.0000,1,0
21235,0.0000,1,0
21236,0.0000,1,0
21237,0.0000,1,0
21238,0.0000,1,0
21239,0.0000,1,0
21240,0.0000,1,0
21241,0.0000,1,0
21242,0.0000,1,0
21243,0.0000,1,0
21244,0.0000,1,0
21245,0.0000,1,0
21246,0.0000,1,0
21247,0.0000,1,0
21248,0.0000,1,0
21249,0.0000,1,0
21250,0.0000,1,0
21251,0.0000,1,0
21252,0.0000,1,0
21253,0.0000,1,0
21254,0.0000,1,0
21255,0.0000,1,0
21256,0.0000,1,0
21257,0.0000,1,0
21258,0.0000,1,0
21259,0.0000,1,0
21260,0.0000,1,0
21261,0.0000,1,0
21262,0.0000,1,0
21263,0.0000,1,0
21264,0.0000,1,0
21265,0.0000,1,0
21266,0.0000,1,0
21267,0.0000,1,0
21268,0.0000,1,0
21269,0.0000,1,0
21270,0.0000,1,0
21271,0.0000,1,0
21272,0.0000,1,0
21273,0.0000,1,0
21274,0.0000,1,0
21275,0.0000,1,0
21276,0.0000,1,0
21277,0.0000,1,0
21278,0.0000,1,0
21279,0.0000,1,0
21280,0.0000,1,0
21281,0.0000,1,0
21282,0.0000,1,0
21283,0.0000,1,0
21284,0.0000,1,0
21285,0.0000,1,0
21286,0.0000,1,0
21287,0.0000,1,0
21288,0.0000,1,0
21289,0.0000,1,0
21290,0.0000,1,0
21291,0.0000,1,0
21292,0.0000,1,0
21293,0.0000,1,0
21294,0.0000,1,0
21295,0.0000,1,0
21296,0.0000,1,0
21297,0.0000,1,0
21298,0.0000,1,0
21299,0.0000,1,0
21300,0.0000,1,0
21301,0.0000,1,0
21302,0.0000,1,0
21303,0.0000,1,0
21304,0.0000,1,0
21305,0.0000,1,0
21306,0.0000,1,0
21307,0.0000,1,0
21308,0.0000,1,0
21309,0.0000,1,0
21310,0.0000,1,0
21311,0.0000,1,0
21312,0.0000,1,0
21313,0.0000,1,0
21314,0.0000,1,0
21315,0.0000,1,0
21316,0.0000,1,0
21317,0.0000,1,0
21318,0.0000,1,0
21319,0.0000,1,0
21320,0.0000,1,0
21321,0.0000,1,0
21322,0.0000,1,0
21323,0.0000,1,0
21324,0.0000,1,0
21325,0.0000,1,0
21326,0.0000,1,0
21327,0.0000,1,0
21328,0.0000,1,0
21329,0.0000,1,0
21330,0.0000,1,0
21331,0.0000,1,0
21332,0.0000,1,0
21333,0.0000,1,0
21334,0.0000,1,0
21335,0.0000,1,0
21336,0.0000,1,0
21337,0.0000,1,0
21338,0.0000,1,0
21339,0.0000,1,0
21340,0.0000,1,0
21341,0.0000,1,0
21342,0.0000,1,0
21343,0.0000,1,0
21344,0.0000,1,0
21345,0.0000,1,0
21346,0.0000,1,0
21347,0.0000,1,0
21348,0.0000,1,0
21349,0.0000,1,0
21350,0.0000,1,0
21351,0.0000,1,0
21352,0.0000,1,0
21353,0.0000,1,0
21354,0.0000,1,0
21355,0.0000,1,0
21356,0.0000,1,0
21357,0.0000,1,0
21358,0.0000,1,0
21359,0.0000,1,0
21360,0.0000,1,0
21361,0.0000,1,0
21362,0.0000,1,0
21363,0.0000,1,0
21364,0.0000,1,0
21365,0.0000,1,0
21366,0.0000,1,0
21367,0.0000,1,0
21368,0.0000,1,0
21369,0.0000,1,0
21370,0.0000,1,0
21371,0.0000,1,0
21372,0.0000,1,0
21373,0.0000,1,0
21374,0.0000,1,0
21375,0.0000,1,0
21376,0.0000,1,0
21377,0.0000,1,0
21378,0.0000,1,0
21379,0.0000,1,0
21380,0.0000,1,0
21381,0.0000,1,0
21382,0.0000,1,0
21383,0.0000,1,0
21384,0.0000,1,0
21385,0.0000,1,0
21386,0.0000,1,0
21387,0.0000,1,0
21388,0.0000,1,0
21389,0.0000,1,0
21390,0.0000,1,0
21391,0.0000,1,0
21392,0.0000,1,0
21393,0.0000,1,0
21394,0.0000,1,0
21395,0.0000,1,0
21396,0.0000,1,0
21397,0.0000,1,0
21398,0.0000,1,0
21399,0.0000,1,0
21400,0.0000,1,0
21401,0.0000,1,0
21402,0.0000,1,0
21403,0.0000,1,0
21404,0.0000,1,0
21405,0.0000,1,0
21406,0.0000,1,0
21407,0.0000,1,0
21408,0.0000,1,0
21409,0.0000,1,0
21410,0.0000,1,0
21411,0.0000,1,0
21412,0.0000,1,0
21413,0.0000,1,0
21414,0.0000,1,0
21415,0.0000,1,0
21416,0.0000,1,0
21417,0.0000,1,0
21418,0.0000,1,0
21419,0.0000,1,0
21420,0.0000,1,0
21421,0.0000,1,0
21422,0.0000,1,0
21423,0.0000,1,0
21424,0.0000,1,0
21425,0.0000,1,0
21426,0.0000,1,0
21427,0.0000,1,0
21428,0.0000,1,0
21429,0.0000,1,0
21430,0.0000,1,0
21431,0.0000,1,0
21432,0.0000,1,0
21433,0.0000,1,0
21434,0.0000,1,0
21435,0.0000,1,0
21436,0.0000,1,0
21437,0.0000,1,0
21438,0.0000,1,0
21439,0.0000,1,0
21440,0.0000,1,0
21441,0.0000,1,0
21442,0.0000,1,0
21443,0.0000,1,0
21444,0.0000,1,0
21445,0.0000,1,0
21446,0.0000,1,0
21447,0.0000,1,0
21448,0.0000,1,0
21449,0.0000,1,0
21450,0.0000,1,0
21451,0.0000,1,0
21452,0.0000,1,0
21453,0.0000,1,0
21454,0.0000,1,0
21455,0.0000,1,0
21456,0.0000,1,0
21457,0.0000,1,0
21458,0.0000,1,0
21459,0.0000,1,0
21460,0.0000,1,0
21461,0.0000,1,0
21462,0.0000,1,0
21463,0.0000,1,0
21464,0.0000,1,0
21465,0.0000,1,0
21466,0.0000,1,0
21467,0.0000,1,0
21468,0.0000,1,0
21469,0.0000,1,0
21470,0.0000,1,0
21471,0.0000,1,0
21472,0.0000,1,0
21473,0.0000,1,0
21474,0.0000,1,0
21475,0.0000,1,0
21476,0.0000,1,0
21477,0.0000,1,0
21478,0.0000,1,0
21479,0.0000,1,0
21480,0.0000,1,0
21481,0.0000,1,0
21482,0.0000,1,0
21483,0.0000,1,0
21484,0.0000,1,0
21485,0.0000,1,0
21486,0.0000,1,0
21487,0.0000,1,0
21488,0.0000,1,0
21489,0.0000,1,0
21490,0.0000,1,0
21491,0.0000,1,0
21492,0.0000,1,0
21493,0.0000,1,0
21494,0.0000,1,0
21495,0.0000,1,0
21496,0.0000,1,0
21497,0.0000,1,0
21498,0.0000,1,0
21499,0.0000,1,0
21500,0.0000,1,0
21501,0.0000,1,0
21502,0.0000,1,0
21503,0.0000,1,0
21504,0.0000,1,0
21505,0.0000,1,0
21506,0.0000,1,0
21507,0.0000,1,0
21508,0.0000,1,0
21509,0.0000,1,0
21510,0.0000,1,0
21511,0.0000,1,0
21512,0.0000,1,0
21513,0.0000,1,0
21514,0.0000,1,0
21515,0.0000,1,0
21516,0.0000,1,0
21517,0.0000,1,0
21518,0.0000,1,0
21519,0.0000,1,0
21520,0.0000,1,0
21521,0.0000,1,0
21522,0.0000,1,0
21523,0.0000,1,0
21524,0.0000,1,0
21525,0.0000,1,0
21526,0.0000,1,0
21527,0.0000,1,0
21528,0.0000,1,0
21529,0.0000,1,0
21530,0.0000,1,0
21531,0.0000,1,0
21532,0.0000,1,0
21533,0.0000,1,0
21534,0.0000,1,0
21535,0.0000,1,0
21536,0.0000,1,0
21537,0.0000,1,0
21538,0.0000,1,0
21539,0.0000,1,0
21540,0.0000,1,0
21541,0.0000,1,0
21542,0.0000,1,0
21543,0.0000,1,0
21544,0.0000,1,0
21545,0.0000,1,0
21546,0.0000,1,0
21547,0.0000,1,0
21548,0.0000,1,0
21549,0.0000,1,0
21550,0.0000,1,0
21551,0.0000,1,0
21552,0.0000,1,0
21553,0.0000,1,0
21554,0.0000,1,0
21555,0.0000,1,0
21556,0.0000,1,0
21557,0.0000,1,0
21558,0.0000,1,0
21559,0.0000,1,0
21560,0.0000,1,0
21561,0.0000,1,0
21562,0.0000,1,0
21563,0.0000,1,0
21564,0.0000,1,0
21565,0.0000,1,0
21566,0.0000,1,0
21567,0.0000,1,0
21568,0.0000,1,0
21569,0.0000,1,0
21570,0.0000,1,0
21571,0.0000,1,0
21572,0.0000,1,0
21573,0.0000,1,0
21574,0.0000,1,0
21575,0.0000,1,0
21576,0.0000,1,0
21577,0.0000,1,0
21578,0.0000,1,0
21579,0.0000,1,0
21580,0.0000,1,0
21581,0.0000,1,0
21582,0.0000,1,0
21583,0.0000,1,0
21584,0.0000,1,0
21585,0.0000,1,0
21586,0.0000,1,0
21587,0.0000,1,0
21588,0.0000,1,0
21589,0.0000,1,0
21590,0.0000,1,0
21591,0.0000,1,0
21592,0.0000,1,0
21593,0.0000,1,0
21594,0.0000,1,0
21595,0.0000,1,0
21596,0.0000,1,0
21597,0.0000,1,0
21598,0.0000,1,0
21599,0.0000,1,0
21600,0.0000,1,0
21601,0.0000,1,0
21602,0.0000,1,0
21603,0.0000,1,0
21604,0.0000,1,0
21605,0.0000,1,0
21606,0.0000,1,0
21607,0.0000,1,0
21608,0.0000,1,0
21609,0.0000,1,0
21610,0.0000,1,0
21611,0.0000,1,0
21612,0.0000,1,0
21613,0.0000,1,0
21614,0.0000,1,0
21615,0.0000,1,0
21616,0.0000,1,0
21617,0.0000,1,0
21618,0.0000,1,0
21619,0.0000,1,0
21620,0.0000,1,0
21621,0.0000,1,0
21622,0.0000,1,0
21623,0.0000,1,0
21624,0.0000,1,0
21625,0.0000,1,0
21626,0.0000,1,0
21627,0.0000,1,0
21628,0.0000,1,0
21629,0.0000,1,0
21630,0.0000,1,0
21631,0.0000,1,0
21632,0.0000,1,0
21633,0.0000,1,0
21634,0.0000,1,0
21635,0.0000,1,0
21636,0.0000,1,0
21637,0.0000,1,0
21638,0.0000,1,0
21639,0.0000,1,0
21640,0.0000,1,0
21641,0.0000,1,0
21642,0.0000,1,0
21643,0.0000,1,0
21644,0.0000,1,0
21645,0.0000,1,0
21646,0.0000,1,0
21647,0.0000,1,0
21648,0.0000,1,0
21649,0.0000,1,0
21650,0.0000,1,0
21651,0.0000,1,0
21652,0.0000,1,0
21653,0.0000,1,0
21654,0.0000,1,0
21655,0.0000,1,0
21656,0.0000,1,0
21657,0.0000,1,0
21658,0.0000,1,0
21659,0.0000,1,0
21660,0.0000,1,0
21661,0.0000,1,0
21662,0.0000,1,0
21663,0.0000,1,0
21664,0.0000,1,0
21665,0.0000,1,0
21666,0.0000,1,0
21667,0.0000,1,0
21668,0.0000,1,0
21669,0.0000,1,0
21670,0.0000,1,0
21671,0.0000,1,0
21672,0.0000,1,0
21673,0.0000,1,0
21674,0.0000,1,0
21675,0.0000,1,0
21676,0.0000,1,0
21677,0.0000,1,0
21678,0.0000,1,0
21679,0.0000,1,0
21680,0.0000,1,0
21681,0.0000,1,0
21682,0.0000,1,0
21683,0.0000,1,0
21684,0.0000,1,0
21685,0.0000,1,0
21686,0.0000,1,0
21687,0.0000,1,0
21688,0.0000,1,0
21689,0.0000,1,0
21690,0.0000,1,0
21691,0.0000,1,0
21692,0.0000,1,0
21693,0.0000,1,0
21694,0.0000,1,0
21695,0.0000,1,0
21696,0.0000,1,0
21697,0.0000,1,0
21698,0.0000,1,0
21699,0.0000,1,0
21700,0.0000,1,0
21701,0.0000,1,0
21702,0.0000,1,0
21703,0.0000,1,0
21704,0.0000,1,0
21705,0.0000,1,0
21706,0.0000,1,0
21707,0.0000,1,0
21708,0.0000,1,0
21709,0.0000,1,0
21710,0.0000,1,0
21711,0.0000,1,0
21712,0.0000,1,0
21713,0.0000,1,0
21714,0.0000,1,0
21715,0.0000,1,0
21716,0.0000,1,0
21717,0.0000,1,0
21718,0.0000,1,0
21719,0.0000,1,0
21720,0.0000,1,0
21721,0.0000,1,0
21722,0.0000,1,0
21723,0.0000,1,0
21724,0.0000,1,0
21725,0.0000,1,0
21726,0.0000,1,0
21727,0.0000,1,0
21728,0.0000,1,0
21729,0.0000,1,0
21730,0.0000,1,0
21731,0.0000,1,0
21732,0.0000,1,0
21733,0.0000,1,0
21734,0.0000,1,0
21735,0.0000,1,0
21736,0.0000,1,0
21737,0.0000,1,0
21738,0.0000,1,0
21739,0.0000,1,0
21740,0.0000,1,0
21741,0.0000,1,0
21742,0.0000,1,0
21743,0.0000,1,0
21744,0.0000,1,0
21745,0.0000,1,0
21746,0.0000,1,0
21747,0.0000,1,0
21748,0.0000,1,0
21749,0.0000,1,0
21750,0.0000,1,0
21751,0.0000,1,0
21752,0.0000,1,0
21753,0.0000,1,0
21754,0.0000,1,0
21755,0.0000,1,0
21756,0.0000,1,0
21757,0.0000,1,0
21758,0.0000,1,0
21759,0.0000,1,0
21760,0.0000,1,0
21761,0.0000,1,0
21762,0.0000,1,0
21763,0.0000,1,0
21764,0.0000,1,0
21765,0.0000,1,0
21766,0.0000,1,0
21767,0.0000,1,0
21768,0.0000,1,0
21769,0.0000,1,0
21770,0.0000,1,0
21771,0.0000,1,0
21772,0.0000,1,0
21773,0.0000,1,0
21774,0.0000,1,0
21775,0.0000,1,0
21776,0.0000,1,0
21777,0.0000,1,0
21778,0.0000,1,0
21779,0.0000,1,0
21780,0.0000,1,0
21781,0.0000,1,0
21782,0.0000,1,0
21783,0.0000,1,0
21784,0.0000,1,0
21785,0.0000,1,0
21786,0.0000,1,0
21787,0.0000,1,0
21788,0.0000,1,0
21789,0.0000,1,0
21790,0.0000,1,0
21791,0.0000,1,0
21792,0.0000,1,0
21793,0.0000,1,0
21794,0.0000,1,0
21795,0.0000,1,0
21796,0.0000,1,0
21797,0.0000,1,0
21798,0.0000,1,0
21799,0.0000,1,0
21800,0.0000,1,0
21801,0.0000,1,0
21802,0.0000,1,0
21803,0.0000,1,0
21804,0.0000,1,0
21805,0.0000,1,0
21806,0.0000,1,0
21807,0.0000,1,0
21808,0.0000,1,0
21809,0.0000,1,0
21810,0.0000,1,0
21811,0.0000,1,0
21812,0.0000,1,0
21813,0.0000,1,0
21814,0.0000,1,0
21815,0.0000,1,0
21816,0.0000,1,0
21817,0.0000,1,0
21818,0.0000,1,0
21819,0.0000,1,0
21820,0.0000,1,0
21821,0.0000,1,0
21822,0.0000,1,0
21823,0.0000,1,0
21824,0.0000,1,0
21825,0.0000,1,0
21826,0.0000,1,0
21827,0.0000,1,0
21828,0.0000,1,0
21829,0.0000,1,0
21830,0.0000,1,0
21831,0.0000,1,0
21832,0.0000,1,0
21833,0.0000,1,0
21834,0.0000,1,0
21835,0.0000,1,0
21836,0.0000,1,0
21837,0.0000,1,0
21838,0.0000,1,0
21839,0.0000,1,0
21840,0.0000,1,0
21841,0.0000,1,0
21842,0.0000,1,0
21843,0.0000,1,0
21844,0.0000,1,0
21845,0.0000,1,0
21846,0.0000,1,0
21847,0.0000,1,0
21848,0.0000,1,0
21849,0.0000,1,0
21850,0.0000,1,0
21851,0.0000,1,0
21852,0.0000,1,0
21853,0.0000,1,0
21854,0.0000,1,0
21855,0.0000,1,0
21856,0.0000,1,0
21857,0.0000,1,0
21858,0.0000,1,0
21859,0.0000,1,0
21860,0.0000,1,0
21861,0.0000,1,0
21862,0.0000,1,0
21863,0.0000,1,0
21864,0.0000,1,0
21865,0.0000,1,0
21866,0.0000,1,0
21867,0.0000,1,0
21868,0.0000,1,0
21869,0.0000,1,0
21870,0.0000,1,0
21871,0.0000,1,0
21872,0.0000,1,0
21873,0.0000,1,0
21874,0.0000,1,0
21875,0.0000,1,0
21876,0.0000,1,0
21877,0.0000,1,0
21878,0.0000,1,0
21879,0.0000,1,0
21880,0.0000,1,0
21881,0.0000,1,0
21882,0.0000,1,0
21883,0.0000,1,0
21884,0.0000,1,0
21885,0.0000,1,0
21886,0.0000,1,0
21887,0.0000,1,0
21888,0.0000,1,0
21889,0.0000,1,0
21890,0.0000,1,0
21891,0.0000,1,0
21892,0.0000,1,0
21893,0.0000,1,0
21894,0.0000,1,0
21895,0.0000,1,0
21896,0.0000,1,0
21897,0.0000,1,0
21898,0.0000,1,0
21899,0.0000,1,0
21900,0.0000,1,0
21901,0.0000,1,0
21902,0.0000,1,0
21903,0.0000,1,0
21904,0.0000,1,0
21905,0.0000,1,0
21906,0.0000,1,0
21907,0.0000,1,0
21908,0.0000,1,0
21909,0.0000,1,0
21910,0.0000,1,0
21911,0.0000,1,0
21912,0.0000,1,0
21913,0.0000,1,0
21914,0.0000,1,0
21915,0.0000,1,0
21916,0.0000,1,0
21917,0.0000,1,0
21918,0.0000,1,0
21919,0.0000,1,0
21920,0.0000,1,0
21921,0.0000,1,0
21922,0.0000,1,0
21923,0.0000,1,0
21924,0.0000,1,0
21925,0.0000,1,0
21926,0.0000,1,0
21927,0.0000,1,0
21928,0.0000,1,0
21929,0.0000,1,0
21930,0.0000,1,0
21931,0.0000,1,0
21932,0.0000,1,0
21933,0.0000,1,0
21934,0.0000,1,0
21935,0.0000,1,0
21936,0.0000,1,0
21937,0.0000,1,0
21938,0.0000,1,0
21939,0.0000,1,0
21940,0.0000,1,0
21941,0.0000,1,0
21942,0.0000,1,0
21943,0.0000,1,0
21944,0.0000,1,0
21945,0.0000,1,0
21946,0.0000,1,0
21947,0.0000,1,0
21948,0.0000,1,0
21949,0.0000,1,0
21950,0.0000,1,0
21951,0.0000,1,0
21952,0.0000,1,0
21953,0.0000,1,0
21954,0.0000,1,0
21955,0.0000,1,0
21956,0.0000,1,0
21957,0.0000,1,0
21958,0.0000,1,0
21959,0.0000,1,0
21960,0.0000,1,0
21961,0.0000,1,0
21962,0.0000,1,0
21963,0.0000,1,0
21964,0.0000,1,0
21965,0.0000,1,0
21966,0.0000,1,0
21967,0.0000,1,0
21968,0.0000,1,0
21969,0.0000,1,0
21970,0.0000,1,0
21971,0.0000,1,0
21972,0.0000,1,0
21973,0.0000,1,0
21974,0.0000,1,0
21975,0.0000,1,0
21976,0.0000,1,0
21977,0.0000,1,0
21978,0.0000,1,0
21979,0.0000,1,0
21980,0.0000,1,0
21981,0.0000,1,0
21982,0.0000,1,0
21983,0.0000,1,0
21984,0.0000,1,0
21985,0.0000,1,0
21986,0.0000,1,0
21987,0.0000,1,0
21988,0.0000,1,0
21989,0.0000,1,0
21990,0.0000,1,0
21991,0.0000,1,0
21992,0.0000,1,0
21993,0.0000,1,0
21994,0.0000,1,0
21995,0.0000,1,0
21996,0.0000,1,0
21997,0.0000,1,0
21998,0.0000,1,0
21999,0.0000,1,0
22000,0.0000,1,0
22001,0.0000,1,0
22002,0.0000,1,0
22003,0.0000,1,0
22004,0.0000,1,0
22005,0.0000,1,0
22006,0.0000,1,0
22007,0.0000,1,0
22008,0.0000,1,0
22009,0.0000,1,0
22010,0.0000,1,0
22011,0.0000,1,0
22012,0.0000,1,0
22013,0.0000,1,0
22014,0.0000,1,0
22015,0.0000,1,0
22016,0.0000,1,0
22017,0.0000,1,0
22018,0.0000,1,0
22019,0.0000,1,0
22020,0.0000,1,0
22021,0.0000,1,0
22022,0.0000,1,0
22023,0.0000,1,0
22024,2.7949,0,0
22025,2.6263,0,0
22026,2.6997,0,1
22027,3.0649,0,0
22028,3.0811,0,1
22029,3.0887,0,1
22030,3.1305,0,1
22031,3.1387,0,0
22032,3.0847,0,0
22033,2.8413,0,0
22034,3.1509,0,0
22035,3.1213,0,1
22036,3.1671,0,0
22037,3.0437,0,0
22038,3.1503,0,1
22039,3.1265,0,1
22040,2.9025,0,1
22041,2.7646,0,0
22042,2.5683,0,0
22043,2.5379,0,0
22044,2.9490,0,1
22045,3.1588,0,1
22046,3.1509,0,0
22047,3.0101,0,1
22048,2.8459,0,1
22049,3.0765,0,1
22050,3.1539,0,0
22051,3.0369,0,0
22052,3.0475,0,0
22053,2.4173,0,0
22054,2.5036,0,0
22055,2.6033,0,0
22056,3.1137,0,0
22057,2.8413,0,0
22058,3.1055,0,0
22059,2.6450,0,0
22060,3.0853,0,0
22061,2.6545,0,0
22062,1.5788,0,0
22063,1.3924,0,0
22064,0.2812,0,0
22065,0.0000,1,0
22066,0.0000,1,0
22067,0.0000,1,0
22068,0.0000,1,0
22069,0.0000,1,0
22070,0.0000,1,0
22071,0.0000,1,0
22072,0.0000,1,0
22073,0.0000,1,0
22074,0.0000,1,0
22075,0.0000,1,0
22076,0.0000,1,0
22077,0.0000,1,0
22078,0.0000,1,0
22079,0.0000,1,0
22080,0.0000,1,0
22081,0.0000,1,0
22082,0.0000,1,0
22083,0.0000,1,0
22084,0.0000,1,0
22085,0.0000,1,0
22086,0.0000,1,0
22087,0.0536,0,0
22088,5.3410,0,1
22089,5.4801,0,0
22090,5.5883,0,0
22091,5.2717,0,0
22092,5.4476,0,1
22093,5.2364,0,0
22094,5.1204,0,1
22095,5.1278,0,0
22096,4.8052,0,1
22097,5.3490,0,0
22098,5.2144,0,1
22099,5.1600,0,0
22100,5.2029,0,0
22101,5.6127,0,0
22102,5.2168,0,1
22103,5.6049,0,0
22104,5.6095,0,0
22105,5.5747,0,0
22106,5.7150,0,1
22107,5.6706,0,0
22108,5.5616,0,0
22109,5.4831,0,1
22110,5.4286,0,0
22111,5.5505,0,0
22112,5.6062,0,1
22113,5.5927,0,0
22114,5.5867,0,1
22115,5.2781,0,0
22116,5.2718,0,0
22117,5.1236,0,0
22118,5.4315,0,1
22119,5.5835,0,1
22120,5.5238,0,0
22121,5.8148,0,1
22122,5.4298,0,1
22123,5.6828,0,1
22124,5.6304,0,0
22125,5.4373,0,0
22126,2.8829,0,0
22127,1.7366,0,0
22128,0.5349,0,0
22129,0.0000,1,0
22130,0.0000,1,0
22131,0.0000,1,0
22132,0.0000,1,0
22133,0.0000,1,0
22134,0.0000,1,0
22135,0.0000,1,0
22136,0.2545,0,0
22137,0.0000,1,0
22138,0.0000,1,0
22139,0.0000,1,0
22140,0.0000,1,0
22141,0.0000,1,0
22142,0.0000,1,0
22143,0.0000,1,0
22144,0.0000,1,0
22145,0.0000,1,0
22146,0.0000,1,0
22147,0.0000,1,0
22148,0.0000,1,0
22149,0.0000,1,0
22150,0.0000,1,0
22151,0.0950,0,0
22152,5.5254,0,0
22153,5.7560,0,0
22154,5.6409,0,0
22155,5.5577,0,0
22156,5.3946,0,0
22157,5.4066,0,0
22158,5.5297,0,0
22159,5.5313,0,0
22160,4.9336,0,0
22161,5.5471,0,1
22162,5.2480,0,0
22163,5.0670,0,1
22164,5.0471,0,0
22165,5.3681,0,0
22166,5.0465,0,1
22167,5.2701,0,0
22168,5.6347,0,0
22169,5.6593,0,1
22170,5.7253,0,1
22171,5.7782,0,0
22172,5.6215,0,1
22173,5.1987,0,1
22174,5.7110,0,0
22175,5.6004,0,1
22176,5.2272,0,0
22177,5.4267,0,0
22178,5.4222,0,0
22179,5.4983,0,1
22180,5.2960,0,1
22181,5.2227,0,0
22182,5.6403,0,1
22183,5.6991,0,1
22184,5.6006,0,1
22185,5.7774,0,0
22186,5.7378,0,1
22187,5.7649,0,1
22188,5.4131,0,0
22189,5.3871,0,0
22190,2.9930,0,0
22191,2.5868,0,0
22192,0.4413,0,0
22193,0.0000,1,0
22194,0.0000,1,0
22195,0.0000,1,0
22196,0.0000,1,0
22197,0.0000,1,0
22198,0.0000,1,0
22199,0.0000,1,0
22200,0.3068,0,0
22201,0.0000,1,0
22202,0.0000,1,0
22203,0.0000,1,0
22204,0.0000,1,0
22205,0.0000,1,0
22206,0.0000,1,0
22207,0.0000,1,0
22208,0.0000,1,0
22209,0.0000,1,0
22210,0.0000,1,0
22211,0.0000,1,0
22212,0.0000,1,0
22213,0.0000,1,0
22214,0.0000,1,0
22215,0.0536,0,0
22216,2.9575,0,1
22217,2.8581,0,0
22218,3.1259,0,0
22219,2.9042,0,0
22220,2.7158,0,0
22221,2.7158,0,0
22222,2.9408,0,1
22223,3.1005,0,0
22224,2.4204,0,0
22225,3.0391,0,1
22226,2.9737,0,0
22227,2.6927,0,0
22228,2.8911,0,0
22229,2.7130,0,0
22230,2.5851,0,1
22231,2.7339,0,0
22232,2.7938,0,1
22233,2.7380,0,0
22234,2.7705,0,1
22235,2.8986,0,0
22236,2.7204,0,1
22237,2.6353,0,0
22238,2.7217,0,1
22239,2.9828,0,0
22240,2.5195,0,1
22241,2.7659,0,0
22242,2.7293,0,0
22243,2.6811,0,1
22244,2.9210,0,0
22245,2.7849,0,0
22246,2.6445,0,0
22247,2.6071,0,0
22248,2.8911,0,0
22249,2.9164,0,1
22250,2.7781,0,0
22251,2.9408,0,0
22252,2.7830,0,0
22253,2.4895,0,0
22254,1.2531,0,0
22255,1.7008,0,0
22256,0.3313,0,0
22257,0.0000,1,0
22258,0.0000,1,0
22259,0.0000,1,0
22260,0.0000,1,0
22261,0.0000,1,0
22262,0.0000,1,0
22263,0.0000,1,0
22264,0.1317,0,0
22265,0.0000,1,0
22266,0.0000,1,0
22267,0.0000,1,0
22268,0.0000,1,0
22269,0.0000,1,0
22270,0.0000,1,0
22271,0.0000,1,0
22272,0.0000,1,0
22273,0.0000,1,0
22274,0.0000,1,0
22275,0.0000,1,0
22276,0.0000,1,0
22277,0.0000,1,0
22278,0.0000,1,0
22279,0.0536,0,0
22280,1.6511,0,0
22281,1.5993,0,1
22282,1.5185,0,0
22283,1.6755,0,0
22284,1.6755,0,0
22285,1.6633,0,0
22286,1.6633,0,0
22287,1.6877,0,0
22288,1.5718,0,0
22289,1.6115,0,0
22290,1.6237,0,0
22291,1.6633,0,0
22292,1.6237,0,0
22293,1.5993,0,0
22294,1.5993,0,0
22295,1.6633,0,1
22296,1.6633,0,0
22297,1.6633,0,1
22298,1.6633,0,1
22299,1.6633,0,0
22300,1.6755,0,0
22301,1.6755,0,0
22302,1.6511,0,1
22303,1.5475,0,0
22304,1.6633,0,1
22305,1.6511,0,0
22306,1.6755,0,0
22307,1.6755,0,0
22308,1.6633,0,0
22309,1.5803,0,0
22310,1.6099,0,0
22311,1.6633,0,0
22312,1.6389,0,0
22313,1.6633,0,0
22314,1.6511,0,0
22315,1.6755,0,0
22316,1.6633,0,0
22317,1.6145,0,0
22318,0.8135,0,0
22319,0.8356,0,0
22320,0.2545,0,0
22321,0.0000,1,0
22322,0.0000,1,0
22323,0.0000,1,0
22324,0.0000,1,0
22325,0.0000,1,0
22326,0.0000,1,0
22327,0.0000,1,0
22328,0.0536,0,0
22329,0.0000,1,0
22330,0.0000,1,0
22331,0.0000,1,0
22332,0.0000,1,0
22333,0.0000,1,0
22334,0.0000,1,0
22335,0.0000,1,0
22336,0.0000,1,0
22337,0.0000,1,0
22338,0.0000,1,0
22339,0.0000,1,0
22340,0.0000,1,0
22341,0.0000,1,0
22342,0.0000,1,0
22343,0.0000,1,0
22344,0.0000,1,0
22345,0.0000,1,0
22346,0.0000,1,0
22347,0.0000,1,0
22348,0.0000,1,0
22349,0.0000,1,0
22350,0.0000,1,0
22351,0.0000,1,0
22352,0.0000,1,0
22353,0.0000,1,0
22354,0.0000,1,0
22355,0.0000,1,0
22356,0.0000,1,0
22357,0.0000,1,0
22358,0.0000,1,0
22359,0.0000,1,0
22360,0.0000,1,0
22361,0.0000,1,0
22362,0.0000,1,0
22363,0.0000,1,0
22364,0.0000,1,0
22365,0.0000,1,0
22366,0.0000,1,0
22367,0.0000,1,0
22368,0.0000,1,0
22369,0.0000,1,0
22370,0.0000,1,0
22371,0.0000,1,0
22372,0.0000,1,0
22373,0.0000,1,0
22374,0.0000,1,0
22375,0.0000,1,0
22376,0.0000,1,0
22377,0.0000,1,0
22378,0.0000,1,0
22379,0.0000,1,0
22380,0.0000,1,0
22381,0.0000,1,0
22382,0.0000,1,0
22383,0.0000,1,0
22384,0.0000,1,0
22385,0.0000,1,0
22386,0.0000,1,0
22387,0.0000,1,0
22388,0.0000,1,0
22389,0.0000,1,0
22390,0.0000,1,0
22391,0.0000,1,0
22392,0.0000,1,0
22393,0.0000,1,0
22394,0.0000,1,0
22395,0.0000,1,0
22396,0.0000,1,0
22397,0.0000,1,0
22398,0.0000,1,0
22399,0.0000,1,0
22400,0.0000,1,0
22401,0.0000,1,0
22402,0.0000,1,0
22403,0.0000,1,0
22404,0.0000,1,0
22405,0.0000,1,0
22406,0.0000,1,0
22407,0.0000,1,0
22408,0.0000,1,0
22409,0.0000,1,0
22410,0.0000,1,0
22411,0.0000,1,0
22412,0.0000,1,0
22413,0.0000,1,0
22414,0.0000,1,0
22415,0.0000,1,0
22416,0.0000,1,0
22417,0.0000,1,0
22418,0.0000,1,0
22419,0.0000,1,0
22420,0.0000,1,0
22421,0.0000,1,0
22422,0.0000,1,0
22423,0.0000,1,0
22424,0.0000,1,0
22425,0.0000,1,0
22426,0.0000,1,0
22427,0.0000,1,0
22428,0.0000,1,0
22429,0.0000,1,0
22430,0.0000,1,0
22431,0.0000,1,0
22432,0.0000,1,0
22433,0.0000,1,0
22434,0.0000,1,0
22435,0.0000,1,0
22436,0.0000,1,0
22437,0.0000,1,0
22438,0.0000,1,0
22439,0.0000,1,0
22440,0.0000,1,0
22441,0.0000,1,0
22442,0.0000,1,0
22443,0.0000,1,0
22444,0.0000,1,0
22445,0.0000,1,0
22446,0.0000,1,0
22447,0.0000,1,0
22448,0.0000,1,0
22449,0.0000,1,0
22450,0.0000,1,0
22451,0.0000,1,0
22452,0.0000,1,0
22453,0.0000,1,0
22454,0.0000,1,0
22455,0.0000,1,0
22456,0.0000,1,0
22457,0.0000,1,0
22458,0.0000,1,0
22459,0.0000,1,0
22460,0.0000,1,0
22461,0.0000,1,0
22462,0.0000,1,0
22463,0.0000,1,0
22464,0.0000,1,0
22465,0.0000,1,0
22466,0.0000,1,0
22467,0.0000,1,0
22468,0.0000,1,0
22469,0.0000,1,0
22470,0.0000,1,0
22471,0.0000,1,0
22472,0.0000,1,0
22473,0.0000,1,0
22474,0.0000,1,0
22475,0.0000,1,0
22476,0.0000,1,0
22477,0.0000,1,0
22478,0.0000,1,0
22479,0.0000,1,0
22480,0.0000,1,0
22481,0.0000,1,0
22482,0.0000,1,0
22483,0.0000,1,0
22484,0.0000,1,0
22485,0.0000,1,0
22486,0.0000,1,0
22487,0.0000,1,0
22488,0.0000,1,0
22489,0.0000,1,0
22490,0.0000,1,0
22491,0.0000,1,0
22492,0.0000,1,0
22493,0.0000,1,0
22494,0.0000,1,0
22495,0.0000,1,0
22496,0.0000,1,0
22497,0.0000,1,0
22498,0.0000,1,0
22499,0.0000,1,0
22500,0.0000,1,0
22501,0.0000,1,0
22502,0.0000,1,0
22503,0.0000,1,0
22504,0.0000,1,0
22505,0.0000,1,0
22506,0.0000,1,0
22507,0.0000,1,0
22508,0.0000,1,0
22509,0.0000,1,0
22510,0.0000,1,0
22511,0.0000,1,0
22512,0.0000,1,0
22513,0.0000,1,0
22514,0.0000,1,0
22515,0.0000,1,0
22516,0.0000,1,0
22517,0.0000,1,0
22518,0.0000,1,0
22519,0.0000,1,0
22520,0.0000,1,0
22521,0.0000,1,0
22522,0.0000,1,0
22523,0.0000,1,0
22524,0.0000,1,0
22525,0.0000,1,0
22526,0.0000,1,0
22527,0.0000,1,0
22528,0.0000,1,0
22529,0.0000,1,0
22530,0.0000,1,0
22531,0.0000,1,0
22532,0.0000,1,0
22533,0.0000,1,0
22534,0.0000,1,0
22535,0.0000,1,0
22536,0.0000,1,0
22537,0.0000,1,0
22538,0.0000,1,0
22539,0.0000,1,0
22540,0.0000,1,0
22541,0.0000,1,0
22542,0.0000,1,0
22543,0.0000,1,0
22544,0.0000,1,0
22545,0.0000,1,0
22546,0.0000,1,0
22547,0.0000,1,0
22548,0.0000,1,0
22549,0.0000,1,0
22550,0.0000,1,0
22551,0.0000,1,0
22552,0.0000,1,0
22553,0.0000,1,0
22554,0.0000,1,0
22555,0.0000,1,0
22556,0.0000,1,0
22557,0.0000,1,0
22558,0.0000,1,0
22559,0.0000,1,0
22560,0.0000,1,0
22561,0.0000,1,0
22562,0.0000,1,0
22563,0.0000,1,0
22564,0.0000,1,0
22565,0.0000,1,0
22566,0.0000,1,0
22567,0.0000,1,0
22568,0.0000,1,0
22569,0.0000,1,0
22570,0.0000,1,0
22571,0.0000,1,0
22572,0.0000,1,0
22573,0.0000,1,0
22574,0.0000,1,0
22575,0.0000,1,0
22576,0.0000,1,0
22577,0.0000,1,0
22578,0.0000,1,0
22579,0.0000,1,0
22580,0.0000,1,0
22581,0.0000,1,0
22582,0.0000,1,0
22583,0.0000,1,0
22584,0.0000,1,0
22585,0.0000,1,0
22586,0.0000,1,0
22587,0.0000,1,0
22588,0.0000,1,0
22589,0.0000,1,0
22590,0.0000,1,0
22591,0.0000,1,0
22592,0.0000,1,0
22593,0.0000,1,0
22594,0.0000,1,0
22595,0.0000,1,0
22596,0.0000,1,0
22597,0.0000,1,0
22598,0.0000,1,0
22599,0.0000,1,0
22600,0.0000,1,0
22601,0.0000,1,0
22602,0.0536,0,0
22603,0.0000,1,0
22604,0.0000,1,0
22605,0.0000,1,0
22606,0.0000,1,0
22607,0.0000,1,0
22608,0.0000,1,0
22609,0.0000,1,0
22610,0.0000,1,0
22611,0.0000,1,0
22612,0.0000,1,0
22613,0.0000,1,0
22614,0.0000,1,0
22615,0.0000,1,0
22616,0.0000,1,0
22617,0.0000,1,0
22618,0.0000,1,0
22619,0.0000,1,0
22620,0.0000,1,0
22621,0.0000,1,0
22622,0.0000,1,0
22623,0.0000,1,0
22624,0.0000,1,0
22625,0.0000,1,0
22626,0.0000,1,0
22627,0.0000,1,0
22628,0.0000,1,0
22629,0.0000,1,0
22630,0.0000,1,0
22631,0.0000,1,0
22632,0.0000,1,0
22633,0.0000,1,0
22634,0.0000,1,0
22635,0.0000,1,0
22636,0.0000,1,0
22637,0.0000,1,0
22638,0.0000,1,0
22639,0.0000,1,0
22640,0.0000,1,0
22641,0.0000,1,0
22642,0.0000,1,0
22643,0.0000,1,0
22644,0.0000,1,0
22645,0.0000,1,0
22646,0.0000,1,0
22647,0.0000,1,0
22648,0.0000,1,0
22649,0.0000,1,0
22650,0.0000,1,0
22651,0.0000,1,0
22652,0.0000,1,0
22653,0.0000,1,0
22654,0.0000,1,0
22655,0.0000,1,0
22656,0.0000,1,0
22657,0.0000,1,0
22658,0.0000,1,0
22659,0.0000,1,0
22660,0.0000,1,0
22661,0.0000,1,0
22662,0.0000,1,0
22663,0.0000,1,0
22664,0.0000,1,0
22665,0.0000,1,0
22666,0.0000,1,0
22667,0.0000,1,0
22668,0.0000,1,0
22669,0.0000,1,0
22670,0.0000,1,0
22671,0.0000,1,0
22672,0.0000,1,0
22673,0.0000,1,0
22674,0.0000,1,0
22675,0.0000,1,0
22676,0.0000,1,0
22677,0.0000,1,0
22678,0.0000,1,0
22679,0.0000,1,0
22680,0.0000,1,0
22681,0.0000,1,0
22682,0.0000,1,0
22683,0.0000,1,0
22684,0.0000,1,0
22685,0.0000,1,0
22686,0.0000,1,0
22687,0.0000,1,0
22688,0.0000,1,0
22689,0.0000,1,0
22690,0.0000,1,0
22691,0.0000,1,0
22692,0.0000,1,0
22693,0.0000,1,0
22694,0.0000,1,0
22695,0.0000,1,0
22696,0.0000,1,0
22697,0.0000,1,0
22698,0.0000,1,0
22699,0.0000,1,0
22700,0.0000,1,0
22701,0.0000,1,0
22702,0.0000,1,0
22703,0.0000,1,0
22704,0.0000,1,0
22705,0.0000,1,0
22706,0.0000,1,0
22707,0.0000,1,0
22708,0.0000,1,0
22709,0.0000,1,0
22710,0.0000,1,0
22711,0.0000,1,0
22712,0.0000,1,0
22713,0.0000,1,0
22714,0.0000,1,0
22715,0.0000,1,0
22716,0.0000,1,0
22717,0.0000,1,0
22718,0.0000,1,0
22719,0.0000,1,0
22720,0.0000,1,0
22721,0.0000,1,0
22722,0.0000,1,0
22723,0.0000,1,0
22724,0.0000,1,0
22725,0.0000,1,0
22726,0.0000,1,0
22727,0.0000,1,0
22728,0.0000,1,0
22729,0.0000,1,0
22730,0.0000,1,0
22731,0.0000,1,0
22732,0.0000,1,0
22733,0.0000,1,0
22734,0.0000,1,0
22735,0.0000,1,0
22736,0.0000,1,0
22737,0.0000,1,0
22738,0.0000,1,0
22739,0.0000,1,0
22740,0.0000,1,0
22741,0.0000,1,0
22742,0.0000,1,0
22743,0.0000,1,0
22744,0.0000,1,0
22745,0.0000,1,0
22746,0.0000,1,0
22747,0.0000,1,0
22748,0.0000,1,0
22749,0.0000,1,0
22750,0.0000,1,0
22751,0.0000,1,0
22752,0.0000,1,0
22753,0.0000,1,0
22754,0.0000,1,0
22755,0.0000,1,0
22756,0.0000,1,0
22757,0.0000,1,0
22758,0.0000,1,0
22759,0.0000,1,0
22760,0.0000,1,0
22761,0.0000,1,0
22762,0.0000,1,0
22763,0.0000,1,0
22764,0.0000,1,0
22765,0.0000,1,0
22766,0.0000,1,0
22767,0.0000,1,0
22768,0.0000,1,0
22769,0.0000,1,0
22770,0.0000,1,0
22771,0.0000,1,0
22772,0.0000,1,0
22773,0.0000,1,0
22774,0.0000,1,0
22775,0.0000,1,0
22776,0.0000,1,0
22777,0.0000,1,0
22778,0.0000,1,0
22779,0.0000,1,0
22780,0.0000,1,0
22781,0.0000,1,0
22782,0.0000,1,0
22783,0.0000,1,0
22784,0.0000,1,0
22785,0.0000,1,0
22786,0.0000,1,0
22787,0.0000,1,0
22788,0.0000,1,0
22789,0.0000,1,0
22790,0.0000,1,0
22791,0.0000,1,0
22792,0.0000,1,0
22793,0.0000,1,0
22794,0.0000,1,0
22795,0.0000,1,0
22796,0.0000,1,0
22797,0.0000,1,0
22798,0.0000,1,0
22799,0.0000,1,0
22800,0.0000,1,0
22801,0.0000,1,0
22802,0.0000,1,0
22803,0.0000,1,0
22804,0.0000,1,0
22805,0.0000,1,0
22806,0.0000,1,0
22807,0.0000,1,0
22808,0.0000,1,0
22809,0.0000,1,0
22810,0.0000,1,0
22811,0.0000,1,0
22812,0.0000,1,0
22813,0.0000,1,0
22814,0.0000,1,0
22815,0.0000,1,0
22816,0.0000,1,0
22817,0.0000,1,0
22818,0.0000,1,0
22819,0.0000,1,0
22820,0.0000,1,0
22821,0.0000,1,0
22822,0.0000,1,0
22823,0.0000,1,0
22824,0.0000,1,0
22825,0.0000,1,0
22826,0.0000,1,0
22827,0.0000,1,0
22828,0.0000,1,0
22829,0.0000,1,0
22830,0.0000,1,0
22831,0.0000,1,0
22832,0.0000,1,0
22833,0.0000,1,0
22834,0.0000,1,0
22835,0.0000,1,0
22836,0.0000,1,0
22837,0.0000,1,0
22838,0.0000,1,0
22839,0.0000,1,0
22840,0.0000,1,0
22841,0.0000,1,0
22842,0.0000,1,0
22843,0.0000,1,0
22844,0.0000,1,0
22845,0.0000,1,0
22846,0.0000,1,0
22847,0.0000,1,0
22848,0.0000,1,0
22849,0.0000,1,0
22850,0.0000,1,0
22851,0.0000,1,0
22852,0.0000,1,0
22853,0.0000,1,0
22854,0.0000,1,0
22855,0.0000,1,0
22856,0.0000,1,0
22857,0.0000,1,0
22858,0.0000,1,0
22859,0.0000,1,0
22860,0.0000,1,0
22861,0.0000,1,0
22862,0.0000,1,0
22863,0.0000,1,0
22864,0.0000,1,0
22865,0.0000,1,0
22866,0.0000,1,0
22867,0.0000,1,0
22868,0.0000,1,0
22869,0.0000,1,0
22870,0.0000,1,0
22871,0.0000,1,0
22872,0.0000,1,0
22873,0.0000,1,0
22874,0.0000,1,0
22875,0.0000,1,0
22876,0.0000,1,0
22877,0.0000,1,0
22878,0.0000,1,0
22879,0.0000,1,0
22880,0.0000,1,0
22881,0.0000,1,0
22882,0.0000,1,0
22883,0.0000,1,0
22884,0.0000,1,0
22885,0.0000,1,0
22886,0.0000,1,0
22887,0.0000,1,0
22888,0.0000,1,0
22889,0.0000,1,0
22890,0.0000,1,0
22891,0.0000,1,0
22892,0.0000,1,0
22893,0.0000,1,0
22894,0.0000,1,0
22895,0.0000,1,0
22896,0.0000,1,0
22897,0.0000,1,0
22898,0.0000,1,0
22899,0.0000,1,0
22900,0.0000,1,0
22901,0.0000,1,0
22902,0.0000,1,0
22903,0.0000,1,0
22904,0.0000,1,0
22905,0.0000,1,0
22906,0.0000,1,0
22907,0.0000,1,0
22908,0.0000,1,0
22909,0.0000,1,0
22910,0.0000,1,0
22911,0.0000,1,0
22912,0.0000,1,0
22913,0.0000,1,0
22914,0.0000,1,0
22915,0.0000,1,0
22916,0.0000,1,0
22917,0.0000,1,0
22918,0.0000,1,0
22919,0.0000,1,0
22920,0.0000,1,0
22921,0.0000,1,0
22922,0.0000,1,0
22923,0.0000,1,0
22924,0.0000,1,0
22925,0.0000,1,0
22926,0.0000,1,0
22927,0.0000,1,0
22928,0.0000,1,0
22929,0.0000,1,0
22930,0.0000,1,0
22931,0.0000,1,0
22932,0.0000,1,0
22933,0.0000,1,0
22934,0.0000,1,0
22935,0.0000,1,0
22936,0.0000,1,0
22937,0.0000,1,0
22938,0.0000,1,0
22939,0.0000,1,0
22940,0.0000,1,0
22941,0.0000,1,0
22942,0.0000,1,0
22943,0.0000,1,0
22944,0.0000,1,0
22945,0.0000,1,0
22946,0.0000,1,0
22947,0.0000,1,0
22948,0.0000,1,0
22949,0.0000,1,0
22950,0.0000,1,0
22951,0.0000,1,0
22952,0.0000,1,0
22953,0.0000,1,0
22954,0.0000,1,0
22955,0.0000,1,0
22956,0.0000,1,0
22957,0.0000,1,0
22958,0.0000,1,0
22959,0.0000,1,0
22960,0.0000,1,0
22961,0.0000,1,0
22962,0.0000,1,0
22963,0.0000,1,0
22964,0.0000,1,0
22965,0.0000,1,0
22966,0.0000,1,0
22967,0.0000,1,0
22968,0.0000,1,0
22969,0.0000,1,0
22970,0.0000,1,0
22971,0.0000,1,0
22972,0.0000,1,0
22973,0.0000,1,0
22974,0.0000,1,0
22975,0.0000,1,0
22976,0.0000,1,0
22977,0.0000,1,0
22978,0.0000,1,0
22979,0.0000,1,0
22980,0.0000,1,0
22981,0.0000,1,0
22982,0.0000,1,0
22983,0.0000,1,0
22984,0.0000,1,0
22985,0.0000,1,0
22986,0.0000,1,0
22987,0.0000,1,0
22988,0.0000,1,0
22989,0.0000,1,0
22990,0.0000,1,0
22991,0.0000,1,0
22992,0.0000,1,0
22993,0.0000,1,0
22994,0.0000,1,0
22995,0.0000,1,0
22996,0.0000,1,0
22997,0.0000,1,0
22998,0.0000,1,0
22999,0.0000,1,0
23000,0.0000,1,0
23001,0.0000,1,0
23002,0.0000,1,0
23003,0.0000,1,0
23004,0.0000,1,0
23005,0.0000,1,0
23006,0.0000,1,0
23007,0.0000,1,0
23008,0.0000,1,0
23009,0.0000,1,0
23010,0.0000,1,0
23011,0.0000,1,0
23012,0.0000,1,0
23013,0.0000,1,0
23014,0.0000,1,0
23015,0.0000,1,0
23016,0.0000,1,0
23017,0.0000,1,0
23018,0.0000,1,0
23019,0.0000,1,0
23020,0.0000,1,0
23021,0.0000,1,0
23022,0.0000,1,0
23023,0.0000,1,0
23024,0.0000,1,0
23025,0.0000,1,0
23026,0.0000,1,0
23027,0.0000,1,0
23028,0.0000,1,0
23029,0.0000,1,0
23030,0.0000,1,0
23031,0.0000,1,0
23032,0.0000,1,0
23033,0.0000,1,0
23034,0.0000,1,0
23035,0.0000,1,0
23036,0.0000,1,0
23037,0.0000,1,0
23038,0.0000,1,0
23039,0.0000,1,0
23040,0.0000,1,0
23041,0.0000,1,0
23042,0.0000,1,0
23043,0.0000,1,0
23044,0.0000,1,0
23045,0.0000,1,0
23046,0.0000,1,0
23047,0.0000,1,0
23048,0.0000,1,0
23049,0.0000,1,0
23050,0.0000,1,0
23051,0.0000,1,0
23052,0.0000,1,0
23053,0.0000,1,0
23054,0.0000,1,0
23055,0.0000,1,0
23056,0.0000,1,0
23057,0.0000,1,0
23058,0.0000,1,0
23059,0.0000,1,0
23060,0.0000,1,0
23061,0.0000,1,0
23062,0.0000,1,0
23063,0.0000,1,0
23064,0.0000,1,0
23065,0.0000,1,0
23066,0.0000,1,0
23067,0.0000,1,0
23068,0.0000,1,0
23069,0.0000,1,0
23070,0.0000,1,0
23071,0.0000,1,0
23072,0.0000,1,0
23073,0.0000,1,0
23074,0.0000,1,0
23075,0.0000,1,0
23076,0.0000,1,0
23077,0.0000,1,0
23078,0.0000,1,0
23079,0.0000,1,0
23080,0.0000,1,0
23081,0.0000,1,0
23082,0.0000,1,0
23083,0.0000,1,0
23084,0.0000,1,0
23085,0.0000,1,0
23086,0.0000,1,0
23087,0.0000,1,0
23088,0.0000,1,0
23089,0.0000,1,0
23090,0.0000,1,0
23091,0.0000,1,0
23092,0.0000,1,0
23093,0.0000,1,0
23094,0.0000,1,0
23095,0.0000,1,0
23096,0.0000,1,0
23097,0.0000,1,0
23098,0.0000,1,0
23099,0.0000,1,0
23100,0.0000,1,0
23101,0.0000,1,0
23102,0.0000,1,0
23103,0.0000,1,0
23104,0.0000,1,0
23105,0.0000,1,0
23106,0.0000,1,0
23107,0.0000,1,0
23108,0.0000,1,0
23109,0.0000,1,0
23110,0.0000,1,0
23111,0.0000,1,0
23112,0.0000,1,0
23113,0.0000,1,0
23114,0.0000,1,0
23115,0.0000,1,0
23116,0.0000,1,0
23117,0.0000,1,0
23118,0.0000,1,0
23119,0.0000,1,0
23120,0.0000,1,0
23121,0.0000,1,0
23122,0.0000,1,0
23123,0.0000,1,0
23124,0.0000,1,0
23125,0.0000,1,0
23126,0.0000,1,0
23127,0.0000,1,0
23128,0.0000,1,0
23129,0.0000,1,0
23130,0.0000,1,0
23131,0.0000,1,0
23132,0.0000,1,0
23133,0.0000,1,0
23134,0.0000,1,0
23135,0.0000,1,0
23136,0.0000,1,0
23137,0.0000,1,0
23138,0.0000,1,0
23139,0.0000,1,0
23140,0.0000,1,0
23141,0.0000,1,0
23142,0.0000,1,0
23143,0.0000,1,0
23144,0.0000,1,0
23145,0.0000,1,0
23146,0.0000,1,0
23147,0.0000,1,0
23148,0.0000,1,0
23149,0.0000,1,0
23150,0.0000,1,0
23151,0.0000,1,0
23152,0.0000,1,0
23153,0.0000,1,0
23154,0.0000,1,0
23155,0.0000,1,0
23156,0.0000,1,0
23157,0.0000,1,0
23158,0.0000,1,0
23159,0.0000,1,0
23160,0.0000,1,0
23161,0.0000,1,0
23162,0.0000,1,0
23163,0.0000,1,0
23164,0.0000,1,0
23165,0.0000,1,0
23166,0.0000,1,0
23167,0.0000,1,0
23168,0.0000,1,0
23169,0.0000,1,0
23170,0.0000,1,0
23171,0.0000,1,0
23172,0.0000,1,0
23173,0.0000,1,0
23174,0.0000,1,0
23175,0.0000,1,0
23176,0.0000,1,0
23177,0.0000,1,0
23178,0.0000,1,0
23179,0.0000,1,0
23180,0.0000,1,0
23181,0.0000,1,0
23182,0.0000,1,0
23183,0.0000,1,0
23184,0.0000,1,0
23185,0.0000,1,0
23186,0.0000,1,0
23187,0.0000,1,0
23188,0.0000,1,0
23189,0.0000,1,0
23190,0.0000,1,0
23191,0.0000,1,0
23192,0.0000,1,0
23193,0.0000,1,0
23194,0.0000,1,0
23195,0.0000,1,0
23196,0.0000,1,0
23197,0.0000,1,0
23198,0.0000,1,0
23199,0.0000,1,0
23200,0.0000,1,0
23201,0.0000,1,0
23202,0.0000,1,0
23203,0.0000,1,0
23204,0.0000,1,0
23205,0.0000,1,0
23206,0.0000,1,0
23207,0.0000,1,0
23208,0.0000,1,0
23209,0.0000,1,0
23210,0.0000,1,0
23211,0.0000,1,0
23212,0.0000,1,0
23213,0.0000,1,0
23214,0.0000,1,0
23215,0.0000,1,0
23216,0.0000,1,0
23217,0.0000,1,0
23218,0.0000,1,0
23219,0.0000,1,0
23220,0.0000,1,0
23221,0.0000,1,0
23222,0.0000,1,0
23223,0.0000,1,0
23224,0.0000,1,0
23225,0.0000,1,0
23226,0.0000,1,0
23227,0.0000,1,0
23228,0.0000,1,0
23229,0.0000,1,0
23230,0.0000,1,0
23231,0.0000,1,0
23232,0.0000,1,0
23233,0.0000,1,0
23234,0.0000,1,0
23235,0.0000,1,0
23236,0.0000,1,0
23237,0.0000,1,0
23238,0.0000,1,0
23239,0.0000,1,0
23240,0.0000,1,0
23241,0.0000,1,0
23242,0.0000,1,0
23243,0.0000,1,0
23244,0.0536,0,0
23245,0.0000,1,0
23246,0.0000,1,0
23247,0.0000,1,0
23248,0.0000,1,0
23249,0.0000,1,0
23250,0.0000,1,0
23251,0.0000,1,0
23252,0.0000,1,0
23253,0.0000,1,0
23254,0.0000,1,0
23255,0.0000,1,0
23256,0.0000,1,0
23257,0.0000,1,0
23258,0.0000,1,0
23259,0.0000,1,0
23260,0.0000,1,0
23261,0.0000,1,0
23262,0.0000,1,0
23263,0.0000,1,0
23264,0.0000,1,0
23265,0.0000,1,0
23266,0.0000,1,0
23267,0.0000,1,0
23268,0.0000,1,0
23269,0.0000,1,0
23270,0.0000,1,0
23271,0.0000,1,0
23272,0.0000,1,0
23273,0.0000,1,0
23274,0.0000,1,0
23275,0.0000,1,0
23276,0.0000,1,0
23277,0.0000,1,0
23278,0.0000,1,0
23279,0.0000,1,0
23280,0.0000,1,0
23281,0.0000,1,0
23282,0.0000,1,0
23283,0.0000,1,0
23284,0.0000,1,0
23285,0.0000,1,0
23286,0.0000,1,0
23287,0.0000,1,0
23288,0.0000,1,0
23289,0.0000,1,0
23290,0.0000,1,0
23291,0.0000,1,0
23292,0.0000,1,0
23293,0.0000,1,0
23294,0.0000,1,0
23295,0.0000,1,0
23296,0.0000,1,0
23297,0.0000,1,0
23298,0.0000,1,0
23299,0.0000,1,0
23300,0.0000,1,0
23301,0.0000,1,0
23302,0.0000,1,0
23303,0.0000,1,0
23304,0.0000,1,0
23305,0.0000,1,0
23306,0.0000,1,0
23307,0.0000,1,0
23308,0.0000,1,0
23309,0.0000,1,0
23310,0.0000,1,0
23311,0.0000,1,0
23312,0.0000,1,0
23313,0.0000,1,0
23314,0.0000,1,0
23315,0.0000,1,0
23316,0.0000,1,0
23317,0.0000,1,0
23318,0.0000,1,0
23319,0.0000,1,0
23320,0.0000,1,0
23321,0.0000,1,0
23322,0.0000,1,0
23323,0.0000,1,0
23324,0.0000,1,0
23325,0.0000,1,0
23326,0.0000,1,0
23327,0.0000,1,0
23328,0.0000,1,0
23329,0.0000,1,0
23330,0.0000,1,0
23331,0.0000,1,0
23332,0.0000,1,0
23333,0.0000,1,0
23334,0.0000,1,0
23335,0.0000,1,0
23336,0.0000,1,0
23337,0.0000,1,0
23338,0.0000,1,0
23339,0.0000,1,0
23340,0.0000,1,0
23341,0.0000,1,0
23342,0.0000,1,0
23343,0.0000,1,0
23344,0.0000,1,0
23345,0.0000,1,0
23346,0.0000,1,0
23347,0.0000,1,0
23348,0.0000,1,0
23349,0.0000,1,0
23350,0.0000,1,0
23351,0.0000,1,0
23352,0.0000,1,0
23353,0.0000,1,0
23354,0.0000,1,0
23355,0.0000,1,0
23356,0.0000,1,0
23357,0.0000,1,0
23358,0.0000,1,0
23359,0.0000,1,0
23360,0.0000,1,0
23361,0.0000,1,0
23362,0.0000,1,0
23363,0.0000,1,0
23364,0.0000,1,0
23365,0.0000,1,0
23366,0.0000,1,0
23367,0.0000,1,0
23368,0.0000,1,0
23369,0.0000,1,0
23370,0.0000,1,0
23371,0.0000,1,0
23372,0.0000,1,0
23373,0.0000,1,0
23374,0.0000,1,0
23375,0.0000,1,0
23376,0.0000,1,0
23377,0.0000,1,0
23378,0.0000,1,0
23379,0.0000,1,0
23380,0.0000,1,0
23381,0.0000,1,0
23382,0.0000,1,0
23383,0.0000,1,0
23384,0.0000,1,0
23385,0.0000,1,0
23386,0.0000,1,0
23387,0.0000,1,0
23388,0.0000,1,0
23389,0.0000,1,0
23390,0.0000,1,0
23391,0.0000,1,0
23392,0.0000,1,0
23393,0.0000,1,0
23394,0.0000,1,0
23395,0.0000,1,0
23396,0.0000,1,0
23397,0.0000,1,0
23398,0.0000,1,0
23399,0.0000,1,0
23400,0.0000,1,0
23401,0.0000,1,0
23402,0.0000,1,0
23403,0.0000,1,0
23404,0.0000,1,0
23405,0.0000,1,0
23406,0.0000,1,0
23407,0.0000,1,0
23408,0.0000,1,0
23409,0.0000,1,0
23410,0.0000,1,0
23411,0.0000,1,0
23412,0.0000,1,0
23413,0.0000,1,0
23414,0.0000,1,0
23415,0.0000,1,0
23416,0.0000,1,0
23417,0.0000,1,0
23418,0.0000,1,0
23419,0.0000,1,0
23420,0.0000,1,0
23421,0.0000,1,0
23422,0.0000,1,0
23423,0.0000,1,0
23424,0.0000,1,0
23425,0.0000,1,0
23426,0.0000,1,0
23427,0.0000,1,0
23428,0.0000,1,0
23429,0.0000,1,0
23430,0.0000,1,0
23431,0.0000,1,0
23432,0.0000,1,0
23433,0.0000,1,0
23434,0.0000,1,0
23435,0.0000,1,0
23436,0.0000,1,0
23437,0.0000,1,0
23438,0.0000,1,0
23439,0.0000,1,0
23440,0.0000,1,0
23441,0.0000,1,0
23442,0.0000,1,0
23443,0.0000,1,0
23444,0.0000,1,0
23445,0.0000,1,0
23446,0.0000,1,0
23447,0.0000,1,0
23448,0.0000,1,0
23449,0.0000,1,0
23450,0.0000,1,0
23451,0.0000,1,0
23452,0.0000,1,0
23453,0.0000,1,0
23454,0.0000,1,0
23455,0.0000,1,0
23456,0.0000,1,0
23457,0.0000,1,0
23458,0.0000,1,0
23459,0.0000,1,0
23460,0.0000,1,0
23461,0.0000,1,0
23462,0.0000,1,0
23463,0.0000,1,0
23464,0.0000,1,0
23465,0.0000,1,0
23466,0.0000,1,0
23467,0.0000,1,0
23468,0.0000,1,0
23469,0.0000,1,0
23470,0.0000,1,0
23471,0.0000,1,0
23472,0.0000,1,0
23473,0.0000,1,0
23474,0.0000,1,0
23475,0.0000,1,0
23476,0.0000,1,0
23477,0.0000,1,0
23478,0.0000,1,0
23479,0.0000,1,0
23480,0.0000,1,0
23481,0.0000,1,0
23482,0.0000,1,0
23483,0.0000,1,0
23484,0.0000,1,0
23485,0.0000,1,0
23486,0.0000,1,0
23487,0.0000,1,0
23488,0.0000,1,0
23489,0.0000,1,0
23490,0.0000,1,0
23491,0.0000,1,0
23492,0.0000,1,0
23493,0.0000,1,0
23494,0.0000,1,0
23495,0.0000,1,0
23496,0.0000,1,0
23497,0.0000,1,0
23498,0.0000,1,0
23499,0.0000,1,0
23500,0.0000,1,0
23501,0.0000,1,0
23502,0.0000,1,0
23503,0.0000,1,0
23504,0.0000,1,0
23505,0.0000,1,0
23506,0.0000,1,0
23507,0.0000,1,0
23508,0.0000,1,0
23509,0.0000,1,0
23510,0.0000,1,0
23511,0.0000,1,0
23512,0.0000,1,0
23513,0.0000,1,0
23514,0.0000,1,0
23515,0.0000,1,0
23516,0.0000,1,0
23517,0.0000,1,0
23518,0.0000,1,0
23519,0.0000,1,0
23520,0.0000,1,0
23521,0.0000,1,0
23522,0.0000,1,0
23523,0.0000,1,0
23524,0.0000,1,0
23525,0.0000,1,0
23526,0.0000,1,0
23527,0.0000,1,0
23528,0.0000,1,0
23529,0.0000,1,0
23530,0.0000,1,0
23531,0.0000,1,0
23532,0.0000,1,0
23533,0.0000,1,0
23534,0.0000,1,0
23535,0.0000,1,0
23536,0.0000,1,0
23537,0.0000,1,0
23538,0.0000,1,0
23539,0.0000,1,0
23540,0.0000,1,0
23541,0.0000,1,0
23542,0.0000,1,0
23543,0.0000,1,0
23544,0.0000,1,0
23545,0.0000,1,0
23546,0.0000,1,0
23547,0.0000,1,0
23548,0.0000,1,0
23549,0.0000,1,0
23550,0.0000,1,0
23551,0.0000,1,0
23552,0.0000,1,0
23553,0.0000,1,0
23554,0.0000,1,0
23555,0.0000,1,0
23556,0.0000,1,0
23557,0.0000,1,0
23558,0.0000,1,0
23559,0.0000,1,0
23560,0.0000,1,0
23561,0.0000,1,0
23562,0.0000,1,0
23563,0.0000,1,0
23564,0.0000,1,0
23565,0.0000,1,0
23566,0.0000,1,0
23567,0.0000,1,0
23568,0.0000,1,0
23569,0.0000,1,0
23570,0.0000,1,0
23571,0.0000,1,0
23572,0.0000,1,0
23573,0.0000,1,0
23574,0.0000,1,0
23575,0.0000,1,0
23576,0.0000,1,0
23577,0.0000,1,0
23578,0.0000,1,0
23579,0.0000,1,0
23580,0.0000,1,0
23581,0.0000,1,0
23582,0.0000,1,0
23583,0.0000,1,0
23584,0.0000,1,0
23585,0.0000,1,0
23586,0.0000,1,0
23587,0.0000,1,0
23588,0.0000,1,0
23589,0.0000,1,0
23590,0.0000,1,0
23591,0.0000,1,0
23592,0.0000,1,0
23593,0.0000,1,0
23594,0.0000,1,0
23595,0.0000,1,0
23596,0.0000,1,0
23597,0.0000,1,0
23598,0.0000,1,0
23599,0.0000,1,0
23600,0.0000,1,0
23601,0.0000,1,0
23602,0.0000,1,0
23603,0.0000,1,0
23604,0.0000,1,0
23605,0.0000,1,0
23606,0.0000,1,0
23607,0.0000,1,0
23608,0.0000,1,0
23609,0.0000,1,0
23610,0.0000,1,0
23611,0.0000,1,0
23612,0.0000,1,0
23613,0.0000,1,0
23614,0.0000,1,0
23615,0.0000,1,0
23616,0.0000,1,0
23617,0.0000,1,0
23618,0.0000,1,0
23619,0.0000,1,0
23620,0.0000,1,0
23621,0.0000,1,0
23622,0.0000,1,0
23623,0.0000,1,0
23624,0.0000,1,0
23625,0.0000,1,0
23626,0.0000,1,0
23627,0.0000,1,0
23628,0.0000,1,0
23629,0.0000,1,0
23630,0.0000,1,0
23631,0.0000,1,0
23632,0.0000,1,0
23633,0.0000,1,0
23634,0.0000,1,0
23635,0.0000,1,0
23636,0.0000,1,0
23637,0.0000,1,0
23638,0.0000,1,0
23639,0.0000,1,0
23640,0.0000,1,0
23641,0.0000,1,0
23642,0.0000,1,0
23643,0.0000,1,0
23644,0.0000,1,0
23645,0.0000,1,0
23646,0.0000,1,0
23647,0.0000,1,0
23648,0.0000,1,0
23649,0.0000,1,0
23650,0.0000,1,0
23651,0.0000,1,0
23652,0.0000,1,0
23653,0.0000,1,0
23654,0.0000,1,0
23655,0.0000,1,0
23656,0.0000,1,0
23657,0.0000,1,0
23658,0.0000,1,0
23659,0.0000,1,0
23660,0.0000,1,0
23661,0.0000,1,0
23662,0.0000,1,0
23663,0.0000,1,0
23664,0.0000,1,0
23665,0.0000,1,0
23666,0.0000,1,0
23667,0.0000,1,0
23668,0.0000,1,0
23669,0.0000,1,0
23670,0.0000,1,0
23671,0.0000,1,0
23672,0.0000,1,0
23673,0.0000,1,0
23674,0.0000,1,0
23675,0.0000,1,0
23676,0.0000,1,0
23677,0.0000,1,0
23678,0.0000,1,0
23679,0.0000,1,0
23680,0.0000,1,0
23681,0.0000,1,0
23682,0.0000,1,0
23683,0.0000,1,0
23684,0.0000,1,0
23685,0.0000,1,0
23686,0.0000,1,0
23687,0.0000,1,0
23688,0.0000,1,0
23689,0.0000,1,0
23690,0.0000,1,0
23691,0.0000,1,0
23692,0.0000,1,0
23693,0.0000,1,0
23694,0.0000,1,0
23695,0.0000,1,0
23696,0.0000,1,0
23697,0.0000,1,0
23698,0.0000,1,0
23699,0.0000,1,0
23700,0.0000,1,0
23701,0.0000,1,0
23702,0.0000,1,0
23703,0.0000,1,0
23704,0.0000,1,0
23705,0.0000,1,0
23706,0.0000,1,0
23707,0.0000,1,0
23708,0.0000,1,0
23709,0.0000,1,0
23710,0.0000,1,0
23711,0.0000,1,0
23712,0.0000,1,0
23713,0.0000,1,0
23714,0.0000,1,0
23715,0.0000,1,0
23716,0.0000,1,0
23717,0.0000,1,0
23718,0.0000,1,0
23719,0.0000,1,0
23720,0.0000,1,0
23721,0.0000,1,0
23722,0.0000,1,0
23723,0.0000,1,0
23724,0.0000,1,0
23725,0.0000,1,0
23726,0.0000,1,0
23727,0.0000,1,0
23728,0.0000,1,0
23729,0.0000,1,0
23730,0.0000,1,0
23731,0.0000,1,0
23732,0.0000,1,0
23733,0.0000,1,0
23734,0.0000,1,0
23735,0.0000,1,0
23736,0.0000,1,0
23737,0.0000,1,0
23738,0.0000,1,0
23739,0.0000,1,0
23740,0.0000,1,0
23741,0.0000,1,0
23742,0.0000,1,0
23743,0.0000,1,0
23744,0.0000,1,0
23745,0.0000,1,0
23746,0.0000,1,0
23747,0.0000,1,0
23748,0.0000,1,0
23749,0.0000,1,0
23750,0.0000,1,0
23751,0.0000,1,0
23752,0.0000,1,0
23753,0.0000,1,0
23754,0.0000,1,0
23755,0.0000,1,0
23756,0.0000,1,0
23757,0.0000,1,0
23758,0.0000,1,0
23759,0.0000,1,0
23760,0.0000,1,0
23761,0.0000,1,0
23762,0.0000,1,0
23763,0.0000,1,0
23764,0.0000,1,0
23765,0.0000,1,0
23766,0.0000,1,0
23767,0.0000,1,0
23768,0.0000,1,0
23769,0.0000,1,0
23770,0.0000,1,0
23771,0.0000,1,0
23772,0.0000,1,0
23773,0.0000,1,0
23774,0.0000,1,0
23775,0.0000,1,0
23776,0.0000,1,0
23777,0.0000,1,0
23778,0.0000,1,0
23779,0.0000,1,0
23780,0.0000,1,0
23781,0.0000,1,0
23782,0.0000,1,0
23783,0.0000,1,0
23784,0.0000,1,0
23785,0.0000,1,0
23786,0.0000,1,0
23787,0.0000,1,0
23788,0.0000,1,0
23789,0.0000,1,0
23790,0.0000,1,0
23791,0.0000,1,0
23792,0.0000,1,0
23793,0.0000,1,0
23794,0.0000,1,0
23795,0.0000,1,0
23796,0.0000,1,0
23797,0.0000,1,0
23798,0.0000,1,0
23799,0.0000,1,0
23800,0.0000,1,0
23801,0.0000,1,0
23802,0.0000,1,0
23803,0.0000,1,0
23804,0.0000,1,0
23805,0.0000,1,0
23806,0.0000,1,0
23807,0.0000,1,0
23808,0.0000,1,0
23809,0.0000,1,0
23810,0.0000,1,0
23811,0.0000,1,0
23812,0.0000,1,0
23813,0.0000,1,0
23814,0.0000,1,0
23815,0.0000,1,0
23816,0.0000,1,0
23817,0.0000,1,0
23818,0.0000,1,0
23819,0.0000,1,0
23820,0.0000,1,0
23821,0.0000,1,0
23822,0.0000,1,0
23823,0.0000,1,0
23824,0.0000,1,0
23825,0.0000,1,0
23826,0.0000,1,0
23827,0.0000,1,0
23828,0.0000,1,0
23829,0.0000,1,0
23830,0.0000,1,0
23831,0.0000,1,0
23832,0.0000,1,0
23833,0.0000,1,0
23834,0.0000,1,0
23835,0.0000,1,0
23836,0.0000,1,0
23837,0.0000,1,0
23838,0.0000,1,0
23839,0.0000,1,0
23840,0.0000,1,0
23841,0.0000,1,0
23842,0.0000,1,0
23843,0.0000,1,0
23844,0.0000,1,0
23845,0.0000,1,0
23846,0.0000,1,0
23847,0.0000,1,0
23848,0.0000,1,0
23849,0.0000,1,0
23850,0.0000,1,0
23851,0.0000,1,0
23852,0.0000,1,0
23853,0.0000,1,0
23854,0.0000,1,0
23855,0.0000,1,0
23856,0.0000,1,0
23857,0.0000,1,0
23858,0.0000,1,0
23859,0.0000,1,0
23860,0.0000,1,0
23861,0.0000,1,0
23862,0.0000,1,0
23863,0.0000,1,0
23864,0.0000,1,0
23865,0.0000,1,0
23866,0.0000,1,0
23867,0.0000,1,0
23868,0.0000,1,0
23869,0.0000,1,0
23870,0.0000,1,0
23871,0.0000,1,0
23872,0.0000,1,0
23873,0.0000,1,0
23874,0.0000,1,0
23875,0.0000,1,0
23876,0.0000,1,0
23877,0.0000,1,0
23878,0.0000,1,0
23879,0.0000,1,0
23880,0.0000,1,0
23881,0.0000,1,0
23882,0.0000,1,0
23883,0.0000,1,0
23884,0.0000,1,0
23885,0.0000,1,0
23886,0.0536,0,0
23887,0.0000,1,0
23888,0.0000,1,0
23889,0.0000,1,0
23890,0.0000,1,0
23891,0.0000,1,0
23892,0.0000,1,0
23893,0.0000,1,0
23894,0.0000,1,0
23895,0.0000,1,0
23896,0.0000,1,0
23897,0.0000,1,0
23898,0.0000,1,0
23899,0.0000,1,0
23900,0.0000,1,0
23901,0.0000,1,0
23902,0.0000,1,0
23903,0.0000,1,0
23904,0.0000,1,0
23905,0.0000,1,0
23906,0.0000,1,0
23907,0.0000,1,0
23908,0.0000,1,0
23909,0.0000,1,0
23910,0.0000,1,0
23911,0.0000,1,0
23912,0.0000,1,0
23913,0.0000,1,0
23914,0.0000,1,0
23915,0.0000,1,0
23916,0.0000,1,0
23917,0.0000,1,0
23918,0.0000,1,0
23919,0.0000,1,0
23920,0.0000,1,0
23921,0.0000,1,0
23922,0.0000,1,0
23923,0.0000,1,0
23924,0.0000,1,0
23925,0.0000,1,0
23926,0.0000,1,0
23927,0.0000,1,0
23928,0.0000,1,0
23929,0.0000,1,0
23930,0.0000,1,0
23931,0.0000,1,0
23932,0.0000,1,0
23933,0.0000,1,0
23934,0.0000,1,0
23935,0.0000,1,0
23936,0.0000,1,0
23937,0.0000,1,0
23938,0.0000,1,0
23939,0.0000,1,0
23940,0.0000,1,0
23941,0.0000,1,0
23942,0.0000,1,0
23943,0.0000,1,0
23944,0.0000,1,0
23945,0.0000,1,0
23946,0.0000,1,0
23947,0.0000,1,0
23948,0.0000,1,0
23949,0.0000,1,0
23950,0.0000,1,0
23951,0.0000,1,0
23952,0.0000,1,0
23953,0.0000,1,0
23954,0.0000,1,0
23955,0.0000,1,0
23956,0.0000,1,0
23957,0.0000,1,0
23958,0.0000,1,0
23959,0.0000,1,0
23960,0.0000,1,0
23961,0.0000,1,0
23962,0.0000,1,0
23963,0.0000,1,0
23964,0.0000,1,0
23965,0.0000,1,0
23966,0.0000,1,0
23967,0.0000,1,0
23968,0.0000,1,0
23969,0.0000,1,0
23970,0.0000,1,0
23971,0.0000,1,0
23972,0.0000,1,0
23973,0.0000,1,0
23974,0.0000,1,0
23975,0.0000,1,0
23976,0.0000,1,0
23977,0.0000,1,0
23978,0.0000,1,0
23979,0.0000,1,0
23980,0.0000,1,0
23981,0.0000,1,0
23982,0.0000,1,0
23983,0.0000,1,0
23984,0.0000,1,0
23985,0.0000,1,0
23986,0.0000,1,0
23987,0.0000,1,0
23988,0.0000,1,0
23989,0.0000,1,0
23990,0.0000,1,0
23991,0.0000,1,0
23992,0.0000,1,0
23993,0.0000,1,0
23994,0.0000,1,0
23995,0.0000,1,0
23996,0.0000,1,0
23997,0.0000,1,0
23998,0.0000,1,0
23999,0.0000,1,0
24000,0.0000,1,0
24001,0.0000,1,0
24002,0.0000,1,0
24003,0.0000,1,0
24004,0.0000,1,0
24005,0.0000,1,0
24006,0.0000,1,0
24007,0.0000,1,0
24008,0.0000,1,0
24009,0.0000,1,0
24010,0.0000,1,0
24011,0.0000,1,0
24012,0.0000,1,0
24013,0.0000,1,0
24014,0.0000,1,0
24015,0.0000,1,0
24016,0.0000,1,0
24017,0.0000,1,0
24018,0.0000,1,0
24019,0.0000,1,0
24020,0.0000,1,0
24021,0.0000,1,0
24022,0.0000,1,0
24023,0.0000,1,0
24024,0.0000,1,0
24025,0.0000,1,0
24026,0.0000,1,0
24027,0.0000,1,0
24028,0.0000,1,0
24029,0.0000,1,0
24030,0.0000,1,0
24031,0.0000,1,0
24032,0.0000,1,0
24033,0.0000,1,0
24034,0.0000,1,0
24035,0.0000,1,0
24036,0.0000,1,0
24037,0.0000,1,0
24038,0.0000,1,0
24039,0.0000,1,0
24040,0.0000,1,0
24041,0.0000,1,0
24042,0.0000,1,0
24043,0.0000,1,0
24044,0.0000,1,0
24045,0.0000,1,0
24046,0.0000,1,0
24047,0.0000,1,0
24048,0.0000,1,0
24049,0.0000,1,0
24050,0.0000,1,0
24051,0.0000,1,0
24052,0.0000,1,0
24053,0.0000,1,0
24054,0.0000,1,0
24055,0.0000,1,0
24056,0.0000,1,0
24057,0.0000,1,0
24058,0.0000,1,0
24059,0.0000,1,0
24060,0.0000,1,0
24061,0.0000,1,0
24062,0.0000,1,0
24063,0.0000,1,0
24064,0.0000,1,0
24065,0.0000,1,0
24066,0.0000,1,0
24067,0.0000,1,0
24068,0.0000,1,0
24069,0.0000,1,0
24070,0.0000,1,0
24071,0.0000,1,0
24072,0.0000,1,0
24073,0.0000,1,0
24074,0.0000,1,0
24075,0.0000,1,0
24076,0.0000,1,0
24077,0.0000,1,0
24078,0.0000,1,0
24079,0.0000,1,0
24080,0.0000,1,0
24081,0.0000,1,0
24082,0.0000,1,0
24083,0.0000,1,0
24084,0.0000,1,0
24085,0.0000,1,0
24086,0.0000,1,0
24087,0.0000,1,0
24088,0.0000,1,0
24089,0.0000,1,0
24090,0.0000,1,0
24091,0.0000,1,0
24092,0.0000,1,0
24093,0.0000,1,0
24094,0.0000,1,0
24095,0.0000,1,0
24096,0.0000,1,0
24097,0.0000,1,0
24098,0.0000,1,0
24099,0.0000,1,0
24100,0.0000,1,0
24101,0.0000,1,0
24102,0.0000,1,0
24103,0.0000,1,0
24104,0.0000,1,0
24105,0.0000,1,0
24106,0.0000,1,0
24107,0.0000,1,0
24108,0.0000,1,0
24109,0.0000,1,0
24110,0.0000,1,0
24111,0.0000,1,0
24112,0.0000,1,0
24113,0.0000,1,0
24114,0.0000,1,0
24115,0.0000,1,0
24116,0.0000,1,0
24117,0.0000,1,0
24118,0.0000,1,0
24119,0.0000,1,0
24120,0.0000,1,0
24121,0.0000,1,0
24122,0.0000,1,0
24123,0.0000,1,0
24124,0.0000,1,0
24125,0.0000,1,0
24126,0.0000,1,0
24127,0.0000,1,0
24128,0.0000,1,0
24129,0.0000,1,0
24130,0.0000,1,0
24131,0.0000,1,0
24132,0.0000,1,0
24133,0.0000,1,0
24134,0.0000,1,0
24135,0.0000,1,0
24136,0.0000,1,0
24137,0.0000,1,0
24138,0.0000,1,0
24139,0.0000,1,0
24140,0.0000,1,0
24141,0.0000,1,0
24142,0.0000,1,0
24143,0.0000,1,0
24144,0.0000,1,0
24145,0.0000,1,0
24146,0.0000,1,0
24147,0.0000,1,0
24148,0.0000,1,0
24149,0.0000,1,0
24150,0.0000,1,0
24151,0.0000,1,0
24152,0.0000,1,0
24153,0.0000,1,0
24154,0.0000,1,0
24155,0.0000,1,0
24156,0.0000,1,0
24157,0.0000,1,0
24158,0.0000,1,0
24159,0.0000,1,0
24160,0.0000,1,0
24161,0.0000,1,0
24162,0.0000,1,0
24163,0.0000,1,0
24164,0.0000,1,0
24165,0.0000,1,0
24166,0.0000,1,0
24167,0.0000,1,0
24168,0.0000,1,0
24169,0.0000,1,0
24170,0.0000,1,0
24171,0.0000,1,0
24172,0.0000,1,0
24173,0.0000,1,0
24174,0.0000,1,0
24175,0.0000,1,0
24176,0.0000,1,0
24177,0.0000,1,0
24178,0.0000,1,0
24179,0.0000,1,0
24180,0.0000,1,0
24181,0.0000,1,0
24182,0.0000,1,0
24183,0.0000,1,0
24184,0.0000,1,0
24185,0.0000,1,0
24186,0.0000,1,0
24187,0.0000,1,0
24188,0.0000,1,0
24189,0.0000,1,0
24190,0.0000,1,0
24191,0.0000,1,0
24192,0.0000,1,0
24193,0.0000,1,0
24194,0.0000,1,0
24195,0.0000,1,0
24196,0.0000,1,0
24197,0.0000,1,0
24198,0.0000,1,0
24199,0.0000,1,0
24200,0.0000,1,0
24201,0.0000,1,0
24202,0.0000,1,0
24203,0.0000,1,0
24204,0.0000,1,0
24205,0.0000,1,0
24206,0.0000,1,0
24207,0.0000,1,0
24208,0.0000,1,0
24209,0.0000,1,0
24210,0.0000,1,0
24211,0.0000,1,0
24212,0.0000,1,0
24213,0.0000,1,0
24214,0.0000,1,0
24215,0.0000,1,0
24216,0.0000,1,0
24217,0.0000,1,0
24218,0.0000,1,0
24219,0.0000,1,0
24220,0.0000,1,0
24221,0.0000,1,0
24222,0.0000,1,0
24223,0.0000,1,0
24224,0.0000,1,0
24225,0.0000,1,0
24226,0.0000,1,0
24227,0.0000,1,0
24228,0.0000,1,0
24229,0.0000,1,0
24230,0.0000,1,0
24231,0.0000,1,0
24232,0.0000,1,0
24233,0.0000,1,0
24234,0.0000,1,0
24235,0.0000,1,0
24236,0.0000,1,0
24237,0.0000,1,0
24238,0.0000,1,0
24239,0.0000,1,0
24240,0.0000,1,0
24241,0.0000,1,0
24242,0.0000,1,0
24243,0.0000,1,0
24244,0.0000,1,0
24245,0.0000,1,0
24246,0.0000,1,0
24247,0.0000,1,0
24248,0.0000,1,0
24249,0.0000,1,0
24250,0.0000,1,0
24251,0.0000,1,0
24252,0.0000,1,0
24253,0.0000,1,0
24254,0.0000,1,0
24255,0.0000,1,0
24256,0.0000,1,0
24257,0.0000,1,0
24258,0.0000,1,0
24259,0.0000,1,0
24260,0.0000,1,0
24261,0.0000,1,0
24262,0.0000,1,0
24263,0.0000,1,0
24264,0.0000,1,0
24265,0.0000,1,0
24266,0.0000,1,0
24267,0.0000,1,0
24268,0.0000,1,0
24269,0.0000,1,0
24270,0.0000,1,0
24271,0.0000,1,0
24272,0.0000,1,0
24273,0.0000,1,0
24274,0.0000,1,0
24275,0.0000,1,0
24276,0.0000,1,0
24277,0.0000,1,0
24278,0.0000,1,0
24279,0.0000,1,0
24280,0.0000,1,0
24281,0.0000,1,0
24282,0.0000,1,0
24283,0.0000,1,0
24284,0.0000,1,0
24285,0.0000,1,0
24286,0.0000,1,0
24287,0.0000,1,0
24288,0.0000,1,0
24289,0.0000,1,0
24290,0.0000,1,0
24291,0.0000,1,0
24292,0.0000,1,0
24293,0.0000,1,0
24294,0.0000,1,0
24295,0.0000,1,0
24296,0.0000,1,0
24297,0.0000,1,0
24298,0.0000,1,0
24299,0.0000,1,0
24300,0.0000,1,0
24301,0.0000,1,0
24302,0.0000,1,0
24303,0.0000,1,0
24304,0.0000,1,0
24305,0.0000,1,0
24306,0.0000,1,0
24307,0.0000,1,0
24308,0.0000,1,0
24309,0.0000,1,0
24310,0.0000,1,0
24311,0.0000,1,0
24312,0.0000,1,0
24313,0.0000,1,0
24314,0.0000,1,0
24315,0.0000,1,0
24316,0.0000,1,0
24317,0.0000,1,0
24318,0.0000,1,0
24319,0.0000,1,0
24320,0.0000,1,0
24321,0.0000,1,0
24322,0.0000,1,0
24323,0.0000,1,0
24324,0.0000,1,0
24325,0.0000,1,0
24326,0.0000,1,0
24327,0.0000,1,0
24328,0.0000,1,0
24329,0.0000,1,0
24330,0.0000,1,0
24331,0.0000,1,0
24332,0.0000,1,0
24333,0.0000,1,0
24334,0.0000,1,0
24335,0.0000,1,0
24336,0.0000,1,0
24337,0.0000,1,0
24338,0.0000,1,0
24339,0.0000,1,0
24340,0.0000,1,0
24341,0.0000,1,0
24342,0.0000,1,0
24343,0.0000,1,0
24344,0.0000,1,0
24345,0.0000,1,0
24346,0.0000,1,0
24347,0.0000,1,0
24348,0.0000,1,0
24349,0.0000,1,0
24350,0.0000,1,0
24351,0.0000,1,0
24352,0.0000,1,0
24353,0.0000,1,0
24354,0.0000,1,0
24355,0.0000,1,0
24356,0.0000,1,0
24357,0.0000,1,0
24358,0.0000,1,0
24359,0.0000,1,0
24360,0.0000,1,0
24361,0.0000,1,0
24362,0.0000,1,0
24363,0.0000,1,0
24364,0.0000,1,0
24365,0.0000,1,0
24366,0.0000,1,0
24367,0.0000,1,0
24368,0.0000,1,0
24369,0.0000,1,0
24370,0.0000,1,0
24371,0.0000,1,0
24372,0.0000,1,0
24373,0.0000,1,0
24374,0.0000,1,0
24375,0.0000,1,0
24376,0.0000,1,0
24377,0.0000,1,0
24378,0.0000,1,0
24379,0.0000,1,0
24380,0.0000,1,0
24381,0.0000,1,0
24382,0.0000,1,0
24383,0.0000,1,0
24384,0.0000,1,0
24385,0.0000,1,0
24386,0.0000,1,0
24387,0.0000,1,0
24388,0.0000,1,0
24389,0.0000,1,0
24390,0.0000,1,0
24391,0.0000,1,0
24392,0.0000,1,0
24393,0.0000,1,0
24394,0.0000,1,0
24395,0.0000,1,0
24396,0.0000,1,0
24397,0.0000,1,0
24398,0.0000,1,0
24399,0.0000,1,0
24400,0.0000,1,0
24401,0.0000,1,0
24402,0.0000,1,0
24403,0.0000,1,0
24404,0.0000,1,0
24405,0.0000,1,0
24406,0.0000,1,0
24407,0.0000,1,0
24408,0.0000,1,0
24409,0.0000,1,0
24410,0.0000,1,0
24411,0.0000,1,0
24412,0.0000,1,0
24413,0.0000,1,0
24414,0.0000,1,0
24415,0.0000,1,0
24416,0.0000,1,0
24417,0.0000,1,0
24418,0.0000,1,0
24419,0.0000,1,0
24420,0.0000,1,0
24421,0.0000,1,0
24422,0.0000,1,0
24423,0.0000,1,0
24424,0.0000,1,0
24425,0.0000,1,0
24426,0.0000,1,0
24427,0.0000,1,0
24428,0.0000,1,0
24429,0.0000,1,0
24430,0.0000,1,0
24431,0.0000,1,0
24432,0.0000,1,0
24433,0.0000,1,0
24434,0.0000,1,0
24435,0.0000,1,0
24436,0.0000,1,0
24437,0.0000,1,0
24438,0.0000,1,0
24439,0.0000,1,0
24440,0.0000,1,0
24441,0.0000,1,0
24442,0.0000,1,0
24443,0.0000,1,0
24444,0.0000,1,0
24445,0.0000,1,0
24446,0.0000,1,0
24447,0.0000,1,0
24448,0.0000,1,0
24449,0.0000,1,0
24450,0.0000,1,0
24451,0.0000,1,0
24452,0.0000,1,0
24453,0.0000,1,0
24454,0.0000,1,0
24455,0.0000,1,0
24456,0.0000,1,0
24457,0.0000,1,0
24458,0.0000,1,0
24459,0.0000,1,0
24460,0.0000,1,0
24461,0.0000,1,0
24462,0.0000,1,0
24463,0.0000,1,0
24464,0.0000,1,0
24465,0.0000,1,0
24466,0.0000,1,0
24467,0.0000,1,0
24468,0.0000,1,0
24469,0.0000,1,0
24470,0.0000,1,0
24471,0.0000,1,0
24472,0.0000,1,0
24473,0.0000,1,0
24474,0.0000,1,0
24475,0.0000,1,0
24476,0.0000,1,0
24477,0.0000,1,0
24478,0.0000,1,0
24479,0.0000,1,0
24480,0.0000,1,0
24481,0.0000,1,0
24482,0.0000,1,0
24483,0.0000,1,0
24484,0.0000,1,0
24485,0.0000,1,0
24486,0.0000,1,0
24487,0.0000,1,0
24488,0.0000,1,0
24489,0.0000,1,0
24490,0.0000,1,0
24491,0.0000,1,0
24492,0.0000,1,0
24493,0.0000,1,0
24494,0.0000,1,0
24495,0.0000,1,0
24496,0.0000,1,0
24497,0.0000,1,0
24498,0.0000,1,0
24499,0.0000,1,0
24500,0.0000,1,0
24501,0.0000,1,0
24502,0.0000,1,0
24503,0.0000,1,0
24504,0.0000,1,0
24505,0.0000,1,0
24506,0.0000,1,0
24507,0.0000,1,0
24508,0.0000,1,0
24509,0.0000,1,0
24510,0.0000,1,0
24511,0.0000,1,0
24512,0.0000,1,0
24513,0.0000,1,0
24514,0.0000,1,0
24515,0.0000,1,0
24516,0.0000,1,0
24517,0.0000,1,0
24518,0.0000,1,0
24519,0.0000,1,0
24520,0.0000,1,0
24521,0.0000,1,0
24522,0.0000,1,0
24523,0.0000,1,0
24524,0.0000,1,0
24525,0.0000,1,0
24526,0.0000,1,0
24527,0.0000,1,0
24528,0.0536,0,0
24529,0.0000,1,0
24530,0.0000,1,0
24531,0.0000,1,0
24532,0.0000,1,0
24533,0.0000,1,0
24534,0.0000,1,0
24535,0.0000,1,0
24536,0.0000,1,0
24537,0.0000,1,0
24538,0.0000,1,0
24539,0.0000,1,0
24540,0.0000,1,0
24541,0.0000,1,0
24542,0.0000,1,0
24543,0.0000,1,0
24544,0.0000,1,0
24545,0.0000,1,0
24546,0.0000,1,0
24547,0.0000,1,0
24548,0.0000,1,0
24549,0.0000,1,0
24550,0.0000,1,0
24551,0.0000,1,0
24552,0.0000,1,0
24553,0.0000,1,0
24554,0.0000,1,0
24555,0.0000,1,0
24556,0.0000,1,0
24557,0.0000,1,0
24558,0.0000,1,0
24559,0.0000,1,0
24560,0.0000,1,0
24561,0.0000,1,0
24562,0.0000,1,0
24563,0.0000,1,0
24564,0.0000,1,0
24565,0.0000,1,0
24566,0.0000,1,0
24567,0.0000,1,0
24568,0.0000,1,0
24569,0.0000,1,0
24570,0.0000,1,0
24571,0.0000,1,0
24572,0.0000,1,0
24573,0.0000,1,0
24574,0.0000,1,0
24575,0.0000,1,0
24576,0.0000,1,0
24577,0.0000,1,0
24578,0.0000,1,0
24579,0.0000,1,0
24580,0.0000,1,0
24581,0.0000,1,0
24582,0.0000,1,0
24583,0.0000,1,0
24584,0.0000,1,0
24585,0.0000,1,0
24586,0.0000,1,0
24587,0.0000,1,0
24588,0.0000,1,0
24589,0.0000,1,0
24590,0.0000,1,0
24591,0.0000,1,0
24592,0.0000,1,0
24593,0.0000,1,0
24594,0.0000,1,0
24595,0.0000,1,0
24596,0.0000,1,0
24597,0.0000,1,0
24598,0.0000,1,0
24599,0.0000,1,0
24600,0.0000,1,0
24601,0.0000,1,0
24602,0.0000,1,0
24603,0.0000,1,0
24604,0.0000,1,0
24605,0.0000,1,0
24606,0.0000,1,0
24607,0.0000,1,0
24608,0.0000,1,0
24609,0.0000,1,0
24610,0.0000,1,0
24611,0.0000,1,0
24612,0.0000,1,0
24613,0.0000,1,0
24614,0.0000,1,0
24615,0.0000,1,0
24616,0.0000,1,0
24617,0.0000,1,0
24618,0.0000,1,0
24619,0.0000,1,0
24620,0.0000,1,0
24621,0.0000,1,0
24622,0.0000,1,0
24623,0.0000,1,0
24624,0.0000,1,0
24625,0.0000,1,0
24626,0.0000,1,0
24627,0.0000,1,0
24628,0.0000,1,0
24629,0.0000,1,0
24630,0.0000,1,0
24631,0.0000,1,0
24632,0.0000,1,0
24633,0.0000,1,0
24634,0.0000,1,0
24635,0.0000,1,0
24636,0.0000,1,0
24637,0.0000,1,0
24638,0.0000,1,0
24639,0.0000,1,0
24640,0.0000,1,0
24641,0.0000,1,0
24642,0.0000,1,0
24643,0.0000,1,0
24644,0.0000,1,0
24645,0.0000,1,0
24646,0.0000,1,0
24647,0.0000,1,0
24648,0.0000,1,0
24649,0.0000,1,0
24650,0.0000,1,0
24651,0.0000,1,0
24652,0.0000,1,0
24653,0.0000,1,0
24654,0.0000,1,0
24655,0.0000,1,0
24656,0.0950,0,0
24657,0.0000,1,0
24658,0.0000,1,0
24659,0.0000,1,0
24660,0.0000,1,0
24661,0.0000,1,0
24662,0.0000,1,0
24663,0.0000,1,0
24664,0.0000,1,0
24665,0.0000,1,0
24666,0.0000,1,0
24667,0.0000,1,0
24668,0.0000,1,0
24669,0.0000,1,0
24670,0.0000,1,0
24671,0.0000,1,0
24672,0.0000,1,0
24673,0.0000,1,0
24674,0.0000,1,0
24675,0.0000,1,0
24676,0.0000,1,0
24677,0.0000,1,0
24678,0.0000,1,0
24679,0.0000,1,0
24680,0.0000,1,0
24681,0.0000,1,0
24682,0.0000,1,0
24683,0.0000,1,0
24684,0.0000,1,0
24685,0.0000,1,0
24686,0.0000,1,0
24687,0.0000,1,0
24688,0.0000,1,0
24689,0.0000,1,0
24690,0.0000,1,0
24691,0.0000,1,0
24692,0.0000,1,0
24693,0.0000,1,0
24694,0.0000,1,0
24695,0.0000,1,0
24696,0.0000,1,0
24697,0.0000,1,0
24698,0.0000,1,0
24699,0.0000,1,0
24700,0.0000,1,0
24701,0.0000,1,0
24702,0.0000,1,0
24703,0.0000,1,0
24704,0.0000,1,0
24705,0.0000,1,0
24706,0.0000,1,0
24707,0.0000,1,0
24708,0.0000,1,0
24709,0.0000,1,0
24710,0.0000,1,0
24711,0.0000,1,0
24712,0.0000,1,0
24713,0.0000,1,0
24714,0.0000,1,0
24715,0.0000,1,0
24716,0.0000,1,0
24717,0.0000,1,0
24718,0.0000,1,0
24719,0.0000,1,0
24720,0.0950,0,0
24721,0.0000,1,0
24722,0.0000,1,0
24723,0.0000,1,0
24724,0.0000,1,0
24725,0.0000,1,0
24726,0.0000,1,0
24727,0.0000,1,0
24728,0.0000,1,0
24729,0.0000,1,0
24730,0.0000,1,0
24731,0.0000,1,0
24732,0.0000,1,0
24733,0.0000,1,0
24734,0.0000,1,0
24735,0.0000,1,0
24736,0.0000,1,0
24737,0.0000,1,0
24738,0.0000,1,0
24739,0.0000,1,0
24740,0.0000,1,0
24741,0.0000,1,0
24742,0.0000,1,0
24743,0.0000,1,0
24744,0.0000,1,0
24745,0.0000,1,0
24746,0.0000,1,0
24747,0.0000,1,0
24748,0.0000,1,0
24749,0.0000,1,0
24750,0.0000,1,0
24751,0.0000,1,0
24752,0.0000,1,0
24753,0.0000,1,0
24754,0.0000,1,0
24755,0.0000,1,0
24756,0.0000,1,0
24757,0.0000,1,0
24758,0.0000,1,0
24759,0.0000,1,0
24760,0.0000,1,0
24761,0.0000,1,0
24762,0.0000,1,0
24763,0.0000,1,0
24764,0.0000,1,0
24765,0.0000,1,0
24766,0.0000,1,0
24767,0.0000,1,0
24768,0.0000,1,0
24769,0.0000,1,0
24770,0.0000,1,0
24771,0.0000,1,0
24772,0.0000,1,0
24773,0.0000,1,0
24774,0.0000,1,0
24775,0.0000,1,0
24776,0.0000,1,0
24777,0.0000,1,0
24778,0.0000,1,0
24779,0.0000,1,0
24780,0.0000,1,0
24781,0.0000,1,0
24782,0.0000,1,0
24783,0.0000,1,0
24784,0.0000,1,0
24785,0.0000,1,0
24786,0.0000,1,0
24787,0.0000,1,0
24788,0.0000,1,0
24789,0.0000,1,0
24790,0.0000,1,0
24791,0.0000,1,0
24792,0.0000,1,0
24793,0.0000,1,0
24794,0.0000,1,0
24795,0.0000,1,0
24796,0.0000,1,0
24797,0.0000,1,0
24798,0.0000,1,0
24799,0.0000,1,0
24800,0.0000,1,0
24801,0.0000,1,0
24802,0.0000,1,0
24803,0.0000,1,0
24804,0.0000,1,0
24805,0.0000,1,0
24806,0.0000,1,0
24807,0.0000,1,0
24808,0.0000,1,0
24809,0.0000,1,0
24810,0.0000,1,0
24811,0.0000,1,0
24812,0.0000,1,0
24813,0.0000,1,0
24814,0.0000,1,0
24815,0.0000,1,0
24816,0.0000,1,0
24817,0.0000,1,0
24818,0.0000,1,0
24819,0.0000,1,0
24820,0.0000,1,0
24821,0.0000,1,0
24822,0.0000,1,0
24823,0.0000,1,0
24824,0.0000,1,0
24825,0.0000,1,0
24826,0.0000,1,0
24827,0.0000,1,0
24828,0.0000,1,0
24829,0.0000,1,0
24830,0.0000,1,0
24831,0.0000,1,0
24832,0.0000,1,0
24833,0.0000,1,0
24834,0.0000,1,0
24835,0.0000,1,0
24836,0.0000,1,0
24837,0.0000,1,0
24838,0.0000,1,0
24839,0.0000,1,0
24840,0.0000,1,0
24841,0.0000,1,0
24842,0.0000,1,0
24843,0.0000,1,0
24844,0.0000,1,0
24845,0.0000,1,0
24846,0.0000,1,0
24847,0.0000,1,0
24848,0.0000,1,0
24849,0.0000,1,0
24850,0.0000,1,0
24851,0.0000,1,0
24852,0.0000,1,0
24853,0.0000,1,0
24854,0.0000,1,0
24855,0.0000,1,0
24856,0.0000,1,0
24857,0.0000,1,0
24858,0.0000,1,0
24859,0.0000,1,0
24860,0.0000,1,0
24861,0.0000,1,0
24862,0.0000,1,0
24863,0.0000,1,0
24864,0.0000,1,0
24865,0.0000,1,0
24866,0.0000,1,0
24867,0.0000,1,0
24868,0.0000,1,0
24869,0.0000,1,0
24870,0.0000,1,0
24871,0.0000,1,0
24872,0.0000,1,0
24873,0.0000,1,0
24874,0.0000,1,0
24875,0.0000,1,0
24876,0.0000,1,0
24877,0.0000,1,0
24878,0.0000,1,0
24879,0.0000,1,0
24880,0.0000,1,0
24881,0.0000,1,0
24882,0.0000,1,0
24883,0.0000,1,0
24884,0.0000,1,0
24885,0.0000,1,0
24886,0.0000,1,0
24887,0.0000,1,0
24888,0.0000,1,0
24889,0.0000,1,0
24890,0.0000,1,0
24891,0.0000,1,0
24892,0.0000,1,0
24893,0.0000,1,0
24894,0.0000,1,0
24895,0.0000,1,0
24896,0.0000,1,0
24897,0.0000,1,0
24898,0.0000,1,0
24899,0.0000,1,0
24900,0.0000,1,0
24901,0.0000,1,0
24902,0.0000,1,0
24903,0.0000,1,0
24904,0.0000,1,0
24905,0.0000,1,0
24906,0.0000,1,0
24907,0.0000,1,0
24908,0.0000,1,0
24909,0.0000,1,0
24910,0.0000,1,0
24911,0.0000,1,0
24912,0.0000,1,0
24913,0.0000,1,0
24914,0.0000,1,0
24915,0.0000,1,0
24916,0.0000,1,0
24917,0.0000,1,0
24918,0.0000,1,0
24919,0.0000,1,0
24920,0.0000,1,0
24921,0.0000,1,0
24922,0.0000,1,0
24923,0.0000,1,0
24924,0.0000,1,0
24925,0.0000,1,0
24926,0.0000,1,0
24927,0.0000,1,0
24928,0.0000,1,0
24929,0.0000,1,0
24930,0.0000,1,0
24931,0.0000,1,0
24932,0.0000,1,0
24933,0.0000,1,0
24934,0.0000,1,0
24935,0.0000,1,0
24936,0.0000,1,0
24937,0.0000,1,0
24938,0.0000,1,0
24939,0.0000,1,0
24940,0.0000,1,0
24941,0.0000,1,0
24942,0.0000,1,0
24943,0.0000,1,0
24944,0.0000,1,0
24945,0.0000,1,0
24946,0.0000,1,0
24947,0.0000,1,0
24948,0.0000,1,0
24949,0.0000,1,0
24950,0.0000,1,0
24951,0.0000,1,0
24952,0.0000,1,0
24953,0.0000,1,0
24954,0.0000,1,0
24955,0.0000,1,0
24956,0.0000,1,0
24957,0.0000,1,0
24958,0.0000,1,0
24959,0.0000,1,0
24960,0.0000,1,0
24961,0.0000,1,0
24962,0.0000,1,0
24963,0.0000,1,0
24964,0.0000,1,0
24965,0.0000,1,0
24966,0.0000,1,0
24967,0.0000,1,0
24968,0.0000,1,0
24969,0.0000,1,0
24970,0.0000,1,0
24971,0.0000,1,0
24972,0.0000,1,0
24973,0.0000,1,0
24974,0.0000,1,0
24975,0.0000,1,0
24976,0.0000,1,0
24977,0.0000,1,0
24978,0.0000,1,0
24979,0.0000,1,0
24980,0.0000,1,0
24981,0.0000,1,0
24982,0.0000,1,0
24983,0.0000,1,0
24984,0.0000,1,0
24985,0.0000,1,0
24986,0.0000,1,0
24987,0.0000,1,0
24988,0.0000,1,0
24989,0.0000,1,0
24990,0.0000,1,0
24991,0.0000,1,0
24992,0.0000,1,0
24993,0.0000,1,0
24994,0.0000,1,0
24995,0.0000,1,0
24996,0.0000,1,0
24997,0.0000,1,0
24998,0.0000,1,0
24999,0.0000,1,0
25000,0.0000,1,0
25001,0.0000,1,0
25002,0.0000,1,0
25003,0.0000,1,0
25004,0.0000,1,0
25005,0.0000,1,0
25006,0.0000,1,0
25007,0.0000,1,0
25008,0.0000,1,0
25009,0.0000,1,0
25010,0.0000,1,0
25011,0.0000,1,0
25012,0.0000,1,0
25013,0.0000,1,0
25014,0.0000,1,0
25015,0.0000,1,0
25016,0.0000,1,0
25017,0.0000,1,0
25018,0.0000,1,0
25019,0.0000,1,0
25020,0.0000,1,0
25021,0.0000,1,0
25022,0.0000,1,0
25023,0.0000,1,0
25024,0.0000,1,0
25025,0.0000,1,0
25026,0.0000,1,0
25027,0.0000,1,0
25028,0.0000,1,0
25029,0.0000,1,0
25030,0.0000,1,0
25031,0.0000,1,0
25032,0.0000,1,0
25033,0.0000,1,0
25034,0.0000,1,0
25035,0.0000,1,0
25036,0.0000,1,0
25037,0.0000,1,0
25038,0.0000,1,0
25039,0.0000,1,0
25040,0.0000,1,0
25041,0.0000,1,0
25042,0.0000,1,0
25043,0.0000,1,0
25044,0.0000,1,0
25045,0.0000,1,0
25046,0.0000,1,0
25047,0.0000,1,0
25048,0.0000,1,0
25049,0.0000,1,0
25050,0.0000,1,0
25051,0.0000,1,0
25052,0.0000,1,0
25053,0.0000,1,0
25054,0.0000,1,0
25055,0.0000,1,0
25056,0.0000,1,0
25057,0.0000,1,0
25058,0.0000,1,0
25059,0.0000,1,0
25060,0.0000,1,0
25061,0.0000,1,0
25062,0.0000,1,0
25063,0.0000,1,0
25064,0.0000,1,0
25065,0.0000,1,0
25066,0.0000,1,0
25067,0.0000,1,0
25068,0.0000,1,0
25069,0.0000,1,0
25070,0.0000,1,0
25071,0.0000,1,0
25072,0.0000,1,0
25073,0.0000,1,0
25074,0.0000,1,0
25075,0.0000,1,0
25076,0.0000,1,0
25077,0.0000,1,0
25078,0.0000,1,0
25079,0.0000,1,0
25080,0.0000,1,0
25081,0.0000,1,0
25082,0.0000,1,0
25083,0.0000,1,0
25084,0.0000,1,0
25085,0.0000,1,0
25086,0.0000,1,0
25087,0.0000,1,0
25088,0.0000,1,0
25089,0.0000,1,0
25090,0.0000,1,0
25091,0.0000,1,0
25092,0.0000,1,0
25093,0.0000,1,0
25094,0.0000,1,0
25095,0.0000,1,0
25096,0.0000,1,0
25097,0.0000,1,0
25098,0.0000,1,0
25099,0.0000,1,0
25100,0.0000,1,0
25101,0.0000,1,0
25102,0.0000,1,0
25103,0.0000,1,0
25104,0.0000,1,0
25105,0.0000,1,0
25106,0.0000,1,0
25107,0.0000,1,0
25108,0.0000,1,0
25109,0.0000,1,0
25110,0.0000,1,0
25111,0.0000,1,0
25112,0.0000,1,0
25113,0.0000,1,0
25114,0.0000,1,0
25115,0.0000,1,0
25116,0.0000,1,0
25117,0.0000,1,0
25118,0.0000,1,0
25119,0.0000,1,0
25120,0.0000,1,0
25121,0.0000,1,0
25122,0.0000,1,0
25123,0.0000,1,0
25124,0.0000,1,0
25125,0.0000,1,0
25126,0.0000,1,0
25127,0.0000,1,0
25128,0.0000,1,0
25129,0.0000,1,0
25130,0.0000,1,0
25131,0.0000,1,0
25132,0.0000,1,0
25133,0.0000,1,0
25134,0.0000,1,0
25135,0.0000,1,0
25136,0.0000,1,0
25137,0.0000,1,0
25138,0.0000,1,0
25139,0.0000,1,0
25140,0.0000,1,0
25141,0.0000,1,0
25142,0.0000,1,0
25143,0.0000,1,0
25144,0.0000,1,0
25145,0.0000,1,0
25146,0.0000,1,0
25147,0.0000,1,0
25148,0.0000,1,0
25149,0.0000,1,0
25150,0.0000,1,0
25151,0.0000,1,0
25152,0.0000,1,0
25153,0.0000,1,0
25154,0.0000,1,0
25155,0.0000,1,0
25156,0.0000,1,0
25157,0.0000,1,0
25158,0.0000,1,0
25159,0.0000,1,0
25160,0.0000,1,0
25161,0.0000,1,0
25162,0.0000,1,0
25163,0.0000,1,0
25164,0.0000,1,0
25165,0.0000,1,0
25166,0.0000,1,0
25167,0.0000,1,0
25168,0.0000,1,0
25169,0.0000,1,0
